2026-01-22 19:03:49.236 [main] INFO  h.j.e.app.MainConsoleLauncher - APLIKACIJA POKRENUTA
2026-01-23 01:51:48.885 [main] INFO  h.j.e.app.MainConsoleLauncher - APLIKACIJA POKRENUTA
2026-01-23 01:54:33.068 [main] INFO  h.j.e.app.MainConsoleLauncher - APLIKACIJA POKRENUTA
2026-01-23 02:02:13.092 [main] INFO  h.j.e.app.MainConsoleLauncher - APLIKACIJA POKRENUTA
2026-01-24 04:43:17.840 [main] INFO  h.j.e.app.MainConsoleLauncher - APLIKACIJA POKRENUTA
2026-01-24 04:45:18.262 [main] INFO  h.j.e.app.MainConsoleLauncher - APLIKACIJA POKRENUTA
2026-01-24 04:49:19.653 [main] INFO  h.j.e.app.MainConsoleLauncher - APLIKACIJA POKRENUTA
2026-01-24 05:11:40.504 [main] INFO  h.j.e.app.MainConsoleLauncher - APLIKACIJA POKRENUTA
2026-01-24 05:11:49.810 [main] WARN  h.j.e.app.MainConsoleLauncher - Neispravan unos datuma: a
2026-01-25 03:16:50.533 [main] INFO  h.j.e.app.MainConsoleLauncher - APLIKACIJA POKRENUTA
2026-01-25 03:17:19.864 [main] WARN  h.j.e.app.MainConsoleLauncher - Neispravan unos datuma: 43234
2026-01-25 16:54:25.147 [main] INFO  h.j.e.app.MainConsoleLauncher - APLIKACIJA POKRENUTA
2026-01-25 17:47:14.488 [main] INFO  h.j.e.app.MainConsoleLauncher - APLIKACIJA POKRENUTA
2026-01-25 17:48:39.255 [main] INFO  h.j.e.app.MainConsoleLauncher - APLIKACIJA POKRENUTA
2026-01-25 18:20:35.316 [main] INFO  h.j.e.app.MainConsoleLauncher - APLIKACIJA POKRENUTA
2026-01-25 18:43:33.257 [main] INFO  h.j.e.app.MainConsoleLauncher - APLIKACIJA POKRENUTA
2026-01-25 18:44:31.148 [main] INFO  h.j.e.app.MainConsoleLauncher - APLIKACIJA POKRENUTA
2026-01-25 21:21:40.876 [main] INFO  h.j.e.app.MainConsoleLauncher - APLIKACIJA POKRENUTA
2026-01-25 21:34:36.401 [main] INFO  h.j.e.app.MainConsoleLauncher - APLIKACIJA POKRENUTA
2026-01-25 21:35:48.137 [main] INFO  h.j.e.app.MainConsoleLauncher - APLIKACIJA POKRENUTA
2026-01-25 21:37:43.189 [main] INFO  h.j.e.app.MainConsoleLauncher - APLIKACIJA POKRENUTA
2026-01-27 04:10:06.627 [main] INFO  h.j.e.app.MainConsoleLauncher - APLIKACIJA POKRENUTA
2026-01-27 04:11:03.935 [main] INFO  h.j.e.app.MainConsoleLauncher - APLIKACIJA POKRENUTA
2026-01-27 04:35:04.498 [main] INFO  h.j.e.app.MainConsoleLauncher - APLIKACIJA POKRENUTA
2026-01-27 04:35:04.563 [main] ERROR h.j.e.app.MainConsoleLauncher - Greška pri učitavanju uređaja
jakarta.json.bind.JsonbException: Cannot create instance of a class: class java.util.AbstractList, No default constructor found.
	at org.eclipse.yasson@3.0.3/org.eclipse.yasson.internal.ReflectionUtils.lambda$getDefaultConstructor$1(ReflectionUtils.java:300)
	at java.base/java.security.AccessController.doPrivileged(AccessController.java:74)
	at org.eclipse.yasson@3.0.3/org.eclipse.yasson.internal.ReflectionUtils.getDefaultConstructor(ReflectionUtils.java:291)
	at org.eclipse.yasson@3.0.3/org.eclipse.yasson.internal.InstanceCreator.createInstance(InstanceCreator.java:58)
	at org.eclipse.yasson@3.0.3/org.eclipse.yasson.internal.deserializer.CollectionInstanceCreator.deserialize(CollectionInstanceCreator.java:58)
	at org.eclipse.yasson@3.0.3/org.eclipse.yasson.internal.deserializer.CollectionInstanceCreator.deserialize(CollectionInstanceCreator.java:37)
	at org.eclipse.yasson@3.0.3/org.eclipse.yasson.internal.deserializer.PositionChecker.deserialize(PositionChecker.java:85)
	at org.eclipse.yasson@3.0.3/org.eclipse.yasson.internal.deserializer.PositionChecker.deserialize(PositionChecker.java:34)
	at org.eclipse.yasson@3.0.3/org.eclipse.yasson.internal.deserializer.NullCheckDeserializer.deserialize(NullCheckDeserializer.java:46)
	at org.eclipse.yasson@3.0.3/org.eclipse.yasson.internal.deserializer.NullCheckDeserializer.deserialize(NullCheckDeserializer.java:26)
	at org.eclipse.yasson@3.0.3/org.eclipse.yasson.internal.DeserializationContextImpl.deserializeItem(DeserializationContextImpl.java:138)
	at org.eclipse.yasson@3.0.3/org.eclipse.yasson.internal.DeserializationContextImpl.deserialize(DeserializationContextImpl.java:127)
	at org.eclipse.yasson@3.0.3/org.eclipse.yasson.internal.JsonBinding.deserialize(JsonBinding.java:55)
	at org.eclipse.yasson@3.0.3/org.eclipse.yasson.internal.JsonBinding.fromJson(JsonBinding.java:70)
	at hr.javafx.energycms/hr.javafx.energycms.repository.JsonRepository.loadDevices(JsonRepository.java:43)
	at hr.javafx.energycms/hr.javafx.energycms.app.MainConsoleLauncher.runApp(MainConsoleLauncher.java:33)
	at hr.javafx.energycms/hr.javafx.energycms.app.Main.main(Main.java:6)
Caused by: java.lang.reflect.InaccessibleObjectException: Unable to make protected java.util.AbstractList() accessible: module java.base does not "opens java.util" to module org.eclipse.yasson
	at java.base/java.lang.reflect.AccessibleObject.throwInaccessibleObjectException(AccessibleObject.java:353)
	at java.base/java.lang.reflect.AccessibleObject.checkCanSetAccessible(AccessibleObject.java:329)
	at java.base/java.lang.reflect.AccessibleObject.checkCanSetAccessible(AccessibleObject.java:277)
	at java.base/java.lang.reflect.Constructor.checkCanSetAccessible(Constructor.java:192)
	at java.base/java.lang.reflect.Constructor.setAccessible(Constructor.java:185)
	at org.eclipse.yasson@3.0.3/org.eclipse.yasson.internal.ReflectionUtils.lambda$getDefaultConstructor$1(ReflectionUtils.java:295)
	... 16 common frames omitted
2026-01-27 04:35:28.642 [main] INFO  h.j.e.app.MainConsoleLauncher - APLIKACIJA POKRENUTA
2026-01-27 04:35:55.180 [main] INFO  h.j.e.app.MainConsoleLauncher - APLIKACIJA POKRENUTA
2026-01-27 04:35:55.231 [main] ERROR h.j.e.app.MainConsoleLauncher - Greška pri učitavanju uređaja
jakarta.json.bind.JsonbException: Cannot create instance of a class: class java.util.AbstractList, No default constructor found.
	at org.eclipse.yasson@3.0.3/org.eclipse.yasson.internal.ReflectionUtils.lambda$getDefaultConstructor$1(ReflectionUtils.java:300)
	at java.base/java.security.AccessController.doPrivileged(AccessController.java:74)
	at org.eclipse.yasson@3.0.3/org.eclipse.yasson.internal.ReflectionUtils.getDefaultConstructor(ReflectionUtils.java:291)
	at org.eclipse.yasson@3.0.3/org.eclipse.yasson.internal.InstanceCreator.createInstance(InstanceCreator.java:58)
	at org.eclipse.yasson@3.0.3/org.eclipse.yasson.internal.deserializer.CollectionInstanceCreator.deserialize(CollectionInstanceCreator.java:58)
	at org.eclipse.yasson@3.0.3/org.eclipse.yasson.internal.deserializer.CollectionInstanceCreator.deserialize(CollectionInstanceCreator.java:37)
	at org.eclipse.yasson@3.0.3/org.eclipse.yasson.internal.deserializer.PositionChecker.deserialize(PositionChecker.java:85)
	at org.eclipse.yasson@3.0.3/org.eclipse.yasson.internal.deserializer.PositionChecker.deserialize(PositionChecker.java:34)
	at org.eclipse.yasson@3.0.3/org.eclipse.yasson.internal.deserializer.NullCheckDeserializer.deserialize(NullCheckDeserializer.java:46)
	at org.eclipse.yasson@3.0.3/org.eclipse.yasson.internal.deserializer.NullCheckDeserializer.deserialize(NullCheckDeserializer.java:26)
	at org.eclipse.yasson@3.0.3/org.eclipse.yasson.internal.DeserializationContextImpl.deserializeItem(DeserializationContextImpl.java:138)
	at org.eclipse.yasson@3.0.3/org.eclipse.yasson.internal.DeserializationContextImpl.deserialize(DeserializationContextImpl.java:127)
	at org.eclipse.yasson@3.0.3/org.eclipse.yasson.internal.JsonBinding.deserialize(JsonBinding.java:55)
	at org.eclipse.yasson@3.0.3/org.eclipse.yasson.internal.JsonBinding.fromJson(JsonBinding.java:70)
	at hr.javafx.energycms/hr.javafx.energycms.repository.JsonRepository.loadDevices(JsonRepository.java:43)
	at hr.javafx.energycms/hr.javafx.energycms.app.MainConsoleLauncher.runApp(MainConsoleLauncher.java:33)
	at hr.javafx.energycms/hr.javafx.energycms.app.Main.main(Main.java:6)
Caused by: java.lang.reflect.InaccessibleObjectException: Unable to make protected java.util.AbstractList() accessible: module java.base does not "opens java.util" to module org.eclipse.yasson
	at java.base/java.lang.reflect.AccessibleObject.throwInaccessibleObjectException(AccessibleObject.java:353)
	at java.base/java.lang.reflect.AccessibleObject.checkCanSetAccessible(AccessibleObject.java:329)
	at java.base/java.lang.reflect.AccessibleObject.checkCanSetAccessible(AccessibleObject.java:277)
	at java.base/java.lang.reflect.Constructor.checkCanSetAccessible(Constructor.java:192)
	at java.base/java.lang.reflect.Constructor.setAccessible(Constructor.java:185)
	at org.eclipse.yasson@3.0.3/org.eclipse.yasson.internal.ReflectionUtils.lambda$getDefaultConstructor$1(ReflectionUtils.java:295)
	... 16 common frames omitted
2026-01-27 04:37:59.395 [main] INFO  h.j.e.app.MainConsoleLauncher - APLIKACIJA POKRENUTA
2026-01-27 04:37:59.464 [main] ERROR h.j.e.app.MainConsoleLauncher - Greška pri učitavanju uređaja
jakarta.json.bind.JsonbException: Can't create instance
	at org.eclipse.yasson@3.0.3/org.eclipse.yasson.internal.ReflectionUtils.createNoArgConstructorInstance(ReflectionUtils.java:276)
	at org.eclipse.yasson@3.0.3/org.eclipse.yasson.internal.deserializer.DefaultObjectInstanceCreator.deserialize(DefaultObjectInstanceCreator.java:55)
	at org.eclipse.yasson@3.0.3/org.eclipse.yasson.internal.deserializer.DefaultObjectInstanceCreator.deserialize(DefaultObjectInstanceCreator.java:29)
	at org.eclipse.yasson@3.0.3/org.eclipse.yasson.internal.deserializer.PositionChecker.deserialize(PositionChecker.java:85)
	at org.eclipse.yasson@3.0.3/org.eclipse.yasson.internal.deserializer.PositionChecker.deserialize(PositionChecker.java:34)
	at org.eclipse.yasson@3.0.3/org.eclipse.yasson.internal.deserializer.NullCheckDeserializer.deserialize(NullCheckDeserializer.java:46)
	at org.eclipse.yasson@3.0.3/org.eclipse.yasson.internal.deserializer.NullCheckDeserializer.deserialize(NullCheckDeserializer.java:26)
	at org.eclipse.yasson@3.0.3/org.eclipse.yasson.internal.deserializer.ContextSwitcher.deserialize(ContextSwitcher.java:36)
	at org.eclipse.yasson@3.0.3/org.eclipse.yasson.internal.deserializer.ContextSwitcher.deserialize(ContextSwitcher.java:22)
	at org.eclipse.yasson@3.0.3/org.eclipse.yasson.internal.deserializer.ArrayDeserializer.deserialize(ArrayDeserializer.java:49)
	at org.eclipse.yasson@3.0.3/org.eclipse.yasson.internal.deserializer.ArrayDeserializer.deserialize(ArrayDeserializer.java:26)
	at org.eclipse.yasson@3.0.3/org.eclipse.yasson.internal.deserializer.ArrayInstanceCreator.deserialize(ArrayInstanceCreator.java:68)
	at org.eclipse.yasson@3.0.3/org.eclipse.yasson.internal.deserializer.ArrayInstanceCreator$ObjectArrayCreator.deserialize(ArrayInstanceCreator.java:226)
	at org.eclipse.yasson@3.0.3/org.eclipse.yasson.internal.deserializer.PositionChecker.deserialize(PositionChecker.java:85)
	at org.eclipse.yasson@3.0.3/org.eclipse.yasson.internal.deserializer.PositionChecker.deserialize(PositionChecker.java:34)
	at org.eclipse.yasson@3.0.3/org.eclipse.yasson.internal.deserializer.NullCheckDeserializer.deserialize(NullCheckDeserializer.java:46)
	at org.eclipse.yasson@3.0.3/org.eclipse.yasson.internal.deserializer.NullCheckDeserializer.deserialize(NullCheckDeserializer.java:26)
	at org.eclipse.yasson@3.0.3/org.eclipse.yasson.internal.DeserializationContextImpl.deserializeItem(DeserializationContextImpl.java:138)
	at org.eclipse.yasson@3.0.3/org.eclipse.yasson.internal.DeserializationContextImpl.deserialize(DeserializationContextImpl.java:127)
	at org.eclipse.yasson@3.0.3/org.eclipse.yasson.internal.JsonBinding.deserialize(JsonBinding.java:55)
	at org.eclipse.yasson@3.0.3/org.eclipse.yasson.internal.JsonBinding.fromJson(JsonBinding.java:62)
	at hr.javafx.energycms/hr.javafx.energycms.repository.JsonRepository.loadDevices(JsonRepository.java:44)
	at hr.javafx.energycms/hr.javafx.energycms.app.MainConsoleLauncher.runApp(MainConsoleLauncher.java:33)
	at hr.javafx.energycms/hr.javafx.energycms.app.Main.main(Main.java:6)
Caused by: java.lang.InstantiationException: null
	at java.base/jdk.internal.reflect.InstantiationExceptionConstructorAccessorImpl.newInstance(InstantiationExceptionConstructorAccessorImpl.java:48)
	at java.base/java.lang.reflect.Constructor.newInstanceWithCaller(Constructor.java:499)
	at java.base/java.lang.reflect.Constructor.newInstance(Constructor.java:483)
	at org.eclipse.yasson@3.0.3/org.eclipse.yasson.internal.ReflectionUtils.createNoArgConstructorInstance(ReflectionUtils.java:274)
	... 23 common frames omitted
2026-01-27 04:44:01.895 [main] INFO  h.j.e.app.MainConsoleLauncher - APLIKACIJA POKRENUTA
2026-01-27 04:44:01.955 [main] ERROR h.j.e.app.MainConsoleLauncher - Greška pri učitavanju uređaja
jakarta.json.bind.JsonbException: Can't create instance
	at org.eclipse.yasson@3.0.3/org.eclipse.yasson.internal.ReflectionUtils.createNoArgConstructorInstance(ReflectionUtils.java:276)
	at org.eclipse.yasson@3.0.3/org.eclipse.yasson.internal.deserializer.DefaultObjectInstanceCreator.deserialize(DefaultObjectInstanceCreator.java:55)
	at org.eclipse.yasson@3.0.3/org.eclipse.yasson.internal.deserializer.DefaultObjectInstanceCreator.deserialize(DefaultObjectInstanceCreator.java:29)
	at org.eclipse.yasson@3.0.3/org.eclipse.yasson.internal.deserializer.PositionChecker.deserialize(PositionChecker.java:85)
	at org.eclipse.yasson@3.0.3/org.eclipse.yasson.internal.deserializer.PositionChecker.deserialize(PositionChecker.java:34)
	at org.eclipse.yasson@3.0.3/org.eclipse.yasson.internal.deserializer.NullCheckDeserializer.deserialize(NullCheckDeserializer.java:46)
	at org.eclipse.yasson@3.0.3/org.eclipse.yasson.internal.deserializer.NullCheckDeserializer.deserialize(NullCheckDeserializer.java:26)
	at org.eclipse.yasson@3.0.3/org.eclipse.yasson.internal.deserializer.ContextSwitcher.deserialize(ContextSwitcher.java:36)
	at org.eclipse.yasson@3.0.3/org.eclipse.yasson.internal.deserializer.ContextSwitcher.deserialize(ContextSwitcher.java:22)
	at org.eclipse.yasson@3.0.3/org.eclipse.yasson.internal.deserializer.ArrayDeserializer.deserialize(ArrayDeserializer.java:49)
	at org.eclipse.yasson@3.0.3/org.eclipse.yasson.internal.deserializer.ArrayDeserializer.deserialize(ArrayDeserializer.java:26)
	at org.eclipse.yasson@3.0.3/org.eclipse.yasson.internal.deserializer.ArrayInstanceCreator.deserialize(ArrayInstanceCreator.java:68)
	at org.eclipse.yasson@3.0.3/org.eclipse.yasson.internal.deserializer.ArrayInstanceCreator$ObjectArrayCreator.deserialize(ArrayInstanceCreator.java:226)
	at org.eclipse.yasson@3.0.3/org.eclipse.yasson.internal.deserializer.PositionChecker.deserialize(PositionChecker.java:85)
	at org.eclipse.yasson@3.0.3/org.eclipse.yasson.internal.deserializer.PositionChecker.deserialize(PositionChecker.java:34)
	at org.eclipse.yasson@3.0.3/org.eclipse.yasson.internal.deserializer.NullCheckDeserializer.deserialize(NullCheckDeserializer.java:46)
	at org.eclipse.yasson@3.0.3/org.eclipse.yasson.internal.deserializer.NullCheckDeserializer.deserialize(NullCheckDeserializer.java:26)
	at org.eclipse.yasson@3.0.3/org.eclipse.yasson.internal.DeserializationContextImpl.deserializeItem(DeserializationContextImpl.java:138)
	at org.eclipse.yasson@3.0.3/org.eclipse.yasson.internal.DeserializationContextImpl.deserialize(DeserializationContextImpl.java:127)
	at org.eclipse.yasson@3.0.3/org.eclipse.yasson.internal.JsonBinding.deserialize(JsonBinding.java:55)
	at org.eclipse.yasson@3.0.3/org.eclipse.yasson.internal.JsonBinding.fromJson(JsonBinding.java:62)
	at hr.javafx.energycms/hr.javafx.energycms.repository.JsonRepository.loadDevices(JsonRepository.java:44)
	at hr.javafx.energycms/hr.javafx.energycms.app.MainConsoleLauncher.runApp(MainConsoleLauncher.java:33)
	at hr.javafx.energycms/hr.javafx.energycms.app.Main.main(Main.java:6)
Caused by: java.lang.InstantiationException: null
	at java.base/jdk.internal.reflect.InstantiationExceptionConstructorAccessorImpl.newInstance(InstantiationExceptionConstructorAccessorImpl.java:48)
	at java.base/java.lang.reflect.Constructor.newInstanceWithCaller(Constructor.java:499)
	at java.base/java.lang.reflect.Constructor.newInstance(Constructor.java:483)
	at org.eclipse.yasson@3.0.3/org.eclipse.yasson.internal.ReflectionUtils.createNoArgConstructorInstance(ReflectionUtils.java:274)
	... 23 common frames omitted
2026-01-27 04:52:20.485 [main] INFO  h.j.e.app.MainConsoleLauncher - APLIKACIJA POKRENUTA
2026-01-27 04:52:20.564 [main] ERROR h.j.e.app.MainConsoleLauncher - Greška pri učitavanju uređaja
jakarta.json.bind.JsonbException: Internal error: No enum constant hr.javafx.energycms.entities.enums.DeviceType.HOUSE_APPLIANCES
	at org.eclipse.yasson@3.0.3/org.eclipse.yasson.internal.DeserializationContextImpl.deserializeItem(DeserializationContextImpl.java:142)
	at org.eclipse.yasson@3.0.3/org.eclipse.yasson.internal.DeserializationContextImpl.deserialize(DeserializationContextImpl.java:127)
	at org.eclipse.yasson@3.0.3/org.eclipse.yasson.internal.JsonBinding.deserialize(JsonBinding.java:55)
	at org.eclipse.yasson@3.0.3/org.eclipse.yasson.internal.JsonBinding.fromJson(JsonBinding.java:62)
	at hr.javafx.energycms/hr.javafx.energycms.repository.JsonRepository.loadDevices(JsonRepository.java:44)
	at hr.javafx.energycms/hr.javafx.energycms.app.MainConsoleLauncher.runApp(MainConsoleLauncher.java:33)
	at hr.javafx.energycms/hr.javafx.energycms.app.Main.main(Main.java:6)
Caused by: java.lang.IllegalArgumentException: No enum constant hr.javafx.energycms.entities.enums.DeviceType.HOUSE_APPLIANCES
	at java.base/java.lang.Enum.valueOf(Enum.java:293)
	at org.eclipse.yasson@3.0.3/org.eclipse.yasson.internal.deserializer.types.EnumDeserializer.deserializeStringValue(EnumDeserializer.java:31)
	at org.eclipse.yasson@3.0.3/org.eclipse.yasson.internal.deserializer.types.TypeDeserializer.deserialize(TypeDeserializer.java:37)
	at org.eclipse.yasson@3.0.3/org.eclipse.yasson.internal.deserializer.ValueExtractor.deserialize(ValueExtractor.java:47)
	at org.eclipse.yasson@3.0.3/org.eclipse.yasson.internal.deserializer.ValueExtractor.deserialize(ValueExtractor.java:24)
	at org.eclipse.yasson@3.0.3/org.eclipse.yasson.internal.deserializer.PositionChecker.deserialize(PositionChecker.java:85)
	at org.eclipse.yasson@3.0.3/org.eclipse.yasson.internal.deserializer.PositionChecker.deserialize(PositionChecker.java:34)
	at org.eclipse.yasson@3.0.3/org.eclipse.yasson.internal.deserializer.NullCheckDeserializer.deserialize(NullCheckDeserializer.java:46)
	at org.eclipse.yasson@3.0.3/org.eclipse.yasson.internal.deserializer.NullCheckDeserializer.deserialize(NullCheckDeserializer.java:26)
	at org.eclipse.yasson@3.0.3/org.eclipse.yasson.internal.deserializer.ObjectDeserializer.deserialize(ObjectDeserializer.java:78)
	at org.eclipse.yasson@3.0.3/org.eclipse.yasson.internal.deserializer.ObjectDeserializer.deserialize(ObjectDeserializer.java:31)
	at org.eclipse.yasson@3.0.3/org.eclipse.yasson.internal.deserializer.DefaultObjectInstanceCreator.deserialize(DefaultObjectInstanceCreator.java:57)
	at org.eclipse.yasson@3.0.3/org.eclipse.yasson.internal.deserializer.DefaultObjectInstanceCreator.deserialize(DefaultObjectInstanceCreator.java:29)
	at org.eclipse.yasson@3.0.3/org.eclipse.yasson.internal.deserializer.PositionChecker.deserialize(PositionChecker.java:85)
	at org.eclipse.yasson@3.0.3/org.eclipse.yasson.internal.deserializer.PositionChecker.deserialize(PositionChecker.java:34)
	at org.eclipse.yasson@3.0.3/org.eclipse.yasson.internal.deserializer.NullCheckDeserializer.deserialize(NullCheckDeserializer.java:46)
	at org.eclipse.yasson@3.0.3/org.eclipse.yasson.internal.deserializer.NullCheckDeserializer.deserialize(NullCheckDeserializer.java:26)
	at org.eclipse.yasson@3.0.3/org.eclipse.yasson.internal.deserializer.InheritanceInstanceCreator.deserialize(InheritanceInstanceCreator.java:72)
	at org.eclipse.yasson@3.0.3/org.eclipse.yasson.internal.deserializer.InheritanceInstanceCreator.deserialize(InheritanceInstanceCreator.java:31)
	at org.eclipse.yasson@3.0.3/org.eclipse.yasson.internal.deserializer.PositionChecker.deserialize(PositionChecker.java:85)
	at org.eclipse.yasson@3.0.3/org.eclipse.yasson.internal.deserializer.PositionChecker.deserialize(PositionChecker.java:34)
	at org.eclipse.yasson@3.0.3/org.eclipse.yasson.internal.deserializer.NullCheckDeserializer.deserialize(NullCheckDeserializer.java:46)
	at org.eclipse.yasson@3.0.3/org.eclipse.yasson.internal.deserializer.NullCheckDeserializer.deserialize(NullCheckDeserializer.java:26)
	at org.eclipse.yasson@3.0.3/org.eclipse.yasson.internal.deserializer.ContextSwitcher.deserialize(ContextSwitcher.java:36)
	at org.eclipse.yasson@3.0.3/org.eclipse.yasson.internal.deserializer.ContextSwitcher.deserialize(ContextSwitcher.java:22)
	at org.eclipse.yasson@3.0.3/org.eclipse.yasson.internal.deserializer.ArrayDeserializer.deserialize(ArrayDeserializer.java:49)
	at org.eclipse.yasson@3.0.3/org.eclipse.yasson.internal.deserializer.ArrayDeserializer.deserialize(ArrayDeserializer.java:26)
	at org.eclipse.yasson@3.0.3/org.eclipse.yasson.internal.deserializer.ArrayInstanceCreator.deserialize(ArrayInstanceCreator.java:68)
	at org.eclipse.yasson@3.0.3/org.eclipse.yasson.internal.deserializer.ArrayInstanceCreator$ObjectArrayCreator.deserialize(ArrayInstanceCreator.java:226)
	at org.eclipse.yasson@3.0.3/org.eclipse.yasson.internal.deserializer.PositionChecker.deserialize(PositionChecker.java:85)
	at org.eclipse.yasson@3.0.3/org.eclipse.yasson.internal.deserializer.PositionChecker.deserialize(PositionChecker.java:34)
	at org.eclipse.yasson@3.0.3/org.eclipse.yasson.internal.deserializer.NullCheckDeserializer.deserialize(NullCheckDeserializer.java:46)
	at org.eclipse.yasson@3.0.3/org.eclipse.yasson.internal.deserializer.NullCheckDeserializer.deserialize(NullCheckDeserializer.java:26)
	at org.eclipse.yasson@3.0.3/org.eclipse.yasson.internal.DeserializationContextImpl.deserializeItem(DeserializationContextImpl.java:138)
	... 6 common frames omitted
2026-01-27 04:57:52.067 [main] INFO  h.j.e.app.MainConsoleLauncher - APLIKACIJA POKRENUTA
2026-01-27 04:57:52.173 [main] ERROR h.j.e.app.MainConsoleLauncher - Greška pri učitavanju uređaja
jakarta.json.bind.JsonbException: CHANGE naming conflict!
	at org.eclipse.yasson@3.0.3/org.eclipse.yasson.internal.serializer.SerializationModelCreator.addPolymorphismProperty(SerializationModelCreator.java:244)
	at org.eclipse.yasson@3.0.3/org.eclipse.yasson.internal.serializer.SerializationModelCreator.createObjectSerializer(SerializationModelCreator.java:208)
	at org.eclipse.yasson@3.0.3/org.eclipse.yasson.internal.serializer.SerializationModelCreator.serializerChainInternal(SerializationModelCreator.java:199)
	at org.eclipse.yasson@3.0.3/org.eclipse.yasson.internal.serializer.SerializationModelCreator.serializerChain(SerializationModelCreator.java:137)
	at org.eclipse.yasson@3.0.3/org.eclipse.yasson.internal.serializer.SerializationModelCreator.serializerChain(SerializationModelCreator.java:95)
	at org.eclipse.yasson@3.0.3/org.eclipse.yasson.internal.SerializationContextImpl.getRootSerializer(SerializationContextImpl.java:208)
	at org.eclipse.yasson@3.0.3/org.eclipse.yasson.internal.SerializationContextImpl.serializeObject(SerializationContextImpl.java:196)
	at org.eclipse.yasson@3.0.3/org.eclipse.yasson.internal.SerializationContextImpl.marshall(SerializationContextImpl.java:133)
	at org.eclipse.yasson@3.0.3/org.eclipse.yasson.internal.SerializationContextImpl.marshall(SerializationContextImpl.java:159)
	at org.eclipse.yasson@3.0.3/org.eclipse.yasson.internal.JsonBinding.toJson(JsonBinding.java:131)
	at hr.javafx.energycms/hr.javafx.energycms.repository.JsonRepository.loadDevices(JsonRepository.java:49)
	at hr.javafx.energycms/hr.javafx.energycms.app.MainConsoleLauncher.runApp(MainConsoleLauncher.java:33)
	at hr.javafx.energycms/hr.javafx.energycms.app.Main.main(Main.java:6)
	Suppressed: jakarta.json.stream.JsonGenerationException: Generating incomplete JSON
		at org.eclipse.parsson@1.1.0/org.eclipse.parsson.JsonGeneratorImpl.close(JsonGeneratorImpl.java:519)
		at org.eclipse.parsson@1.1.0/org.eclipse.parsson.JsonPrettyGeneratorImpl.close(JsonPrettyGeneratorImpl.java:29)
		at org.eclipse.yasson@3.0.3/org.eclipse.yasson.internal.JsonBinding.toJson(JsonBinding.java:130)
		... 3 common frames omitted
2026-01-27 05:09:33.962 [main] INFO  h.j.e.app.MainConsoleLauncher - APLIKACIJA POKRENUTA
2026-01-27 05:09:49.947 [main] INFO  h.j.e.app.MainConsoleLauncher - APLIKACIJA POKRENUTA
2026-01-27 05:17:03.496 [main] INFO  h.j.e.app.MainConsoleLauncher - APLIKACIJA POKRENUTA
2026-01-27 05:17:03.580 [main] ERROR h.j.e.app.MainConsoleLauncher - Greška pri učitavanju korisnika
jakarta.json.bind.JsonbException: Cannot create instance of a class: class java.util.AbstractList, No default constructor found.
	at org.eclipse.yasson@3.0.3/org.eclipse.yasson.internal.ReflectionUtils.lambda$getDefaultConstructor$1(ReflectionUtils.java:300)
	at java.base/java.security.AccessController.doPrivileged(AccessController.java:74)
	at org.eclipse.yasson@3.0.3/org.eclipse.yasson.internal.ReflectionUtils.getDefaultConstructor(ReflectionUtils.java:291)
	at org.eclipse.yasson@3.0.3/org.eclipse.yasson.internal.InstanceCreator.createInstance(InstanceCreator.java:58)
	at org.eclipse.yasson@3.0.3/org.eclipse.yasson.internal.deserializer.CollectionInstanceCreator.deserialize(CollectionInstanceCreator.java:58)
	at org.eclipse.yasson@3.0.3/org.eclipse.yasson.internal.deserializer.CollectionInstanceCreator.deserialize(CollectionInstanceCreator.java:37)
	at org.eclipse.yasson@3.0.3/org.eclipse.yasson.internal.deserializer.PositionChecker.deserialize(PositionChecker.java:85)
	at org.eclipse.yasson@3.0.3/org.eclipse.yasson.internal.deserializer.PositionChecker.deserialize(PositionChecker.java:34)
	at org.eclipse.yasson@3.0.3/org.eclipse.yasson.internal.deserializer.NullCheckDeserializer.deserialize(NullCheckDeserializer.java:46)
	at org.eclipse.yasson@3.0.3/org.eclipse.yasson.internal.deserializer.NullCheckDeserializer.deserialize(NullCheckDeserializer.java:26)
	at org.eclipse.yasson@3.0.3/org.eclipse.yasson.internal.DeserializationContextImpl.deserializeItem(DeserializationContextImpl.java:138)
	at org.eclipse.yasson@3.0.3/org.eclipse.yasson.internal.DeserializationContextImpl.deserialize(DeserializationContextImpl.java:127)
	at org.eclipse.yasson@3.0.3/org.eclipse.yasson.internal.JsonBinding.deserialize(JsonBinding.java:55)
	at org.eclipse.yasson@3.0.3/org.eclipse.yasson.internal.JsonBinding.fromJson(JsonBinding.java:70)
	at hr.javafx.energycms/hr.javafx.energycms.repository.JsonRepository.loadUsers(JsonRepository.java:68)
	at hr.javafx.energycms/hr.javafx.energycms.app.MainConsoleLauncher.runApp(MainConsoleLauncher.java:37)
	at hr.javafx.energycms/hr.javafx.energycms.app.Main.main(Main.java:6)
Caused by: java.lang.reflect.InaccessibleObjectException: Unable to make protected java.util.AbstractList() accessible: module java.base does not "opens java.util" to module org.eclipse.yasson
	at java.base/java.lang.reflect.AccessibleObject.throwInaccessibleObjectException(AccessibleObject.java:353)
	at java.base/java.lang.reflect.AccessibleObject.checkCanSetAccessible(AccessibleObject.java:329)
	at java.base/java.lang.reflect.AccessibleObject.checkCanSetAccessible(AccessibleObject.java:277)
	at java.base/java.lang.reflect.Constructor.checkCanSetAccessible(Constructor.java:192)
	at java.base/java.lang.reflect.Constructor.setAccessible(Constructor.java:185)
	at org.eclipse.yasson@3.0.3/org.eclipse.yasson.internal.ReflectionUtils.lambda$getDefaultConstructor$1(ReflectionUtils.java:295)
	... 16 common frames omitted
2026-01-27 05:18:54.950 [main] INFO  h.j.e.app.MainConsoleLauncher - APLIKACIJA POKRENUTA
2026-01-27 05:24:56.785 [main] INFO  h.j.e.app.MainConsoleLauncher - APLIKACIJA POKRENUTA
2026-01-27 05:25:14.084 [main] INFO  h.j.e.app.MainConsoleLauncher - APLIKACIJA POKRENUTA
2026-01-27 05:43:08.923 [main] INFO  h.j.e.app.MainConsoleLauncher - APLIKACIJA POKRENUTA
2026-01-27 05:43:09.024 [main] ERROR h.j.e.app.MainConsoleLauncher - Greška pri učitavanju mjerenja
jakarta.json.bind.JsonbException: Unable to deserialize property 'device' because of: Can't create instance
	at org.eclipse.yasson@3.0.3/org.eclipse.yasson.internal.deserializer.ObjectDeserializer.deserialize(ObjectDeserializer.java:80)
	at org.eclipse.yasson@3.0.3/org.eclipse.yasson.internal.deserializer.ObjectDeserializer.deserialize(ObjectDeserializer.java:31)
	at org.eclipse.yasson@3.0.3/org.eclipse.yasson.internal.deserializer.DefaultObjectInstanceCreator.deserialize(DefaultObjectInstanceCreator.java:57)
	at org.eclipse.yasson@3.0.3/org.eclipse.yasson.internal.deserializer.DefaultObjectInstanceCreator.deserialize(DefaultObjectInstanceCreator.java:29)
	at org.eclipse.yasson@3.0.3/org.eclipse.yasson.internal.deserializer.PositionChecker.deserialize(PositionChecker.java:85)
	at org.eclipse.yasson@3.0.3/org.eclipse.yasson.internal.deserializer.PositionChecker.deserialize(PositionChecker.java:34)
	at org.eclipse.yasson@3.0.3/org.eclipse.yasson.internal.deserializer.NullCheckDeserializer.deserialize(NullCheckDeserializer.java:46)
	at org.eclipse.yasson@3.0.3/org.eclipse.yasson.internal.deserializer.NullCheckDeserializer.deserialize(NullCheckDeserializer.java:26)
	at org.eclipse.yasson@3.0.3/org.eclipse.yasson.internal.deserializer.ContextSwitcher.deserialize(ContextSwitcher.java:36)
	at org.eclipse.yasson@3.0.3/org.eclipse.yasson.internal.deserializer.ContextSwitcher.deserialize(ContextSwitcher.java:22)
	at org.eclipse.yasson@3.0.3/org.eclipse.yasson.internal.deserializer.ArrayDeserializer.deserialize(ArrayDeserializer.java:49)
	at org.eclipse.yasson@3.0.3/org.eclipse.yasson.internal.deserializer.ArrayDeserializer.deserialize(ArrayDeserializer.java:26)
	at org.eclipse.yasson@3.0.3/org.eclipse.yasson.internal.deserializer.ArrayInstanceCreator.deserialize(ArrayInstanceCreator.java:68)
	at org.eclipse.yasson@3.0.3/org.eclipse.yasson.internal.deserializer.ArrayInstanceCreator$ObjectArrayCreator.deserialize(ArrayInstanceCreator.java:226)
	at org.eclipse.yasson@3.0.3/org.eclipse.yasson.internal.deserializer.PositionChecker.deserialize(PositionChecker.java:85)
	at org.eclipse.yasson@3.0.3/org.eclipse.yasson.internal.deserializer.PositionChecker.deserialize(PositionChecker.java:34)
	at org.eclipse.yasson@3.0.3/org.eclipse.yasson.internal.deserializer.NullCheckDeserializer.deserialize(NullCheckDeserializer.java:46)
	at org.eclipse.yasson@3.0.3/org.eclipse.yasson.internal.deserializer.NullCheckDeserializer.deserialize(NullCheckDeserializer.java:26)
	at org.eclipse.yasson@3.0.3/org.eclipse.yasson.internal.DeserializationContextImpl.deserializeItem(DeserializationContextImpl.java:138)
	at org.eclipse.yasson@3.0.3/org.eclipse.yasson.internal.DeserializationContextImpl.deserialize(DeserializationContextImpl.java:127)
	at org.eclipse.yasson@3.0.3/org.eclipse.yasson.internal.JsonBinding.deserialize(JsonBinding.java:55)
	at org.eclipse.yasson@3.0.3/org.eclipse.yasson.internal.JsonBinding.fromJson(JsonBinding.java:62)
	at hr.javafx.energycms/hr.javafx.energycms.repository.JsonRepository.loadMeasurements(JsonRepository.java:85)
	at hr.javafx.energycms/hr.javafx.energycms.app.MainConsoleLauncher.runApp(MainConsoleLauncher.java:41)
	at hr.javafx.energycms/hr.javafx.energycms.app.Main.main(Main.java:6)
Caused by: jakarta.json.bind.JsonbException: Can't create instance
	at org.eclipse.yasson@3.0.3/org.eclipse.yasson.internal.ReflectionUtils.createNoArgConstructorInstance(ReflectionUtils.java:276)
	at org.eclipse.yasson@3.0.3/org.eclipse.yasson.internal.deserializer.DefaultObjectInstanceCreator.deserialize(DefaultObjectInstanceCreator.java:55)
	at org.eclipse.yasson@3.0.3/org.eclipse.yasson.internal.deserializer.DefaultObjectInstanceCreator.deserialize(DefaultObjectInstanceCreator.java:29)
	at org.eclipse.yasson@3.0.3/org.eclipse.yasson.internal.deserializer.PositionChecker.deserialize(PositionChecker.java:85)
	at org.eclipse.yasson@3.0.3/org.eclipse.yasson.internal.deserializer.PositionChecker.deserialize(PositionChecker.java:34)
	at org.eclipse.yasson@3.0.3/org.eclipse.yasson.internal.deserializer.InheritanceInstanceCreator.deserialize(InheritanceInstanceCreator.java:65)
	at org.eclipse.yasson@3.0.3/org.eclipse.yasson.internal.deserializer.InheritanceInstanceCreator.deserialize(InheritanceInstanceCreator.java:31)
	at org.eclipse.yasson@3.0.3/org.eclipse.yasson.internal.deserializer.PositionChecker.deserialize(PositionChecker.java:85)
	at org.eclipse.yasson@3.0.3/org.eclipse.yasson.internal.deserializer.PositionChecker.deserialize(PositionChecker.java:34)
	at org.eclipse.yasson@3.0.3/org.eclipse.yasson.internal.deserializer.NullCheckDeserializer.deserialize(NullCheckDeserializer.java:46)
	at org.eclipse.yasson@3.0.3/org.eclipse.yasson.internal.deserializer.NullCheckDeserializer.deserialize(NullCheckDeserializer.java:26)
	at org.eclipse.yasson@3.0.3/org.eclipse.yasson.internal.deserializer.ContextSwitcher.deserialize(ContextSwitcher.java:36)
	at org.eclipse.yasson@3.0.3/org.eclipse.yasson.internal.deserializer.ContextSwitcher.deserialize(ContextSwitcher.java:22)
	at org.eclipse.yasson@3.0.3/org.eclipse.yasson.internal.deserializer.ObjectDeserializer.deserialize(ObjectDeserializer.java:78)
	... 24 common frames omitted
Caused by: java.lang.InstantiationException: null
	at java.base/jdk.internal.reflect.InstantiationExceptionConstructorAccessorImpl.newInstance(InstantiationExceptionConstructorAccessorImpl.java:48)
	at java.base/java.lang.reflect.Constructor.newInstanceWithCaller(Constructor.java:499)
	at java.base/java.lang.reflect.Constructor.newInstance(Constructor.java:483)
	at org.eclipse.yasson@3.0.3/org.eclipse.yasson.internal.ReflectionUtils.createNoArgConstructorInstance(ReflectionUtils.java:274)
	... 37 common frames omitted
2026-01-27 05:44:17.558 [main] INFO  h.j.e.app.MainConsoleLauncher - APLIKACIJA POKRENUTA
2026-01-27 05:44:17.658 [main] ERROR h.j.e.app.MainConsoleLauncher - Greška pri učitavanju mjerenja
jakarta.json.bind.JsonbException: Unable to deserialize property 'device' because of: Can't create instance
	at org.eclipse.yasson@3.0.3/org.eclipse.yasson.internal.deserializer.ObjectDeserializer.deserialize(ObjectDeserializer.java:80)
	at org.eclipse.yasson@3.0.3/org.eclipse.yasson.internal.deserializer.ObjectDeserializer.deserialize(ObjectDeserializer.java:31)
	at org.eclipse.yasson@3.0.3/org.eclipse.yasson.internal.deserializer.DefaultObjectInstanceCreator.deserialize(DefaultObjectInstanceCreator.java:57)
	at org.eclipse.yasson@3.0.3/org.eclipse.yasson.internal.deserializer.DefaultObjectInstanceCreator.deserialize(DefaultObjectInstanceCreator.java:29)
	at org.eclipse.yasson@3.0.3/org.eclipse.yasson.internal.deserializer.PositionChecker.deserialize(PositionChecker.java:85)
	at org.eclipse.yasson@3.0.3/org.eclipse.yasson.internal.deserializer.PositionChecker.deserialize(PositionChecker.java:34)
	at org.eclipse.yasson@3.0.3/org.eclipse.yasson.internal.deserializer.NullCheckDeserializer.deserialize(NullCheckDeserializer.java:46)
	at org.eclipse.yasson@3.0.3/org.eclipse.yasson.internal.deserializer.NullCheckDeserializer.deserialize(NullCheckDeserializer.java:26)
	at org.eclipse.yasson@3.0.3/org.eclipse.yasson.internal.deserializer.ContextSwitcher.deserialize(ContextSwitcher.java:36)
	at org.eclipse.yasson@3.0.3/org.eclipse.yasson.internal.deserializer.ContextSwitcher.deserialize(ContextSwitcher.java:22)
	at org.eclipse.yasson@3.0.3/org.eclipse.yasson.internal.deserializer.ArrayDeserializer.deserialize(ArrayDeserializer.java:49)
	at org.eclipse.yasson@3.0.3/org.eclipse.yasson.internal.deserializer.ArrayDeserializer.deserialize(ArrayDeserializer.java:26)
	at org.eclipse.yasson@3.0.3/org.eclipse.yasson.internal.deserializer.ArrayInstanceCreator.deserialize(ArrayInstanceCreator.java:68)
	at org.eclipse.yasson@3.0.3/org.eclipse.yasson.internal.deserializer.ArrayInstanceCreator$ObjectArrayCreator.deserialize(ArrayInstanceCreator.java:226)
	at org.eclipse.yasson@3.0.3/org.eclipse.yasson.internal.deserializer.PositionChecker.deserialize(PositionChecker.java:85)
	at org.eclipse.yasson@3.0.3/org.eclipse.yasson.internal.deserializer.PositionChecker.deserialize(PositionChecker.java:34)
	at org.eclipse.yasson@3.0.3/org.eclipse.yasson.internal.deserializer.NullCheckDeserializer.deserialize(NullCheckDeserializer.java:46)
	at org.eclipse.yasson@3.0.3/org.eclipse.yasson.internal.deserializer.NullCheckDeserializer.deserialize(NullCheckDeserializer.java:26)
	at org.eclipse.yasson@3.0.3/org.eclipse.yasson.internal.DeserializationContextImpl.deserializeItem(DeserializationContextImpl.java:138)
	at org.eclipse.yasson@3.0.3/org.eclipse.yasson.internal.DeserializationContextImpl.deserialize(DeserializationContextImpl.java:127)
	at org.eclipse.yasson@3.0.3/org.eclipse.yasson.internal.JsonBinding.deserialize(JsonBinding.java:55)
	at org.eclipse.yasson@3.0.3/org.eclipse.yasson.internal.JsonBinding.fromJson(JsonBinding.java:62)
	at hr.javafx.energycms/hr.javafx.energycms.repository.JsonRepository.loadMeasurements(JsonRepository.java:85)
	at hr.javafx.energycms/hr.javafx.energycms.app.MainConsoleLauncher.runApp(MainConsoleLauncher.java:41)
	at hr.javafx.energycms/hr.javafx.energycms.app.Main.main(Main.java:6)
Caused by: jakarta.json.bind.JsonbException: Can't create instance
	at org.eclipse.yasson@3.0.3/org.eclipse.yasson.internal.ReflectionUtils.createNoArgConstructorInstance(ReflectionUtils.java:276)
	at org.eclipse.yasson@3.0.3/org.eclipse.yasson.internal.deserializer.DefaultObjectInstanceCreator.deserialize(DefaultObjectInstanceCreator.java:55)
	at org.eclipse.yasson@3.0.3/org.eclipse.yasson.internal.deserializer.DefaultObjectInstanceCreator.deserialize(DefaultObjectInstanceCreator.java:29)
	at org.eclipse.yasson@3.0.3/org.eclipse.yasson.internal.deserializer.PositionChecker.deserialize(PositionChecker.java:85)
	at org.eclipse.yasson@3.0.3/org.eclipse.yasson.internal.deserializer.PositionChecker.deserialize(PositionChecker.java:34)
	at org.eclipse.yasson@3.0.3/org.eclipse.yasson.internal.deserializer.InheritanceInstanceCreator.deserialize(InheritanceInstanceCreator.java:65)
	at org.eclipse.yasson@3.0.3/org.eclipse.yasson.internal.deserializer.InheritanceInstanceCreator.deserialize(InheritanceInstanceCreator.java:31)
	at org.eclipse.yasson@3.0.3/org.eclipse.yasson.internal.deserializer.PositionChecker.deserialize(PositionChecker.java:85)
	at org.eclipse.yasson@3.0.3/org.eclipse.yasson.internal.deserializer.PositionChecker.deserialize(PositionChecker.java:34)
	at org.eclipse.yasson@3.0.3/org.eclipse.yasson.internal.deserializer.NullCheckDeserializer.deserialize(NullCheckDeserializer.java:46)
	at org.eclipse.yasson@3.0.3/org.eclipse.yasson.internal.deserializer.NullCheckDeserializer.deserialize(NullCheckDeserializer.java:26)
	at org.eclipse.yasson@3.0.3/org.eclipse.yasson.internal.deserializer.ContextSwitcher.deserialize(ContextSwitcher.java:36)
	at org.eclipse.yasson@3.0.3/org.eclipse.yasson.internal.deserializer.ContextSwitcher.deserialize(ContextSwitcher.java:22)
	at org.eclipse.yasson@3.0.3/org.eclipse.yasson.internal.deserializer.ObjectDeserializer.deserialize(ObjectDeserializer.java:78)
	... 24 common frames omitted
Caused by: java.lang.InstantiationException: null
	at java.base/jdk.internal.reflect.InstantiationExceptionConstructorAccessorImpl.newInstance(InstantiationExceptionConstructorAccessorImpl.java:48)
	at java.base/java.lang.reflect.Constructor.newInstanceWithCaller(Constructor.java:499)
	at java.base/java.lang.reflect.Constructor.newInstance(Constructor.java:483)
	at org.eclipse.yasson@3.0.3/org.eclipse.yasson.internal.ReflectionUtils.createNoArgConstructorInstance(ReflectionUtils.java:274)
	... 37 common frames omitted
2026-01-27 05:47:52.986 [main] INFO  h.j.e.app.MainConsoleLauncher - APLIKACIJA POKRENUTA
2026-01-27 05:52:33.682 [main] INFO  h.j.e.app.MainConsoleLauncher - APLIKACIJA POKRENUTA
2026-01-27 05:52:33.789 [main] ERROR h.j.e.app.MainConsoleLauncher - Greška pri učitavanju mjerenja
java.lang.NullPointerException: Cannot invoke "hr.javafx.energycms.entities.User.getId()" because the return value of "hr.javafx.energycms.entities.Measurement.getUser()" is null
	at hr.javafx.energycms/hr.javafx.energycms.repository.JsonRepository.loadMeasurements(JsonRepository.java:87)
	at hr.javafx.energycms/hr.javafx.energycms.app.MainConsoleLauncher.runApp(MainConsoleLauncher.java:41)
	at hr.javafx.energycms/hr.javafx.energycms.app.Main.main(Main.java:6)
2026-01-27 05:54:49.843 [main] INFO  h.j.e.app.MainConsoleLauncher - APLIKACIJA POKRENUTA
2026-01-27 05:54:49.946 [main] ERROR h.j.e.app.MainConsoleLauncher - Greška pri učitavanju mjerenja
java.lang.NullPointerException: Cannot invoke "hr.javafx.energycms.entities.User.getId()" because "this.user" is null
	at hr.javafx.energycms/hr.javafx.energycms.entities.Measurement.getUserId(Measurement.java:104)
	at hr.javafx.energycms/hr.javafx.energycms.repository.JsonRepository.loadMeasurements(JsonRepository.java:87)
	at hr.javafx.energycms/hr.javafx.energycms.app.MainConsoleLauncher.runApp(MainConsoleLauncher.java:41)
	at hr.javafx.energycms/hr.javafx.energycms.app.Main.main(Main.java:6)
2026-01-27 06:09:30.889 [main] INFO  h.j.e.app.MainConsoleLauncher - APLIKACIJA POKRENUTA
2026-01-27 15:41:58.986 [main] INFO  h.j.e.app.MainConsoleLauncher - APLIKACIJA POKRENUTA
2026-01-27 15:41:59.136 [main] ERROR h.j.e.app.MainConsoleLauncher - Greška pri spremanju binarnog backupa
java.io.NotSerializableException: hr.javafx.energycms.entities.ContactInfo
	at java.base/java.io.ObjectOutputStream.writeObject0(ObjectOutputStream.java:1085)
	at java.base/java.io.ObjectOutputStream.defaultWriteFields(ObjectOutputStream.java:1451)
	at java.base/java.io.ObjectOutputStream.writeSerialData(ObjectOutputStream.java:1408)
	at java.base/java.io.ObjectOutputStream.writeOrdinaryObject(ObjectOutputStream.java:1317)
	at java.base/java.io.ObjectOutputStream.writeObject0(ObjectOutputStream.java:1079)
	at java.base/java.io.ObjectOutputStream.defaultWriteFields(ObjectOutputStream.java:1451)
	at java.base/java.io.ObjectOutputStream.writeSerialData(ObjectOutputStream.java:1408)
	at java.base/java.io.ObjectOutputStream.writeOrdinaryObject(ObjectOutputStream.java:1317)
	at java.base/java.io.ObjectOutputStream.writeObject0(ObjectOutputStream.java:1079)
	at java.base/java.io.ObjectOutputStream.writeObject(ObjectOutputStream.java:325)
	at java.base/java.util.ArrayList.writeObject(ArrayList.java:949)
	at java.base/jdk.internal.reflect.DirectMethodHandleAccessor.invoke(DirectMethodHandleAccessor.java:104)
	at java.base/java.lang.reflect.Method.invoke(Method.java:565)
	at java.base/java.io.ObjectStreamClass.invokeWriteObject(ObjectStreamClass.java:946)
	at java.base/java.io.ObjectOutputStream.writeSerialData(ObjectOutputStream.java:1395)
	at java.base/java.io.ObjectOutputStream.writeOrdinaryObject(ObjectOutputStream.java:1317)
	at java.base/java.io.ObjectOutputStream.writeObject0(ObjectOutputStream.java:1079)
	at java.base/java.io.ObjectOutputStream.defaultWriteFields(ObjectOutputStream.java:1451)
	at java.base/java.io.ObjectOutputStream.writeSerialData(ObjectOutputStream.java:1408)
	at java.base/java.io.ObjectOutputStream.writeOrdinaryObject(ObjectOutputStream.java:1317)
	at java.base/java.io.ObjectOutputStream.writeObject0(ObjectOutputStream.java:1079)
	at java.base/java.io.ObjectOutputStream.writeObject(ObjectOutputStream.java:325)
	at hr.javafx.energycms/hr.javafx.energycms.repository.BinaryRepository.saveBackup(BinaryRepository.java:18)
	at hr.javafx.energycms/hr.javafx.energycms.app.MainConsoleLauncher.runApp(MainConsoleLauncher.java:48)
	at hr.javafx.energycms/hr.javafx.energycms.app.Main.main(Main.java:6)
2026-01-27 15:45:56.540 [main] INFO  h.j.e.app.MainConsoleLauncher - APLIKACIJA POKRENUTA
2026-01-27 15:45:56.678 [main] INFO  h.j.e.app.MainConsoleLauncher - Backup uspješno spremljen u: src\data\backup.bin
2026-01-27 23:22:35.329 [JavaFX Application Thread] ERROR h.j.e.app.MainConsoleLauncher - Greška prilikom učitavanja measurements-list.fxml
java.lang.IllegalStateException: Location is not set.
	at javafx.fxml@21.0.6/javafx.fxml.FXMLLoader.loadImpl(FXMLLoader.java:2556)
	at javafx.fxml@21.0.6/javafx.fxml.FXMLLoader.load(FXMLLoader.java:2531)
	at hr.javafx.energycms/hr.javafx.energycms.controllers.MenuController.showMeasurementsList(MenuController.java:19)
	at java.base/jdk.internal.reflect.DirectMethodHandleAccessor.invoke(DirectMethodHandleAccessor.java:104)
	at java.base/java.lang.reflect.Method.invoke(Method.java:565)
	at com.sun.javafx.reflect.Trampoline.invoke(MethodUtil.java:72)
	at java.base/jdk.internal.reflect.DirectMethodHandleAccessor.invoke(DirectMethodHandleAccessor.java:104)
	at java.base/java.lang.reflect.Method.invoke(Method.java:565)
	at javafx.base@21.0.6/com.sun.javafx.reflect.MethodUtil.invoke(MethodUtil.java:270)
	at javafx.fxml@21.0.6/com.sun.javafx.fxml.MethodHelper.invoke(MethodHelper.java:84)
	at javafx.fxml@21.0.6/javafx.fxml.FXMLLoader$MethodHandler.invoke(FXMLLoader.java:1855)
	at javafx.fxml@21.0.6/javafx.fxml.FXMLLoader$ControllerMethodEventHandler.handle(FXMLLoader.java:1726)
	at javafx.base@21.0.6/com.sun.javafx.event.CompositeEventHandler.dispatchBubblingEvent(CompositeEventHandler.java:86)
	at javafx.base@21.0.6/com.sun.javafx.event.EventHandlerManager.dispatchBubblingEvent(EventHandlerManager.java:232)
	at javafx.base@21.0.6/com.sun.javafx.event.EventHandlerManager.dispatchBubblingEvent(EventHandlerManager.java:189)
	at javafx.base@21.0.6/com.sun.javafx.event.BasicEventDispatcher.dispatchEvent(BasicEventDispatcher.java:58)
	at javafx.base@21.0.6/com.sun.javafx.event.EventDispatchChainImpl.dispatchEvent(EventDispatchChainImpl.java:114)
	at javafx.base@21.0.6/com.sun.javafx.event.EventUtil.fireEventImpl(EventUtil.java:74)
	at javafx.base@21.0.6/com.sun.javafx.event.EventUtil.fireEvent(EventUtil.java:49)
	at javafx.base@21.0.6/javafx.event.Event.fireEvent(Event.java:198)
	at javafx.controls@21.0.6/javafx.scene.control.MenuItem.fire(MenuItem.java:459)
	at javafx.controls@21.0.6/com.sun.javafx.scene.control.ContextMenuContent$MenuItemContainer.doSelect(ContextMenuContent.java:1415)
	at javafx.controls@21.0.6/com.sun.javafx.scene.control.ContextMenuContent$MenuItemContainer.lambda$createChildren$12(ContextMenuContent.java:1368)
	at javafx.base@21.0.6/com.sun.javafx.event.CompositeEventHandler$NormalEventHandlerRecord.handleBubblingEvent(CompositeEventHandler.java:247)
	at javafx.base@21.0.6/com.sun.javafx.event.CompositeEventHandler.dispatchBubblingEvent(CompositeEventHandler.java:80)
	at javafx.base@21.0.6/com.sun.javafx.event.EventHandlerManager.dispatchBubblingEvent(EventHandlerManager.java:232)
	at javafx.base@21.0.6/com.sun.javafx.event.EventHandlerManager.dispatchBubblingEvent(EventHandlerManager.java:189)
	at javafx.base@21.0.6/com.sun.javafx.event.CompositeEventDispatcher.dispatchBubblingEvent(CompositeEventDispatcher.java:59)
	at javafx.base@21.0.6/com.sun.javafx.event.BasicEventDispatcher.dispatchEvent(BasicEventDispatcher.java:58)
	at javafx.base@21.0.6/com.sun.javafx.event.EventDispatchChainImpl.dispatchEvent(EventDispatchChainImpl.java:114)
	at javafx.base@21.0.6/com.sun.javafx.event.BasicEventDispatcher.dispatchEvent(BasicEventDispatcher.java:56)
	at javafx.base@21.0.6/com.sun.javafx.event.EventDispatchChainImpl.dispatchEvent(EventDispatchChainImpl.java:114)
	at javafx.base@21.0.6/com.sun.javafx.event.BasicEventDispatcher.dispatchEvent(BasicEventDispatcher.java:56)
	at javafx.base@21.0.6/com.sun.javafx.event.EventDispatchChainImpl.dispatchEvent(EventDispatchChainImpl.java:114)
	at javafx.base@21.0.6/com.sun.javafx.event.BasicEventDispatcher.dispatchEvent(BasicEventDispatcher.java:56)
	at javafx.base@21.0.6/com.sun.javafx.event.EventDispatchChainImpl.dispatchEvent(EventDispatchChainImpl.java:114)
	at javafx.base@21.0.6/com.sun.javafx.event.EventUtil.fireEventImpl(EventUtil.java:74)
	at javafx.base@21.0.6/com.sun.javafx.event.EventUtil.fireEvent(EventUtil.java:54)
	at javafx.base@21.0.6/javafx.event.Event.fireEvent(Event.java:198)
	at javafx.graphics@21.0.6/javafx.scene.Scene$MouseHandler.process(Scene.java:3984)
	at javafx.graphics@21.0.6/javafx.scene.Scene.processMouseEvent(Scene.java:1890)
	at javafx.graphics@21.0.6/javafx.scene.Scene$ScenePeerListener.mouseEvent(Scene.java:2708)
	at javafx.graphics@21.0.6/com.sun.javafx.tk.quantum.GlassViewEventHandler$MouseEventNotification.run(GlassViewEventHandler.java:411)
	at javafx.graphics@21.0.6/com.sun.javafx.tk.quantum.GlassViewEventHandler$MouseEventNotification.run(GlassViewEventHandler.java:301)
	at java.base/java.security.AccessController.doPrivileged(AccessController.java:138)
	at javafx.graphics@21.0.6/com.sun.javafx.tk.quantum.GlassViewEventHandler.lambda$handleMouseEvent$2(GlassViewEventHandler.java:450)
	at javafx.graphics@21.0.6/com.sun.javafx.tk.quantum.QuantumToolkit.runWithoutRenderLock(QuantumToolkit.java:424)
	at javafx.graphics@21.0.6/com.sun.javafx.tk.quantum.GlassViewEventHandler.handleMouseEvent(GlassViewEventHandler.java:449)
	at javafx.graphics@21.0.6/com.sun.glass.ui.View.handleMouseEvent(View.java:551)
	at javafx.graphics@21.0.6/com.sun.glass.ui.View.notifyMouse(View.java:937)
	at javafx.graphics@21.0.6/com.sun.glass.ui.win.WinApplication._runLoop(Native Method)
	at javafx.graphics@21.0.6/com.sun.glass.ui.win.WinApplication.lambda$runLoop$3(WinApplication.java:185)
	at java.base/java.lang.Thread.run(Thread.java:1474)
2026-01-27 23:23:41.372 [JavaFX Application Thread] ERROR h.j.e.app.MainConsoleLauncher - Greška prilikom učitavanja measurements-list.fxml
java.lang.IllegalStateException: Location is not set.
	at javafx.fxml@21.0.6/javafx.fxml.FXMLLoader.loadImpl(FXMLLoader.java:2556)
	at javafx.fxml@21.0.6/javafx.fxml.FXMLLoader.load(FXMLLoader.java:2531)
	at hr.javafx.energycms/hr.javafx.energycms.controllers.MenuController.showMeasurementsList(MenuController.java:19)
	at java.base/jdk.internal.reflect.DirectMethodHandleAccessor.invoke(DirectMethodHandleAccessor.java:104)
	at java.base/java.lang.reflect.Method.invoke(Method.java:565)
	at com.sun.javafx.reflect.Trampoline.invoke(MethodUtil.java:72)
	at java.base/jdk.internal.reflect.DirectMethodHandleAccessor.invoke(DirectMethodHandleAccessor.java:104)
	at java.base/java.lang.reflect.Method.invoke(Method.java:565)
	at javafx.base@21.0.6/com.sun.javafx.reflect.MethodUtil.invoke(MethodUtil.java:270)
	at javafx.fxml@21.0.6/com.sun.javafx.fxml.MethodHelper.invoke(MethodHelper.java:84)
	at javafx.fxml@21.0.6/javafx.fxml.FXMLLoader$MethodHandler.invoke(FXMLLoader.java:1855)
	at javafx.fxml@21.0.6/javafx.fxml.FXMLLoader$ControllerMethodEventHandler.handle(FXMLLoader.java:1726)
	at javafx.base@21.0.6/com.sun.javafx.event.CompositeEventHandler.dispatchBubblingEvent(CompositeEventHandler.java:86)
	at javafx.base@21.0.6/com.sun.javafx.event.EventHandlerManager.dispatchBubblingEvent(EventHandlerManager.java:232)
	at javafx.base@21.0.6/com.sun.javafx.event.EventHandlerManager.dispatchBubblingEvent(EventHandlerManager.java:189)
	at javafx.base@21.0.6/com.sun.javafx.event.BasicEventDispatcher.dispatchEvent(BasicEventDispatcher.java:58)
	at javafx.base@21.0.6/com.sun.javafx.event.EventDispatchChainImpl.dispatchEvent(EventDispatchChainImpl.java:114)
	at javafx.base@21.0.6/com.sun.javafx.event.EventUtil.fireEventImpl(EventUtil.java:74)
	at javafx.base@21.0.6/com.sun.javafx.event.EventUtil.fireEvent(EventUtil.java:49)
	at javafx.base@21.0.6/javafx.event.Event.fireEvent(Event.java:198)
	at javafx.controls@21.0.6/javafx.scene.control.MenuItem.fire(MenuItem.java:459)
	at javafx.controls@21.0.6/com.sun.javafx.scene.control.ContextMenuContent$MenuItemContainer.doSelect(ContextMenuContent.java:1415)
	at javafx.controls@21.0.6/com.sun.javafx.scene.control.ContextMenuContent$MenuItemContainer.lambda$createChildren$12(ContextMenuContent.java:1368)
	at javafx.base@21.0.6/com.sun.javafx.event.CompositeEventHandler$NormalEventHandlerRecord.handleBubblingEvent(CompositeEventHandler.java:247)
	at javafx.base@21.0.6/com.sun.javafx.event.CompositeEventHandler.dispatchBubblingEvent(CompositeEventHandler.java:80)
	at javafx.base@21.0.6/com.sun.javafx.event.EventHandlerManager.dispatchBubblingEvent(EventHandlerManager.java:232)
	at javafx.base@21.0.6/com.sun.javafx.event.EventHandlerManager.dispatchBubblingEvent(EventHandlerManager.java:189)
	at javafx.base@21.0.6/com.sun.javafx.event.CompositeEventDispatcher.dispatchBubblingEvent(CompositeEventDispatcher.java:59)
	at javafx.base@21.0.6/com.sun.javafx.event.BasicEventDispatcher.dispatchEvent(BasicEventDispatcher.java:58)
	at javafx.base@21.0.6/com.sun.javafx.event.EventDispatchChainImpl.dispatchEvent(EventDispatchChainImpl.java:114)
	at javafx.base@21.0.6/com.sun.javafx.event.BasicEventDispatcher.dispatchEvent(BasicEventDispatcher.java:56)
	at javafx.base@21.0.6/com.sun.javafx.event.EventDispatchChainImpl.dispatchEvent(EventDispatchChainImpl.java:114)
	at javafx.base@21.0.6/com.sun.javafx.event.BasicEventDispatcher.dispatchEvent(BasicEventDispatcher.java:56)
	at javafx.base@21.0.6/com.sun.javafx.event.EventDispatchChainImpl.dispatchEvent(EventDispatchChainImpl.java:114)
	at javafx.base@21.0.6/com.sun.javafx.event.BasicEventDispatcher.dispatchEvent(BasicEventDispatcher.java:56)
	at javafx.base@21.0.6/com.sun.javafx.event.EventDispatchChainImpl.dispatchEvent(EventDispatchChainImpl.java:114)
	at javafx.base@21.0.6/com.sun.javafx.event.EventUtil.fireEventImpl(EventUtil.java:74)
	at javafx.base@21.0.6/com.sun.javafx.event.EventUtil.fireEvent(EventUtil.java:54)
	at javafx.base@21.0.6/javafx.event.Event.fireEvent(Event.java:198)
	at javafx.graphics@21.0.6/javafx.scene.Scene$MouseHandler.process(Scene.java:3984)
	at javafx.graphics@21.0.6/javafx.scene.Scene.processMouseEvent(Scene.java:1890)
	at javafx.graphics@21.0.6/javafx.scene.Scene$ScenePeerListener.mouseEvent(Scene.java:2708)
	at javafx.graphics@21.0.6/com.sun.javafx.tk.quantum.GlassViewEventHandler$MouseEventNotification.run(GlassViewEventHandler.java:411)
	at javafx.graphics@21.0.6/com.sun.javafx.tk.quantum.GlassViewEventHandler$MouseEventNotification.run(GlassViewEventHandler.java:301)
	at java.base/java.security.AccessController.doPrivileged(AccessController.java:138)
	at javafx.graphics@21.0.6/com.sun.javafx.tk.quantum.GlassViewEventHandler.lambda$handleMouseEvent$2(GlassViewEventHandler.java:450)
	at javafx.graphics@21.0.6/com.sun.javafx.tk.quantum.QuantumToolkit.runWithoutRenderLock(QuantumToolkit.java:424)
	at javafx.graphics@21.0.6/com.sun.javafx.tk.quantum.GlassViewEventHandler.handleMouseEvent(GlassViewEventHandler.java:449)
	at javafx.graphics@21.0.6/com.sun.glass.ui.View.handleMouseEvent(View.java:551)
	at javafx.graphics@21.0.6/com.sun.glass.ui.View.notifyMouse(View.java:937)
	at javafx.graphics@21.0.6/com.sun.glass.ui.win.WinApplication._runLoop(Native Method)
	at javafx.graphics@21.0.6/com.sun.glass.ui.win.WinApplication.lambda$runLoop$3(WinApplication.java:185)
	at java.base/java.lang.Thread.run(Thread.java:1474)
2026-01-27 23:28:49.805 [JavaFX Application Thread] ERROR h.j.e.app.MainConsoleLauncher - Greška prilikom učitavanja measurements-list.fxml
java.lang.IllegalStateException: Location is not set.
	at javafx.fxml@21.0.6/javafx.fxml.FXMLLoader.loadImpl(FXMLLoader.java:2556)
	at javafx.fxml@21.0.6/javafx.fxml.FXMLLoader.load(FXMLLoader.java:2531)
	at hr.javafx.energycms/hr.javafx.energycms.controllers.MenuController.showMeasurementsList(MenuController.java:19)
	at java.base/jdk.internal.reflect.DirectMethodHandleAccessor.invoke(DirectMethodHandleAccessor.java:104)
	at java.base/java.lang.reflect.Method.invoke(Method.java:565)
	at com.sun.javafx.reflect.Trampoline.invoke(MethodUtil.java:72)
	at java.base/jdk.internal.reflect.DirectMethodHandleAccessor.invoke(DirectMethodHandleAccessor.java:104)
	at java.base/java.lang.reflect.Method.invoke(Method.java:565)
	at javafx.base@21.0.6/com.sun.javafx.reflect.MethodUtil.invoke(MethodUtil.java:270)
	at javafx.fxml@21.0.6/com.sun.javafx.fxml.MethodHelper.invoke(MethodHelper.java:84)
	at javafx.fxml@21.0.6/javafx.fxml.FXMLLoader$MethodHandler.invoke(FXMLLoader.java:1855)
	at javafx.fxml@21.0.6/javafx.fxml.FXMLLoader$ControllerMethodEventHandler.handle(FXMLLoader.java:1726)
	at javafx.base@21.0.6/com.sun.javafx.event.CompositeEventHandler.dispatchBubblingEvent(CompositeEventHandler.java:86)
	at javafx.base@21.0.6/com.sun.javafx.event.EventHandlerManager.dispatchBubblingEvent(EventHandlerManager.java:232)
	at javafx.base@21.0.6/com.sun.javafx.event.EventHandlerManager.dispatchBubblingEvent(EventHandlerManager.java:189)
	at javafx.base@21.0.6/com.sun.javafx.event.BasicEventDispatcher.dispatchEvent(BasicEventDispatcher.java:58)
	at javafx.base@21.0.6/com.sun.javafx.event.EventDispatchChainImpl.dispatchEvent(EventDispatchChainImpl.java:114)
	at javafx.base@21.0.6/com.sun.javafx.event.EventUtil.fireEventImpl(EventUtil.java:74)
	at javafx.base@21.0.6/com.sun.javafx.event.EventUtil.fireEvent(EventUtil.java:49)
	at javafx.base@21.0.6/javafx.event.Event.fireEvent(Event.java:198)
	at javafx.controls@21.0.6/javafx.scene.control.MenuItem.fire(MenuItem.java:459)
	at javafx.controls@21.0.6/com.sun.javafx.scene.control.ContextMenuContent$MenuItemContainer.doSelect(ContextMenuContent.java:1415)
	at javafx.controls@21.0.6/com.sun.javafx.scene.control.ContextMenuContent$MenuItemContainer.lambda$createChildren$12(ContextMenuContent.java:1368)
	at javafx.base@21.0.6/com.sun.javafx.event.CompositeEventHandler$NormalEventHandlerRecord.handleBubblingEvent(CompositeEventHandler.java:247)
	at javafx.base@21.0.6/com.sun.javafx.event.CompositeEventHandler.dispatchBubblingEvent(CompositeEventHandler.java:80)
	at javafx.base@21.0.6/com.sun.javafx.event.EventHandlerManager.dispatchBubblingEvent(EventHandlerManager.java:232)
	at javafx.base@21.0.6/com.sun.javafx.event.EventHandlerManager.dispatchBubblingEvent(EventHandlerManager.java:189)
	at javafx.base@21.0.6/com.sun.javafx.event.CompositeEventDispatcher.dispatchBubblingEvent(CompositeEventDispatcher.java:59)
	at javafx.base@21.0.6/com.sun.javafx.event.BasicEventDispatcher.dispatchEvent(BasicEventDispatcher.java:58)
	at javafx.base@21.0.6/com.sun.javafx.event.EventDispatchChainImpl.dispatchEvent(EventDispatchChainImpl.java:114)
	at javafx.base@21.0.6/com.sun.javafx.event.BasicEventDispatcher.dispatchEvent(BasicEventDispatcher.java:56)
	at javafx.base@21.0.6/com.sun.javafx.event.EventDispatchChainImpl.dispatchEvent(EventDispatchChainImpl.java:114)
	at javafx.base@21.0.6/com.sun.javafx.event.BasicEventDispatcher.dispatchEvent(BasicEventDispatcher.java:56)
	at javafx.base@21.0.6/com.sun.javafx.event.EventDispatchChainImpl.dispatchEvent(EventDispatchChainImpl.java:114)
	at javafx.base@21.0.6/com.sun.javafx.event.BasicEventDispatcher.dispatchEvent(BasicEventDispatcher.java:56)
	at javafx.base@21.0.6/com.sun.javafx.event.EventDispatchChainImpl.dispatchEvent(EventDispatchChainImpl.java:114)
	at javafx.base@21.0.6/com.sun.javafx.event.EventUtil.fireEventImpl(EventUtil.java:74)
	at javafx.base@21.0.6/com.sun.javafx.event.EventUtil.fireEvent(EventUtil.java:54)
	at javafx.base@21.0.6/javafx.event.Event.fireEvent(Event.java:198)
	at javafx.graphics@21.0.6/javafx.scene.Scene$MouseHandler.process(Scene.java:3984)
	at javafx.graphics@21.0.6/javafx.scene.Scene.processMouseEvent(Scene.java:1890)
	at javafx.graphics@21.0.6/javafx.scene.Scene$ScenePeerListener.mouseEvent(Scene.java:2708)
	at javafx.graphics@21.0.6/com.sun.javafx.tk.quantum.GlassViewEventHandler$MouseEventNotification.run(GlassViewEventHandler.java:411)
	at javafx.graphics@21.0.6/com.sun.javafx.tk.quantum.GlassViewEventHandler$MouseEventNotification.run(GlassViewEventHandler.java:301)
	at java.base/java.security.AccessController.doPrivileged(AccessController.java:138)
	at javafx.graphics@21.0.6/com.sun.javafx.tk.quantum.GlassViewEventHandler.lambda$handleMouseEvent$2(GlassViewEventHandler.java:450)
	at javafx.graphics@21.0.6/com.sun.javafx.tk.quantum.QuantumToolkit.runWithoutRenderLock(QuantumToolkit.java:424)
	at javafx.graphics@21.0.6/com.sun.javafx.tk.quantum.GlassViewEventHandler.handleMouseEvent(GlassViewEventHandler.java:449)
	at javafx.graphics@21.0.6/com.sun.glass.ui.View.handleMouseEvent(View.java:551)
	at javafx.graphics@21.0.6/com.sun.glass.ui.View.notifyMouse(View.java:937)
	at javafx.graphics@21.0.6/com.sun.glass.ui.win.WinApplication._runLoop(Native Method)
	at javafx.graphics@21.0.6/com.sun.glass.ui.win.WinApplication.lambda$runLoop$3(WinApplication.java:185)
	at java.base/java.lang.Thread.run(Thread.java:1474)
2026-01-29 02:33:36.781 [JavaFX Application Thread] ERROR h.j.e.app.MainConsoleLauncher - Greška prilikom učitavanja users-list.fxml
javafx.fxml.LoadException: 
/C:/Users/dinov/Desktop/Java%202025/Projekt%202/EnergyCMS/target/classes/hr/javafx/energycms/users-list.fxml

	at javafx.fxml@21.0.6/javafx.fxml.FXMLLoader.constructLoadException(FXMLLoader.java:2722)
	at javafx.fxml@21.0.6/javafx.fxml.FXMLLoader.loadImpl(FXMLLoader.java:2692)
	at javafx.fxml@21.0.6/javafx.fxml.FXMLLoader.loadImpl(FXMLLoader.java:2563)
	at javafx.fxml@21.0.6/javafx.fxml.FXMLLoader.load(FXMLLoader.java:2531)
	at hr.javafx.energycms/hr.javafx.energycms.controllers.MenuController.showUsersList(MenuController.java:86)
	at java.base/jdk.internal.reflect.DirectMethodHandleAccessor.invoke(DirectMethodHandleAccessor.java:104)
	at java.base/java.lang.reflect.Method.invoke(Method.java:565)
	at com.sun.javafx.reflect.Trampoline.invoke(MethodUtil.java:72)
	at java.base/jdk.internal.reflect.DirectMethodHandleAccessor.invoke(DirectMethodHandleAccessor.java:104)
	at java.base/java.lang.reflect.Method.invoke(Method.java:565)
	at javafx.base@21.0.6/com.sun.javafx.reflect.MethodUtil.invoke(MethodUtil.java:270)
	at javafx.fxml@21.0.6/com.sun.javafx.fxml.MethodHelper.invoke(MethodHelper.java:84)
	at javafx.fxml@21.0.6/javafx.fxml.FXMLLoader$MethodHandler.invoke(FXMLLoader.java:1855)
	at javafx.fxml@21.0.6/javafx.fxml.FXMLLoader$ControllerMethodEventHandler.handle(FXMLLoader.java:1726)
	at javafx.base@21.0.6/com.sun.javafx.event.CompositeEventHandler.dispatchBubblingEvent(CompositeEventHandler.java:86)
	at javafx.base@21.0.6/com.sun.javafx.event.EventHandlerManager.dispatchBubblingEvent(EventHandlerManager.java:232)
	at javafx.base@21.0.6/com.sun.javafx.event.EventHandlerManager.dispatchBubblingEvent(EventHandlerManager.java:189)
	at javafx.base@21.0.6/com.sun.javafx.event.BasicEventDispatcher.dispatchEvent(BasicEventDispatcher.java:58)
	at javafx.base@21.0.6/com.sun.javafx.event.EventDispatchChainImpl.dispatchEvent(EventDispatchChainImpl.java:114)
	at javafx.base@21.0.6/com.sun.javafx.event.EventUtil.fireEventImpl(EventUtil.java:74)
	at javafx.base@21.0.6/com.sun.javafx.event.EventUtil.fireEvent(EventUtil.java:49)
	at javafx.base@21.0.6/javafx.event.Event.fireEvent(Event.java:198)
	at javafx.controls@21.0.6/javafx.scene.control.MenuItem.fire(MenuItem.java:459)
	at javafx.controls@21.0.6/com.sun.javafx.scene.control.ContextMenuContent$MenuItemContainer.doSelect(ContextMenuContent.java:1415)
	at javafx.controls@21.0.6/com.sun.javafx.scene.control.ContextMenuContent$MenuItemContainer.lambda$createChildren$12(ContextMenuContent.java:1368)
	at javafx.base@21.0.6/com.sun.javafx.event.CompositeEventHandler$NormalEventHandlerRecord.handleBubblingEvent(CompositeEventHandler.java:247)
	at javafx.base@21.0.6/com.sun.javafx.event.CompositeEventHandler.dispatchBubblingEvent(CompositeEventHandler.java:80)
	at javafx.base@21.0.6/com.sun.javafx.event.EventHandlerManager.dispatchBubblingEvent(EventHandlerManager.java:232)
	at javafx.base@21.0.6/com.sun.javafx.event.EventHandlerManager.dispatchBubblingEvent(EventHandlerManager.java:189)
	at javafx.base@21.0.6/com.sun.javafx.event.CompositeEventDispatcher.dispatchBubblingEvent(CompositeEventDispatcher.java:59)
	at javafx.base@21.0.6/com.sun.javafx.event.BasicEventDispatcher.dispatchEvent(BasicEventDispatcher.java:58)
	at javafx.base@21.0.6/com.sun.javafx.event.EventDispatchChainImpl.dispatchEvent(EventDispatchChainImpl.java:114)
	at javafx.base@21.0.6/com.sun.javafx.event.BasicEventDispatcher.dispatchEvent(BasicEventDispatcher.java:56)
	at javafx.base@21.0.6/com.sun.javafx.event.EventDispatchChainImpl.dispatchEvent(EventDispatchChainImpl.java:114)
	at javafx.base@21.0.6/com.sun.javafx.event.BasicEventDispatcher.dispatchEvent(BasicEventDispatcher.java:56)
	at javafx.base@21.0.6/com.sun.javafx.event.EventDispatchChainImpl.dispatchEvent(EventDispatchChainImpl.java:114)
	at javafx.base@21.0.6/com.sun.javafx.event.BasicEventDispatcher.dispatchEvent(BasicEventDispatcher.java:56)
	at javafx.base@21.0.6/com.sun.javafx.event.EventDispatchChainImpl.dispatchEvent(EventDispatchChainImpl.java:114)
	at javafx.base@21.0.6/com.sun.javafx.event.EventUtil.fireEventImpl(EventUtil.java:74)
	at javafx.base@21.0.6/com.sun.javafx.event.EventUtil.fireEvent(EventUtil.java:54)
	at javafx.base@21.0.6/javafx.event.Event.fireEvent(Event.java:198)
	at javafx.graphics@21.0.6/javafx.scene.Scene$MouseHandler.process(Scene.java:3984)
	at javafx.graphics@21.0.6/javafx.scene.Scene.processMouseEvent(Scene.java:1890)
	at javafx.graphics@21.0.6/javafx.scene.Scene$ScenePeerListener.mouseEvent(Scene.java:2708)
	at javafx.graphics@21.0.6/com.sun.javafx.tk.quantum.GlassViewEventHandler$MouseEventNotification.run(GlassViewEventHandler.java:411)
	at javafx.graphics@21.0.6/com.sun.javafx.tk.quantum.GlassViewEventHandler$MouseEventNotification.run(GlassViewEventHandler.java:301)
	at java.base/java.security.AccessController.doPrivileged(AccessController.java:138)
	at javafx.graphics@21.0.6/com.sun.javafx.tk.quantum.GlassViewEventHandler.lambda$handleMouseEvent$2(GlassViewEventHandler.java:450)
	at javafx.graphics@21.0.6/com.sun.javafx.tk.quantum.QuantumToolkit.runWithoutRenderLock(QuantumToolkit.java:424)
	at javafx.graphics@21.0.6/com.sun.javafx.tk.quantum.GlassViewEventHandler.handleMouseEvent(GlassViewEventHandler.java:449)
	at javafx.graphics@21.0.6/com.sun.glass.ui.View.handleMouseEvent(View.java:551)
	at javafx.graphics@21.0.6/com.sun.glass.ui.View.notifyMouse(View.java:937)
	at javafx.graphics@21.0.6/com.sun.glass.ui.win.WinApplication._runLoop(Native Method)
	at javafx.graphics@21.0.6/com.sun.glass.ui.win.WinApplication.lambda$runLoop$3(WinApplication.java:185)
	at java.base/java.lang.Thread.run(Thread.java:1474)
Caused by: java.lang.reflect.InvocationTargetException: null
	at java.base/jdk.internal.reflect.DirectMethodHandleAccessor.invoke(DirectMethodHandleAccessor.java:116)
	at java.base/java.lang.reflect.Method.invoke(Method.java:565)
	at com.sun.javafx.reflect.Trampoline.invoke(MethodUtil.java:72)
	at java.base/jdk.internal.reflect.DirectMethodHandleAccessor.invoke(DirectMethodHandleAccessor.java:104)
	at java.base/java.lang.reflect.Method.invoke(Method.java:565)
	at javafx.base@21.0.6/com.sun.javafx.reflect.MethodUtil.invoke(MethodUtil.java:270)
	at javafx.fxml@21.0.6/com.sun.javafx.fxml.MethodHelper.invoke(MethodHelper.java:84)
	at javafx.fxml@21.0.6/javafx.fxml.FXMLLoader.loadImpl(FXMLLoader.java:2688)
	... 53 common frames omitted
Caused by: java.lang.NullPointerException: Cannot invoke "javafx.scene.control.TableColumn.setCellValueFactory(javafx.util.Callback)" because "this.idColumn" is null
	at hr.javafx.energycms/hr.javafx.energycms.controllers.UsersController.initialize(UsersController.java:41)
	at java.base/jdk.internal.reflect.DirectMethodHandleAccessor.invoke(DirectMethodHandleAccessor.java:104)
	... 60 common frames omitted
2026-01-29 02:33:39.593 [JavaFX Application Thread] ERROR h.j.e.app.MainConsoleLauncher - Greška prilikom učitavanja users-list.fxml
javafx.fxml.LoadException: 
/C:/Users/dinov/Desktop/Java%202025/Projekt%202/EnergyCMS/target/classes/hr/javafx/energycms/users-list.fxml

	at javafx.fxml@21.0.6/javafx.fxml.FXMLLoader.constructLoadException(FXMLLoader.java:2722)
	at javafx.fxml@21.0.6/javafx.fxml.FXMLLoader.loadImpl(FXMLLoader.java:2692)
	at javafx.fxml@21.0.6/javafx.fxml.FXMLLoader.loadImpl(FXMLLoader.java:2563)
	at javafx.fxml@21.0.6/javafx.fxml.FXMLLoader.load(FXMLLoader.java:2531)
	at hr.javafx.energycms/hr.javafx.energycms.controllers.MenuController.showUsersList(MenuController.java:86)
	at java.base/jdk.internal.reflect.DirectMethodHandleAccessor.invoke(DirectMethodHandleAccessor.java:104)
	at java.base/java.lang.reflect.Method.invoke(Method.java:565)
	at com.sun.javafx.reflect.Trampoline.invoke(MethodUtil.java:72)
	at java.base/jdk.internal.reflect.DirectMethodHandleAccessor.invoke(DirectMethodHandleAccessor.java:104)
	at java.base/java.lang.reflect.Method.invoke(Method.java:565)
	at javafx.base@21.0.6/com.sun.javafx.reflect.MethodUtil.invoke(MethodUtil.java:270)
	at javafx.fxml@21.0.6/com.sun.javafx.fxml.MethodHelper.invoke(MethodHelper.java:84)
	at javafx.fxml@21.0.6/javafx.fxml.FXMLLoader$MethodHandler.invoke(FXMLLoader.java:1855)
	at javafx.fxml@21.0.6/javafx.fxml.FXMLLoader$ControllerMethodEventHandler.handle(FXMLLoader.java:1726)
	at javafx.base@21.0.6/com.sun.javafx.event.CompositeEventHandler.dispatchBubblingEvent(CompositeEventHandler.java:86)
	at javafx.base@21.0.6/com.sun.javafx.event.EventHandlerManager.dispatchBubblingEvent(EventHandlerManager.java:232)
	at javafx.base@21.0.6/com.sun.javafx.event.EventHandlerManager.dispatchBubblingEvent(EventHandlerManager.java:189)
	at javafx.base@21.0.6/com.sun.javafx.event.BasicEventDispatcher.dispatchEvent(BasicEventDispatcher.java:58)
	at javafx.base@21.0.6/com.sun.javafx.event.EventDispatchChainImpl.dispatchEvent(EventDispatchChainImpl.java:114)
	at javafx.base@21.0.6/com.sun.javafx.event.EventUtil.fireEventImpl(EventUtil.java:74)
	at javafx.base@21.0.6/com.sun.javafx.event.EventUtil.fireEvent(EventUtil.java:49)
	at javafx.base@21.0.6/javafx.event.Event.fireEvent(Event.java:198)
	at javafx.controls@21.0.6/javafx.scene.control.MenuItem.fire(MenuItem.java:459)
	at javafx.controls@21.0.6/com.sun.javafx.scene.control.ContextMenuContent$MenuItemContainer.doSelect(ContextMenuContent.java:1415)
	at javafx.controls@21.0.6/com.sun.javafx.scene.control.ContextMenuContent$MenuItemContainer.lambda$createChildren$12(ContextMenuContent.java:1368)
	at javafx.base@21.0.6/com.sun.javafx.event.CompositeEventHandler$NormalEventHandlerRecord.handleBubblingEvent(CompositeEventHandler.java:247)
	at javafx.base@21.0.6/com.sun.javafx.event.CompositeEventHandler.dispatchBubblingEvent(CompositeEventHandler.java:80)
	at javafx.base@21.0.6/com.sun.javafx.event.EventHandlerManager.dispatchBubblingEvent(EventHandlerManager.java:232)
	at javafx.base@21.0.6/com.sun.javafx.event.EventHandlerManager.dispatchBubblingEvent(EventHandlerManager.java:189)
	at javafx.base@21.0.6/com.sun.javafx.event.CompositeEventDispatcher.dispatchBubblingEvent(CompositeEventDispatcher.java:59)
	at javafx.base@21.0.6/com.sun.javafx.event.BasicEventDispatcher.dispatchEvent(BasicEventDispatcher.java:58)
	at javafx.base@21.0.6/com.sun.javafx.event.EventDispatchChainImpl.dispatchEvent(EventDispatchChainImpl.java:114)
	at javafx.base@21.0.6/com.sun.javafx.event.BasicEventDispatcher.dispatchEvent(BasicEventDispatcher.java:56)
	at javafx.base@21.0.6/com.sun.javafx.event.EventDispatchChainImpl.dispatchEvent(EventDispatchChainImpl.java:114)
	at javafx.base@21.0.6/com.sun.javafx.event.BasicEventDispatcher.dispatchEvent(BasicEventDispatcher.java:56)
	at javafx.base@21.0.6/com.sun.javafx.event.EventDispatchChainImpl.dispatchEvent(EventDispatchChainImpl.java:114)
	at javafx.base@21.0.6/com.sun.javafx.event.BasicEventDispatcher.dispatchEvent(BasicEventDispatcher.java:56)
	at javafx.base@21.0.6/com.sun.javafx.event.EventDispatchChainImpl.dispatchEvent(EventDispatchChainImpl.java:114)
	at javafx.base@21.0.6/com.sun.javafx.event.EventUtil.fireEventImpl(EventUtil.java:74)
	at javafx.base@21.0.6/com.sun.javafx.event.EventUtil.fireEvent(EventUtil.java:54)
	at javafx.base@21.0.6/javafx.event.Event.fireEvent(Event.java:198)
	at javafx.graphics@21.0.6/javafx.scene.Scene$MouseHandler.process(Scene.java:3984)
	at javafx.graphics@21.0.6/javafx.scene.Scene.processMouseEvent(Scene.java:1890)
	at javafx.graphics@21.0.6/javafx.scene.Scene$ScenePeerListener.mouseEvent(Scene.java:2708)
	at javafx.graphics@21.0.6/com.sun.javafx.tk.quantum.GlassViewEventHandler$MouseEventNotification.run(GlassViewEventHandler.java:411)
	at javafx.graphics@21.0.6/com.sun.javafx.tk.quantum.GlassViewEventHandler$MouseEventNotification.run(GlassViewEventHandler.java:301)
	at java.base/java.security.AccessController.doPrivileged(AccessController.java:138)
	at javafx.graphics@21.0.6/com.sun.javafx.tk.quantum.GlassViewEventHandler.lambda$handleMouseEvent$2(GlassViewEventHandler.java:450)
	at javafx.graphics@21.0.6/com.sun.javafx.tk.quantum.QuantumToolkit.runWithoutRenderLock(QuantumToolkit.java:424)
	at javafx.graphics@21.0.6/com.sun.javafx.tk.quantum.GlassViewEventHandler.handleMouseEvent(GlassViewEventHandler.java:449)
	at javafx.graphics@21.0.6/com.sun.glass.ui.View.handleMouseEvent(View.java:551)
	at javafx.graphics@21.0.6/com.sun.glass.ui.View.notifyMouse(View.java:937)
	at javafx.graphics@21.0.6/com.sun.glass.ui.win.WinApplication._runLoop(Native Method)
	at javafx.graphics@21.0.6/com.sun.glass.ui.win.WinApplication.lambda$runLoop$3(WinApplication.java:185)
	at java.base/java.lang.Thread.run(Thread.java:1474)
Caused by: java.lang.reflect.InvocationTargetException: null
	at java.base/jdk.internal.reflect.DirectMethodHandleAccessor.invoke(DirectMethodHandleAccessor.java:116)
	at java.base/java.lang.reflect.Method.invoke(Method.java:565)
	at com.sun.javafx.reflect.Trampoline.invoke(MethodUtil.java:72)
	at java.base/jdk.internal.reflect.DirectMethodHandleAccessor.invoke(DirectMethodHandleAccessor.java:104)
	at java.base/java.lang.reflect.Method.invoke(Method.java:565)
	at javafx.base@21.0.6/com.sun.javafx.reflect.MethodUtil.invoke(MethodUtil.java:270)
	at javafx.fxml@21.0.6/com.sun.javafx.fxml.MethodHelper.invoke(MethodHelper.java:84)
	at javafx.fxml@21.0.6/javafx.fxml.FXMLLoader.loadImpl(FXMLLoader.java:2688)
	... 53 common frames omitted
Caused by: java.lang.NullPointerException: Cannot invoke "javafx.scene.control.TableColumn.setCellValueFactory(javafx.util.Callback)" because "this.idColumn" is null
	at hr.javafx.energycms/hr.javafx.energycms.controllers.UsersController.initialize(UsersController.java:41)
	at java.base/jdk.internal.reflect.DirectMethodHandleAccessor.invoke(DirectMethodHandleAccessor.java:104)
	... 60 common frames omitted
2026-01-29 02:41:41.631 [JavaFX Application Thread] ERROR h.j.e.app.MainConsoleLauncher - Greška prilikom učitavanja users-list.fxml
javafx.fxml.LoadException: 
/C:/Users/dinov/Desktop/Java%202025/Projekt%202/EnergyCMS/target/classes/hr/javafx/energycms/users-list.fxml

	at javafx.fxml@21.0.6/javafx.fxml.FXMLLoader.constructLoadException(FXMLLoader.java:2722)
	at javafx.fxml@21.0.6/javafx.fxml.FXMLLoader.loadImpl(FXMLLoader.java:2692)
	at javafx.fxml@21.0.6/javafx.fxml.FXMLLoader.loadImpl(FXMLLoader.java:2563)
	at javafx.fxml@21.0.6/javafx.fxml.FXMLLoader.load(FXMLLoader.java:2531)
	at hr.javafx.energycms/hr.javafx.energycms.controllers.MenuController.showUsersList(MenuController.java:86)
	at java.base/jdk.internal.reflect.DirectMethodHandleAccessor.invoke(DirectMethodHandleAccessor.java:104)
	at java.base/java.lang.reflect.Method.invoke(Method.java:565)
	at com.sun.javafx.reflect.Trampoline.invoke(MethodUtil.java:72)
	at java.base/jdk.internal.reflect.DirectMethodHandleAccessor.invoke(DirectMethodHandleAccessor.java:104)
	at java.base/java.lang.reflect.Method.invoke(Method.java:565)
	at javafx.base@21.0.6/com.sun.javafx.reflect.MethodUtil.invoke(MethodUtil.java:270)
	at javafx.fxml@21.0.6/com.sun.javafx.fxml.MethodHelper.invoke(MethodHelper.java:84)
	at javafx.fxml@21.0.6/javafx.fxml.FXMLLoader$MethodHandler.invoke(FXMLLoader.java:1855)
	at javafx.fxml@21.0.6/javafx.fxml.FXMLLoader$ControllerMethodEventHandler.handle(FXMLLoader.java:1726)
	at javafx.base@21.0.6/com.sun.javafx.event.CompositeEventHandler.dispatchBubblingEvent(CompositeEventHandler.java:86)
	at javafx.base@21.0.6/com.sun.javafx.event.EventHandlerManager.dispatchBubblingEvent(EventHandlerManager.java:232)
	at javafx.base@21.0.6/com.sun.javafx.event.EventHandlerManager.dispatchBubblingEvent(EventHandlerManager.java:189)
	at javafx.base@21.0.6/com.sun.javafx.event.BasicEventDispatcher.dispatchEvent(BasicEventDispatcher.java:58)
	at javafx.base@21.0.6/com.sun.javafx.event.EventDispatchChainImpl.dispatchEvent(EventDispatchChainImpl.java:114)
	at javafx.base@21.0.6/com.sun.javafx.event.EventUtil.fireEventImpl(EventUtil.java:74)
	at javafx.base@21.0.6/com.sun.javafx.event.EventUtil.fireEvent(EventUtil.java:49)
	at javafx.base@21.0.6/javafx.event.Event.fireEvent(Event.java:198)
	at javafx.controls@21.0.6/javafx.scene.control.MenuItem.fire(MenuItem.java:459)
	at javafx.controls@21.0.6/com.sun.javafx.scene.control.ContextMenuContent$MenuItemContainer.doSelect(ContextMenuContent.java:1415)
	at javafx.controls@21.0.6/com.sun.javafx.scene.control.ContextMenuContent$MenuItemContainer.lambda$createChildren$12(ContextMenuContent.java:1368)
	at javafx.base@21.0.6/com.sun.javafx.event.CompositeEventHandler$NormalEventHandlerRecord.handleBubblingEvent(CompositeEventHandler.java:247)
	at javafx.base@21.0.6/com.sun.javafx.event.CompositeEventHandler.dispatchBubblingEvent(CompositeEventHandler.java:80)
	at javafx.base@21.0.6/com.sun.javafx.event.EventHandlerManager.dispatchBubblingEvent(EventHandlerManager.java:232)
	at javafx.base@21.0.6/com.sun.javafx.event.EventHandlerManager.dispatchBubblingEvent(EventHandlerManager.java:189)
	at javafx.base@21.0.6/com.sun.javafx.event.CompositeEventDispatcher.dispatchBubblingEvent(CompositeEventDispatcher.java:59)
	at javafx.base@21.0.6/com.sun.javafx.event.BasicEventDispatcher.dispatchEvent(BasicEventDispatcher.java:58)
	at javafx.base@21.0.6/com.sun.javafx.event.EventDispatchChainImpl.dispatchEvent(EventDispatchChainImpl.java:114)
	at javafx.base@21.0.6/com.sun.javafx.event.BasicEventDispatcher.dispatchEvent(BasicEventDispatcher.java:56)
	at javafx.base@21.0.6/com.sun.javafx.event.EventDispatchChainImpl.dispatchEvent(EventDispatchChainImpl.java:114)
	at javafx.base@21.0.6/com.sun.javafx.event.BasicEventDispatcher.dispatchEvent(BasicEventDispatcher.java:56)
	at javafx.base@21.0.6/com.sun.javafx.event.EventDispatchChainImpl.dispatchEvent(EventDispatchChainImpl.java:114)
	at javafx.base@21.0.6/com.sun.javafx.event.BasicEventDispatcher.dispatchEvent(BasicEventDispatcher.java:56)
	at javafx.base@21.0.6/com.sun.javafx.event.EventDispatchChainImpl.dispatchEvent(EventDispatchChainImpl.java:114)
	at javafx.base@21.0.6/com.sun.javafx.event.EventUtil.fireEventImpl(EventUtil.java:74)
	at javafx.base@21.0.6/com.sun.javafx.event.EventUtil.fireEvent(EventUtil.java:54)
	at javafx.base@21.0.6/javafx.event.Event.fireEvent(Event.java:198)
	at javafx.graphics@21.0.6/javafx.scene.Scene$MouseHandler.process(Scene.java:3984)
	at javafx.graphics@21.0.6/javafx.scene.Scene.processMouseEvent(Scene.java:1890)
	at javafx.graphics@21.0.6/javafx.scene.Scene$ScenePeerListener.mouseEvent(Scene.java:2708)
	at javafx.graphics@21.0.6/com.sun.javafx.tk.quantum.GlassViewEventHandler$MouseEventNotification.run(GlassViewEventHandler.java:411)
	at javafx.graphics@21.0.6/com.sun.javafx.tk.quantum.GlassViewEventHandler$MouseEventNotification.run(GlassViewEventHandler.java:301)
	at java.base/java.security.AccessController.doPrivileged(AccessController.java:138)
	at javafx.graphics@21.0.6/com.sun.javafx.tk.quantum.GlassViewEventHandler.lambda$handleMouseEvent$2(GlassViewEventHandler.java:450)
	at javafx.graphics@21.0.6/com.sun.javafx.tk.quantum.QuantumToolkit.runWithoutRenderLock(QuantumToolkit.java:424)
	at javafx.graphics@21.0.6/com.sun.javafx.tk.quantum.GlassViewEventHandler.handleMouseEvent(GlassViewEventHandler.java:449)
	at javafx.graphics@21.0.6/com.sun.glass.ui.View.handleMouseEvent(View.java:551)
	at javafx.graphics@21.0.6/com.sun.glass.ui.View.notifyMouse(View.java:937)
	at javafx.graphics@21.0.6/com.sun.glass.ui.win.WinApplication._runLoop(Native Method)
	at javafx.graphics@21.0.6/com.sun.glass.ui.win.WinApplication.lambda$runLoop$3(WinApplication.java:185)
	at java.base/java.lang.Thread.run(Thread.java:1474)
Caused by: java.lang.reflect.InvocationTargetException: null
	at java.base/jdk.internal.reflect.DirectMethodHandleAccessor.invoke(DirectMethodHandleAccessor.java:116)
	at java.base/java.lang.reflect.Method.invoke(Method.java:565)
	at com.sun.javafx.reflect.Trampoline.invoke(MethodUtil.java:72)
	at java.base/jdk.internal.reflect.DirectMethodHandleAccessor.invoke(DirectMethodHandleAccessor.java:104)
	at java.base/java.lang.reflect.Method.invoke(Method.java:565)
	at javafx.base@21.0.6/com.sun.javafx.reflect.MethodUtil.invoke(MethodUtil.java:270)
	at javafx.fxml@21.0.6/com.sun.javafx.fxml.MethodHelper.invoke(MethodHelper.java:84)
	at javafx.fxml@21.0.6/javafx.fxml.FXMLLoader.loadImpl(FXMLLoader.java:2688)
	... 53 common frames omitted
Caused by: java.lang.NullPointerException: Cannot invoke "javafx.scene.control.TableColumn.setCellValueFactory(javafx.util.Callback)" because "this.idColumn" is null
	at hr.javafx.energycms/hr.javafx.energycms.controllers.UsersController.initialize(UsersController.java:48)
	at java.base/jdk.internal.reflect.DirectMethodHandleAccessor.invoke(DirectMethodHandleAccessor.java:104)
	... 60 common frames omitted
2026-01-29 02:41:49.600 [JavaFX Application Thread] ERROR h.j.e.app.MainConsoleLauncher - Greška prilikom učitavanja users-list.fxml
javafx.fxml.LoadException: 
/C:/Users/dinov/Desktop/Java%202025/Projekt%202/EnergyCMS/target/classes/hr/javafx/energycms/users-list.fxml

	at javafx.fxml@21.0.6/javafx.fxml.FXMLLoader.constructLoadException(FXMLLoader.java:2722)
	at javafx.fxml@21.0.6/javafx.fxml.FXMLLoader.loadImpl(FXMLLoader.java:2692)
	at javafx.fxml@21.0.6/javafx.fxml.FXMLLoader.loadImpl(FXMLLoader.java:2563)
	at javafx.fxml@21.0.6/javafx.fxml.FXMLLoader.load(FXMLLoader.java:2531)
	at hr.javafx.energycms/hr.javafx.energycms.controllers.MenuController.showUsersList(MenuController.java:86)
	at java.base/jdk.internal.reflect.DirectMethodHandleAccessor.invoke(DirectMethodHandleAccessor.java:104)
	at java.base/java.lang.reflect.Method.invoke(Method.java:565)
	at com.sun.javafx.reflect.Trampoline.invoke(MethodUtil.java:72)
	at java.base/jdk.internal.reflect.DirectMethodHandleAccessor.invoke(DirectMethodHandleAccessor.java:104)
	at java.base/java.lang.reflect.Method.invoke(Method.java:565)
	at javafx.base@21.0.6/com.sun.javafx.reflect.MethodUtil.invoke(MethodUtil.java:270)
	at javafx.fxml@21.0.6/com.sun.javafx.fxml.MethodHelper.invoke(MethodHelper.java:84)
	at javafx.fxml@21.0.6/javafx.fxml.FXMLLoader$MethodHandler.invoke(FXMLLoader.java:1855)
	at javafx.fxml@21.0.6/javafx.fxml.FXMLLoader$ControllerMethodEventHandler.handle(FXMLLoader.java:1726)
	at javafx.base@21.0.6/com.sun.javafx.event.CompositeEventHandler.dispatchBubblingEvent(CompositeEventHandler.java:86)
	at javafx.base@21.0.6/com.sun.javafx.event.EventHandlerManager.dispatchBubblingEvent(EventHandlerManager.java:232)
	at javafx.base@21.0.6/com.sun.javafx.event.EventHandlerManager.dispatchBubblingEvent(EventHandlerManager.java:189)
	at javafx.base@21.0.6/com.sun.javafx.event.BasicEventDispatcher.dispatchEvent(BasicEventDispatcher.java:58)
	at javafx.base@21.0.6/com.sun.javafx.event.EventDispatchChainImpl.dispatchEvent(EventDispatchChainImpl.java:114)
	at javafx.base@21.0.6/com.sun.javafx.event.EventUtil.fireEventImpl(EventUtil.java:74)
	at javafx.base@21.0.6/com.sun.javafx.event.EventUtil.fireEvent(EventUtil.java:49)
	at javafx.base@21.0.6/javafx.event.Event.fireEvent(Event.java:198)
	at javafx.controls@21.0.6/javafx.scene.control.MenuItem.fire(MenuItem.java:459)
	at javafx.controls@21.0.6/com.sun.javafx.scene.control.ContextMenuContent$MenuItemContainer.doSelect(ContextMenuContent.java:1415)
	at javafx.controls@21.0.6/com.sun.javafx.scene.control.ContextMenuContent$MenuItemContainer.lambda$createChildren$12(ContextMenuContent.java:1368)
	at javafx.base@21.0.6/com.sun.javafx.event.CompositeEventHandler$NormalEventHandlerRecord.handleBubblingEvent(CompositeEventHandler.java:247)
	at javafx.base@21.0.6/com.sun.javafx.event.CompositeEventHandler.dispatchBubblingEvent(CompositeEventHandler.java:80)
	at javafx.base@21.0.6/com.sun.javafx.event.EventHandlerManager.dispatchBubblingEvent(EventHandlerManager.java:232)
	at javafx.base@21.0.6/com.sun.javafx.event.EventHandlerManager.dispatchBubblingEvent(EventHandlerManager.java:189)
	at javafx.base@21.0.6/com.sun.javafx.event.CompositeEventDispatcher.dispatchBubblingEvent(CompositeEventDispatcher.java:59)
	at javafx.base@21.0.6/com.sun.javafx.event.BasicEventDispatcher.dispatchEvent(BasicEventDispatcher.java:58)
	at javafx.base@21.0.6/com.sun.javafx.event.EventDispatchChainImpl.dispatchEvent(EventDispatchChainImpl.java:114)
	at javafx.base@21.0.6/com.sun.javafx.event.BasicEventDispatcher.dispatchEvent(BasicEventDispatcher.java:56)
	at javafx.base@21.0.6/com.sun.javafx.event.EventDispatchChainImpl.dispatchEvent(EventDispatchChainImpl.java:114)
	at javafx.base@21.0.6/com.sun.javafx.event.BasicEventDispatcher.dispatchEvent(BasicEventDispatcher.java:56)
	at javafx.base@21.0.6/com.sun.javafx.event.EventDispatchChainImpl.dispatchEvent(EventDispatchChainImpl.java:114)
	at javafx.base@21.0.6/com.sun.javafx.event.BasicEventDispatcher.dispatchEvent(BasicEventDispatcher.java:56)
	at javafx.base@21.0.6/com.sun.javafx.event.EventDispatchChainImpl.dispatchEvent(EventDispatchChainImpl.java:114)
	at javafx.base@21.0.6/com.sun.javafx.event.EventUtil.fireEventImpl(EventUtil.java:74)
	at javafx.base@21.0.6/com.sun.javafx.event.EventUtil.fireEvent(EventUtil.java:54)
	at javafx.base@21.0.6/javafx.event.Event.fireEvent(Event.java:198)
	at javafx.graphics@21.0.6/javafx.scene.Scene$MouseHandler.process(Scene.java:3984)
	at javafx.graphics@21.0.6/javafx.scene.Scene.processMouseEvent(Scene.java:1890)
	at javafx.graphics@21.0.6/javafx.scene.Scene$ScenePeerListener.mouseEvent(Scene.java:2708)
	at javafx.graphics@21.0.6/com.sun.javafx.tk.quantum.GlassViewEventHandler$MouseEventNotification.run(GlassViewEventHandler.java:411)
	at javafx.graphics@21.0.6/com.sun.javafx.tk.quantum.GlassViewEventHandler$MouseEventNotification.run(GlassViewEventHandler.java:301)
	at java.base/java.security.AccessController.doPrivileged(AccessController.java:138)
	at javafx.graphics@21.0.6/com.sun.javafx.tk.quantum.GlassViewEventHandler.lambda$handleMouseEvent$2(GlassViewEventHandler.java:450)
	at javafx.graphics@21.0.6/com.sun.javafx.tk.quantum.QuantumToolkit.runWithoutRenderLock(QuantumToolkit.java:424)
	at javafx.graphics@21.0.6/com.sun.javafx.tk.quantum.GlassViewEventHandler.handleMouseEvent(GlassViewEventHandler.java:449)
	at javafx.graphics@21.0.6/com.sun.glass.ui.View.handleMouseEvent(View.java:551)
	at javafx.graphics@21.0.6/com.sun.glass.ui.View.notifyMouse(View.java:937)
	at javafx.graphics@21.0.6/com.sun.glass.ui.win.WinApplication._runLoop(Native Method)
	at javafx.graphics@21.0.6/com.sun.glass.ui.win.WinApplication.lambda$runLoop$3(WinApplication.java:185)
	at java.base/java.lang.Thread.run(Thread.java:1474)
Caused by: java.lang.reflect.InvocationTargetException: null
	at java.base/jdk.internal.reflect.DirectMethodHandleAccessor.invoke(DirectMethodHandleAccessor.java:116)
	at java.base/java.lang.reflect.Method.invoke(Method.java:565)
	at com.sun.javafx.reflect.Trampoline.invoke(MethodUtil.java:72)
	at java.base/jdk.internal.reflect.DirectMethodHandleAccessor.invoke(DirectMethodHandleAccessor.java:104)
	at java.base/java.lang.reflect.Method.invoke(Method.java:565)
	at javafx.base@21.0.6/com.sun.javafx.reflect.MethodUtil.invoke(MethodUtil.java:270)
	at javafx.fxml@21.0.6/com.sun.javafx.fxml.MethodHelper.invoke(MethodHelper.java:84)
	at javafx.fxml@21.0.6/javafx.fxml.FXMLLoader.loadImpl(FXMLLoader.java:2688)
	... 53 common frames omitted
Caused by: java.lang.NullPointerException: Cannot invoke "javafx.scene.control.TableColumn.setCellValueFactory(javafx.util.Callback)" because "this.idColumn" is null
	at hr.javafx.energycms/hr.javafx.energycms.controllers.UsersController.initialize(UsersController.java:48)
	at java.base/jdk.internal.reflect.DirectMethodHandleAccessor.invoke(DirectMethodHandleAccessor.java:104)
	... 60 common frames omitted
2026-01-29 02:42:14.062 [JavaFX Application Thread] ERROR h.j.e.app.MainConsoleLauncher - Greška prilikom učitavanja users-list.fxml
javafx.fxml.LoadException: 
/C:/Users/dinov/Desktop/Java%202025/Projekt%202/EnergyCMS/target/classes/hr/javafx/energycms/users-list.fxml

	at javafx.fxml@21.0.6/javafx.fxml.FXMLLoader.constructLoadException(FXMLLoader.java:2722)
	at javafx.fxml@21.0.6/javafx.fxml.FXMLLoader.loadImpl(FXMLLoader.java:2692)
	at javafx.fxml@21.0.6/javafx.fxml.FXMLLoader.loadImpl(FXMLLoader.java:2563)
	at javafx.fxml@21.0.6/javafx.fxml.FXMLLoader.load(FXMLLoader.java:2531)
	at hr.javafx.energycms/hr.javafx.energycms.controllers.MenuController.showUsersList(MenuController.java:86)
	at java.base/jdk.internal.reflect.DirectMethodHandleAccessor.invoke(DirectMethodHandleAccessor.java:104)
	at java.base/java.lang.reflect.Method.invoke(Method.java:565)
	at com.sun.javafx.reflect.Trampoline.invoke(MethodUtil.java:72)
	at java.base/jdk.internal.reflect.DirectMethodHandleAccessor.invoke(DirectMethodHandleAccessor.java:104)
	at java.base/java.lang.reflect.Method.invoke(Method.java:565)
	at javafx.base@21.0.6/com.sun.javafx.reflect.MethodUtil.invoke(MethodUtil.java:270)
	at javafx.fxml@21.0.6/com.sun.javafx.fxml.MethodHelper.invoke(MethodHelper.java:84)
	at javafx.fxml@21.0.6/javafx.fxml.FXMLLoader$MethodHandler.invoke(FXMLLoader.java:1855)
	at javafx.fxml@21.0.6/javafx.fxml.FXMLLoader$ControllerMethodEventHandler.handle(FXMLLoader.java:1726)
	at javafx.base@21.0.6/com.sun.javafx.event.CompositeEventHandler.dispatchBubblingEvent(CompositeEventHandler.java:86)
	at javafx.base@21.0.6/com.sun.javafx.event.EventHandlerManager.dispatchBubblingEvent(EventHandlerManager.java:232)
	at javafx.base@21.0.6/com.sun.javafx.event.EventHandlerManager.dispatchBubblingEvent(EventHandlerManager.java:189)
	at javafx.base@21.0.6/com.sun.javafx.event.BasicEventDispatcher.dispatchEvent(BasicEventDispatcher.java:58)
	at javafx.base@21.0.6/com.sun.javafx.event.EventDispatchChainImpl.dispatchEvent(EventDispatchChainImpl.java:114)
	at javafx.base@21.0.6/com.sun.javafx.event.EventUtil.fireEventImpl(EventUtil.java:74)
	at javafx.base@21.0.6/com.sun.javafx.event.EventUtil.fireEvent(EventUtil.java:49)
	at javafx.base@21.0.6/javafx.event.Event.fireEvent(Event.java:198)
	at javafx.controls@21.0.6/javafx.scene.control.MenuItem.fire(MenuItem.java:459)
	at javafx.controls@21.0.6/com.sun.javafx.scene.control.ContextMenuContent$MenuItemContainer.doSelect(ContextMenuContent.java:1415)
	at javafx.controls@21.0.6/com.sun.javafx.scene.control.ContextMenuContent$MenuItemContainer.lambda$createChildren$12(ContextMenuContent.java:1368)
	at javafx.base@21.0.6/com.sun.javafx.event.CompositeEventHandler$NormalEventHandlerRecord.handleBubblingEvent(CompositeEventHandler.java:247)
	at javafx.base@21.0.6/com.sun.javafx.event.CompositeEventHandler.dispatchBubblingEvent(CompositeEventHandler.java:80)
	at javafx.base@21.0.6/com.sun.javafx.event.EventHandlerManager.dispatchBubblingEvent(EventHandlerManager.java:232)
	at javafx.base@21.0.6/com.sun.javafx.event.EventHandlerManager.dispatchBubblingEvent(EventHandlerManager.java:189)
	at javafx.base@21.0.6/com.sun.javafx.event.CompositeEventDispatcher.dispatchBubblingEvent(CompositeEventDispatcher.java:59)
	at javafx.base@21.0.6/com.sun.javafx.event.BasicEventDispatcher.dispatchEvent(BasicEventDispatcher.java:58)
	at javafx.base@21.0.6/com.sun.javafx.event.EventDispatchChainImpl.dispatchEvent(EventDispatchChainImpl.java:114)
	at javafx.base@21.0.6/com.sun.javafx.event.BasicEventDispatcher.dispatchEvent(BasicEventDispatcher.java:56)
	at javafx.base@21.0.6/com.sun.javafx.event.EventDispatchChainImpl.dispatchEvent(EventDispatchChainImpl.java:114)
	at javafx.base@21.0.6/com.sun.javafx.event.BasicEventDispatcher.dispatchEvent(BasicEventDispatcher.java:56)
	at javafx.base@21.0.6/com.sun.javafx.event.EventDispatchChainImpl.dispatchEvent(EventDispatchChainImpl.java:114)
	at javafx.base@21.0.6/com.sun.javafx.event.BasicEventDispatcher.dispatchEvent(BasicEventDispatcher.java:56)
	at javafx.base@21.0.6/com.sun.javafx.event.EventDispatchChainImpl.dispatchEvent(EventDispatchChainImpl.java:114)
	at javafx.base@21.0.6/com.sun.javafx.event.EventUtil.fireEventImpl(EventUtil.java:74)
	at javafx.base@21.0.6/com.sun.javafx.event.EventUtil.fireEvent(EventUtil.java:54)
	at javafx.base@21.0.6/javafx.event.Event.fireEvent(Event.java:198)
	at javafx.graphics@21.0.6/javafx.scene.Scene$MouseHandler.process(Scene.java:3984)
	at javafx.graphics@21.0.6/javafx.scene.Scene.processMouseEvent(Scene.java:1890)
	at javafx.graphics@21.0.6/javafx.scene.Scene$ScenePeerListener.mouseEvent(Scene.java:2708)
	at javafx.graphics@21.0.6/com.sun.javafx.tk.quantum.GlassViewEventHandler$MouseEventNotification.run(GlassViewEventHandler.java:411)
	at javafx.graphics@21.0.6/com.sun.javafx.tk.quantum.GlassViewEventHandler$MouseEventNotification.run(GlassViewEventHandler.java:301)
	at java.base/java.security.AccessController.doPrivileged(AccessController.java:138)
	at javafx.graphics@21.0.6/com.sun.javafx.tk.quantum.GlassViewEventHandler.lambda$handleMouseEvent$2(GlassViewEventHandler.java:450)
	at javafx.graphics@21.0.6/com.sun.javafx.tk.quantum.QuantumToolkit.runWithoutRenderLock(QuantumToolkit.java:424)
	at javafx.graphics@21.0.6/com.sun.javafx.tk.quantum.GlassViewEventHandler.handleMouseEvent(GlassViewEventHandler.java:449)
	at javafx.graphics@21.0.6/com.sun.glass.ui.View.handleMouseEvent(View.java:551)
	at javafx.graphics@21.0.6/com.sun.glass.ui.View.notifyMouse(View.java:937)
	at javafx.graphics@21.0.6/com.sun.glass.ui.win.WinApplication._runLoop(Native Method)
	at javafx.graphics@21.0.6/com.sun.glass.ui.win.WinApplication.lambda$runLoop$3(WinApplication.java:185)
	at java.base/java.lang.Thread.run(Thread.java:1474)
Caused by: java.lang.reflect.InvocationTargetException: null
	at java.base/jdk.internal.reflect.DirectMethodHandleAccessor.invoke(DirectMethodHandleAccessor.java:116)
	at java.base/java.lang.reflect.Method.invoke(Method.java:565)
	at com.sun.javafx.reflect.Trampoline.invoke(MethodUtil.java:72)
	at java.base/jdk.internal.reflect.DirectMethodHandleAccessor.invoke(DirectMethodHandleAccessor.java:104)
	at java.base/java.lang.reflect.Method.invoke(Method.java:565)
	at javafx.base@21.0.6/com.sun.javafx.reflect.MethodUtil.invoke(MethodUtil.java:270)
	at javafx.fxml@21.0.6/com.sun.javafx.fxml.MethodHelper.invoke(MethodHelper.java:84)
	at javafx.fxml@21.0.6/javafx.fxml.FXMLLoader.loadImpl(FXMLLoader.java:2688)
	... 53 common frames omitted
Caused by: java.lang.NullPointerException: Cannot invoke "javafx.scene.control.TableColumn.setCellValueFactory(javafx.util.Callback)" because "this.idColumn" is null
	at hr.javafx.energycms/hr.javafx.energycms.controllers.UsersController.initialize(UsersController.java:48)
	at java.base/jdk.internal.reflect.DirectMethodHandleAccessor.invoke(DirectMethodHandleAccessor.java:104)
	... 60 common frames omitted
2026-01-29 02:43:52.104 [JavaFX Application Thread] ERROR h.j.e.app.MainConsoleLauncher - Greška prilikom učitavanja users-list.fxml
javafx.fxml.LoadException: 
/C:/Users/dinov/Desktop/Java%202025/Projekt%202/EnergyCMS/target/classes/hr/javafx/energycms/users-list.fxml

	at javafx.fxml@21.0.6/javafx.fxml.FXMLLoader.constructLoadException(FXMLLoader.java:2722)
	at javafx.fxml@21.0.6/javafx.fxml.FXMLLoader.loadImpl(FXMLLoader.java:2692)
	at javafx.fxml@21.0.6/javafx.fxml.FXMLLoader.loadImpl(FXMLLoader.java:2563)
	at javafx.fxml@21.0.6/javafx.fxml.FXMLLoader.load(FXMLLoader.java:2531)
	at hr.javafx.energycms/hr.javafx.energycms.controllers.MenuController.showUsersList(MenuController.java:86)
	at java.base/jdk.internal.reflect.DirectMethodHandleAccessor.invoke(DirectMethodHandleAccessor.java:104)
	at java.base/java.lang.reflect.Method.invoke(Method.java:565)
	at com.sun.javafx.reflect.Trampoline.invoke(MethodUtil.java:72)
	at java.base/jdk.internal.reflect.DirectMethodHandleAccessor.invoke(DirectMethodHandleAccessor.java:104)
	at java.base/java.lang.reflect.Method.invoke(Method.java:565)
	at javafx.base@21.0.6/com.sun.javafx.reflect.MethodUtil.invoke(MethodUtil.java:270)
	at javafx.fxml@21.0.6/com.sun.javafx.fxml.MethodHelper.invoke(MethodHelper.java:84)
	at javafx.fxml@21.0.6/javafx.fxml.FXMLLoader$MethodHandler.invoke(FXMLLoader.java:1855)
	at javafx.fxml@21.0.6/javafx.fxml.FXMLLoader$ControllerMethodEventHandler.handle(FXMLLoader.java:1726)
	at javafx.base@21.0.6/com.sun.javafx.event.CompositeEventHandler.dispatchBubblingEvent(CompositeEventHandler.java:86)
	at javafx.base@21.0.6/com.sun.javafx.event.EventHandlerManager.dispatchBubblingEvent(EventHandlerManager.java:232)
	at javafx.base@21.0.6/com.sun.javafx.event.EventHandlerManager.dispatchBubblingEvent(EventHandlerManager.java:189)
	at javafx.base@21.0.6/com.sun.javafx.event.BasicEventDispatcher.dispatchEvent(BasicEventDispatcher.java:58)
	at javafx.base@21.0.6/com.sun.javafx.event.EventDispatchChainImpl.dispatchEvent(EventDispatchChainImpl.java:114)
	at javafx.base@21.0.6/com.sun.javafx.event.EventUtil.fireEventImpl(EventUtil.java:74)
	at javafx.base@21.0.6/com.sun.javafx.event.EventUtil.fireEvent(EventUtil.java:49)
	at javafx.base@21.0.6/javafx.event.Event.fireEvent(Event.java:198)
	at javafx.controls@21.0.6/javafx.scene.control.MenuItem.fire(MenuItem.java:459)
	at javafx.controls@21.0.6/com.sun.javafx.scene.control.ContextMenuContent$MenuItemContainer.doSelect(ContextMenuContent.java:1415)
	at javafx.controls@21.0.6/com.sun.javafx.scene.control.ContextMenuContent$MenuItemContainer.lambda$createChildren$12(ContextMenuContent.java:1368)
	at javafx.base@21.0.6/com.sun.javafx.event.CompositeEventHandler$NormalEventHandlerRecord.handleBubblingEvent(CompositeEventHandler.java:247)
	at javafx.base@21.0.6/com.sun.javafx.event.CompositeEventHandler.dispatchBubblingEvent(CompositeEventHandler.java:80)
	at javafx.base@21.0.6/com.sun.javafx.event.EventHandlerManager.dispatchBubblingEvent(EventHandlerManager.java:232)
	at javafx.base@21.0.6/com.sun.javafx.event.EventHandlerManager.dispatchBubblingEvent(EventHandlerManager.java:189)
	at javafx.base@21.0.6/com.sun.javafx.event.CompositeEventDispatcher.dispatchBubblingEvent(CompositeEventDispatcher.java:59)
	at javafx.base@21.0.6/com.sun.javafx.event.BasicEventDispatcher.dispatchEvent(BasicEventDispatcher.java:58)
	at javafx.base@21.0.6/com.sun.javafx.event.EventDispatchChainImpl.dispatchEvent(EventDispatchChainImpl.java:114)
	at javafx.base@21.0.6/com.sun.javafx.event.BasicEventDispatcher.dispatchEvent(BasicEventDispatcher.java:56)
	at javafx.base@21.0.6/com.sun.javafx.event.EventDispatchChainImpl.dispatchEvent(EventDispatchChainImpl.java:114)
	at javafx.base@21.0.6/com.sun.javafx.event.BasicEventDispatcher.dispatchEvent(BasicEventDispatcher.java:56)
	at javafx.base@21.0.6/com.sun.javafx.event.EventDispatchChainImpl.dispatchEvent(EventDispatchChainImpl.java:114)
	at javafx.base@21.0.6/com.sun.javafx.event.BasicEventDispatcher.dispatchEvent(BasicEventDispatcher.java:56)
	at javafx.base@21.0.6/com.sun.javafx.event.EventDispatchChainImpl.dispatchEvent(EventDispatchChainImpl.java:114)
	at javafx.base@21.0.6/com.sun.javafx.event.EventUtil.fireEventImpl(EventUtil.java:74)
	at javafx.base@21.0.6/com.sun.javafx.event.EventUtil.fireEvent(EventUtil.java:54)
	at javafx.base@21.0.6/javafx.event.Event.fireEvent(Event.java:198)
	at javafx.graphics@21.0.6/javafx.scene.Scene$MouseHandler.process(Scene.java:3984)
	at javafx.graphics@21.0.6/javafx.scene.Scene.processMouseEvent(Scene.java:1890)
	at javafx.graphics@21.0.6/javafx.scene.Scene$ScenePeerListener.mouseEvent(Scene.java:2708)
	at javafx.graphics@21.0.6/com.sun.javafx.tk.quantum.GlassViewEventHandler$MouseEventNotification.run(GlassViewEventHandler.java:411)
	at javafx.graphics@21.0.6/com.sun.javafx.tk.quantum.GlassViewEventHandler$MouseEventNotification.run(GlassViewEventHandler.java:301)
	at java.base/java.security.AccessController.doPrivileged(AccessController.java:138)
	at javafx.graphics@21.0.6/com.sun.javafx.tk.quantum.GlassViewEventHandler.lambda$handleMouseEvent$2(GlassViewEventHandler.java:450)
	at javafx.graphics@21.0.6/com.sun.javafx.tk.quantum.QuantumToolkit.runWithoutRenderLock(QuantumToolkit.java:424)
	at javafx.graphics@21.0.6/com.sun.javafx.tk.quantum.GlassViewEventHandler.handleMouseEvent(GlassViewEventHandler.java:449)
	at javafx.graphics@21.0.6/com.sun.glass.ui.View.handleMouseEvent(View.java:551)
	at javafx.graphics@21.0.6/com.sun.glass.ui.View.notifyMouse(View.java:937)
	at javafx.graphics@21.0.6/com.sun.glass.ui.win.WinApplication._runLoop(Native Method)
	at javafx.graphics@21.0.6/com.sun.glass.ui.win.WinApplication.lambda$runLoop$3(WinApplication.java:185)
	at java.base/java.lang.Thread.run(Thread.java:1474)
Caused by: java.lang.reflect.InvocationTargetException: null
	at java.base/jdk.internal.reflect.DirectMethodHandleAccessor.invoke(DirectMethodHandleAccessor.java:116)
	at java.base/java.lang.reflect.Method.invoke(Method.java:565)
	at com.sun.javafx.reflect.Trampoline.invoke(MethodUtil.java:72)
	at java.base/jdk.internal.reflect.DirectMethodHandleAccessor.invoke(DirectMethodHandleAccessor.java:104)
	at java.base/java.lang.reflect.Method.invoke(Method.java:565)
	at javafx.base@21.0.6/com.sun.javafx.reflect.MethodUtil.invoke(MethodUtil.java:270)
	at javafx.fxml@21.0.6/com.sun.javafx.fxml.MethodHelper.invoke(MethodHelper.java:84)
	at javafx.fxml@21.0.6/javafx.fxml.FXMLLoader.loadImpl(FXMLLoader.java:2688)
	... 53 common frames omitted
Caused by: java.lang.NullPointerException: Cannot invoke "javafx.scene.control.TableColumn.setCellValueFactory(javafx.util.Callback)" because "this.idColumn" is null
	at hr.javafx.energycms/hr.javafx.energycms.controllers.UsersController.initialize(UsersController.java:49)
	at java.base/jdk.internal.reflect.DirectMethodHandleAccessor.invoke(DirectMethodHandleAccessor.java:104)
	... 60 common frames omitted
2026-01-29 02:46:10.733 [JavaFX Application Thread] ERROR h.j.e.app.MainConsoleLauncher - Greška prilikom učitavanja users-list.fxml
javafx.fxml.LoadException: 
/C:/Users/dinov/Desktop/Java%202025/Projekt%202/EnergyCMS/target/classes/hr/javafx/energycms/users-list.fxml

	at javafx.fxml@21.0.6/javafx.fxml.FXMLLoader.constructLoadException(FXMLLoader.java:2722)
	at javafx.fxml@21.0.6/javafx.fxml.FXMLLoader.loadImpl(FXMLLoader.java:2692)
	at javafx.fxml@21.0.6/javafx.fxml.FXMLLoader.loadImpl(FXMLLoader.java:2563)
	at javafx.fxml@21.0.6/javafx.fxml.FXMLLoader.load(FXMLLoader.java:2531)
	at hr.javafx.energycms/hr.javafx.energycms.controllers.MenuController.showUsersList(MenuController.java:86)
	at java.base/jdk.internal.reflect.DirectMethodHandleAccessor.invoke(DirectMethodHandleAccessor.java:104)
	at java.base/java.lang.reflect.Method.invoke(Method.java:565)
	at com.sun.javafx.reflect.Trampoline.invoke(MethodUtil.java:72)
	at java.base/jdk.internal.reflect.DirectMethodHandleAccessor.invoke(DirectMethodHandleAccessor.java:104)
	at java.base/java.lang.reflect.Method.invoke(Method.java:565)
	at javafx.base@21.0.6/com.sun.javafx.reflect.MethodUtil.invoke(MethodUtil.java:270)
	at javafx.fxml@21.0.6/com.sun.javafx.fxml.MethodHelper.invoke(MethodHelper.java:84)
	at javafx.fxml@21.0.6/javafx.fxml.FXMLLoader$MethodHandler.invoke(FXMLLoader.java:1855)
	at javafx.fxml@21.0.6/javafx.fxml.FXMLLoader$ControllerMethodEventHandler.handle(FXMLLoader.java:1726)
	at javafx.base@21.0.6/com.sun.javafx.event.CompositeEventHandler.dispatchBubblingEvent(CompositeEventHandler.java:86)
	at javafx.base@21.0.6/com.sun.javafx.event.EventHandlerManager.dispatchBubblingEvent(EventHandlerManager.java:232)
	at javafx.base@21.0.6/com.sun.javafx.event.EventHandlerManager.dispatchBubblingEvent(EventHandlerManager.java:189)
	at javafx.base@21.0.6/com.sun.javafx.event.BasicEventDispatcher.dispatchEvent(BasicEventDispatcher.java:58)
	at javafx.base@21.0.6/com.sun.javafx.event.EventDispatchChainImpl.dispatchEvent(EventDispatchChainImpl.java:114)
	at javafx.base@21.0.6/com.sun.javafx.event.EventUtil.fireEventImpl(EventUtil.java:74)
	at javafx.base@21.0.6/com.sun.javafx.event.EventUtil.fireEvent(EventUtil.java:49)
	at javafx.base@21.0.6/javafx.event.Event.fireEvent(Event.java:198)
	at javafx.controls@21.0.6/javafx.scene.control.MenuItem.fire(MenuItem.java:459)
	at javafx.controls@21.0.6/com.sun.javafx.scene.control.ContextMenuContent$MenuItemContainer.doSelect(ContextMenuContent.java:1415)
	at javafx.controls@21.0.6/com.sun.javafx.scene.control.ContextMenuContent$MenuItemContainer.lambda$createChildren$12(ContextMenuContent.java:1368)
	at javafx.base@21.0.6/com.sun.javafx.event.CompositeEventHandler$NormalEventHandlerRecord.handleBubblingEvent(CompositeEventHandler.java:247)
	at javafx.base@21.0.6/com.sun.javafx.event.CompositeEventHandler.dispatchBubblingEvent(CompositeEventHandler.java:80)
	at javafx.base@21.0.6/com.sun.javafx.event.EventHandlerManager.dispatchBubblingEvent(EventHandlerManager.java:232)
	at javafx.base@21.0.6/com.sun.javafx.event.EventHandlerManager.dispatchBubblingEvent(EventHandlerManager.java:189)
	at javafx.base@21.0.6/com.sun.javafx.event.CompositeEventDispatcher.dispatchBubblingEvent(CompositeEventDispatcher.java:59)
	at javafx.base@21.0.6/com.sun.javafx.event.BasicEventDispatcher.dispatchEvent(BasicEventDispatcher.java:58)
	at javafx.base@21.0.6/com.sun.javafx.event.EventDispatchChainImpl.dispatchEvent(EventDispatchChainImpl.java:114)
	at javafx.base@21.0.6/com.sun.javafx.event.BasicEventDispatcher.dispatchEvent(BasicEventDispatcher.java:56)
	at javafx.base@21.0.6/com.sun.javafx.event.EventDispatchChainImpl.dispatchEvent(EventDispatchChainImpl.java:114)
	at javafx.base@21.0.6/com.sun.javafx.event.BasicEventDispatcher.dispatchEvent(BasicEventDispatcher.java:56)
	at javafx.base@21.0.6/com.sun.javafx.event.EventDispatchChainImpl.dispatchEvent(EventDispatchChainImpl.java:114)
	at javafx.base@21.0.6/com.sun.javafx.event.BasicEventDispatcher.dispatchEvent(BasicEventDispatcher.java:56)
	at javafx.base@21.0.6/com.sun.javafx.event.EventDispatchChainImpl.dispatchEvent(EventDispatchChainImpl.java:114)
	at javafx.base@21.0.6/com.sun.javafx.event.EventUtil.fireEventImpl(EventUtil.java:74)
	at javafx.base@21.0.6/com.sun.javafx.event.EventUtil.fireEvent(EventUtil.java:54)
	at javafx.base@21.0.6/javafx.event.Event.fireEvent(Event.java:198)
	at javafx.graphics@21.0.6/javafx.scene.Scene$MouseHandler.process(Scene.java:3984)
	at javafx.graphics@21.0.6/javafx.scene.Scene.processMouseEvent(Scene.java:1890)
	at javafx.graphics@21.0.6/javafx.scene.Scene$ScenePeerListener.mouseEvent(Scene.java:2708)
	at javafx.graphics@21.0.6/com.sun.javafx.tk.quantum.GlassViewEventHandler$MouseEventNotification.run(GlassViewEventHandler.java:411)
	at javafx.graphics@21.0.6/com.sun.javafx.tk.quantum.GlassViewEventHandler$MouseEventNotification.run(GlassViewEventHandler.java:301)
	at java.base/java.security.AccessController.doPrivileged(AccessController.java:138)
	at javafx.graphics@21.0.6/com.sun.javafx.tk.quantum.GlassViewEventHandler.lambda$handleMouseEvent$2(GlassViewEventHandler.java:450)
	at javafx.graphics@21.0.6/com.sun.javafx.tk.quantum.QuantumToolkit.runWithoutRenderLock(QuantumToolkit.java:424)
	at javafx.graphics@21.0.6/com.sun.javafx.tk.quantum.GlassViewEventHandler.handleMouseEvent(GlassViewEventHandler.java:449)
	at javafx.graphics@21.0.6/com.sun.glass.ui.View.handleMouseEvent(View.java:551)
	at javafx.graphics@21.0.6/com.sun.glass.ui.View.notifyMouse(View.java:937)
	at javafx.graphics@21.0.6/com.sun.glass.ui.win.WinApplication._runLoop(Native Method)
	at javafx.graphics@21.0.6/com.sun.glass.ui.win.WinApplication.lambda$runLoop$3(WinApplication.java:185)
	at java.base/java.lang.Thread.run(Thread.java:1474)
Caused by: java.lang.reflect.InvocationTargetException: null
	at java.base/jdk.internal.reflect.DirectMethodHandleAccessor.invoke(DirectMethodHandleAccessor.java:116)
	at java.base/java.lang.reflect.Method.invoke(Method.java:565)
	at com.sun.javafx.reflect.Trampoline.invoke(MethodUtil.java:72)
	at java.base/jdk.internal.reflect.DirectMethodHandleAccessor.invoke(DirectMethodHandleAccessor.java:104)
	at java.base/java.lang.reflect.Method.invoke(Method.java:565)
	at javafx.base@21.0.6/com.sun.javafx.reflect.MethodUtil.invoke(MethodUtil.java:270)
	at javafx.fxml@21.0.6/com.sun.javafx.fxml.MethodHelper.invoke(MethodHelper.java:84)
	at javafx.fxml@21.0.6/javafx.fxml.FXMLLoader.loadImpl(FXMLLoader.java:2688)
	... 53 common frames omitted
Caused by: java.lang.NullPointerException: Cannot invoke "javafx.scene.control.TableColumn.setCellValueFactory(javafx.util.Callback)" because "this.idColumn" is null
	at hr.javafx.energycms/hr.javafx.energycms.controllers.UsersController.initialize(UsersController.java:49)
	at java.base/jdk.internal.reflect.DirectMethodHandleAccessor.invoke(DirectMethodHandleAccessor.java:104)
	... 60 common frames omitted
2026-01-29 02:46:25.387 [JavaFX Application Thread] ERROR h.j.e.app.MainConsoleLauncher - Greška prilikom učitavanja users-list.fxml
javafx.fxml.LoadException: 
/C:/Users/dinov/Desktop/Java%202025/Projekt%202/EnergyCMS/target/classes/hr/javafx/energycms/users-list.fxml

	at javafx.fxml@21.0.6/javafx.fxml.FXMLLoader.constructLoadException(FXMLLoader.java:2722)
	at javafx.fxml@21.0.6/javafx.fxml.FXMLLoader.loadImpl(FXMLLoader.java:2692)
	at javafx.fxml@21.0.6/javafx.fxml.FXMLLoader.loadImpl(FXMLLoader.java:2563)
	at javafx.fxml@21.0.6/javafx.fxml.FXMLLoader.load(FXMLLoader.java:2531)
	at hr.javafx.energycms/hr.javafx.energycms.controllers.MenuController.showUsersList(MenuController.java:86)
	at java.base/jdk.internal.reflect.DirectMethodHandleAccessor.invoke(DirectMethodHandleAccessor.java:104)
	at java.base/java.lang.reflect.Method.invoke(Method.java:565)
	at com.sun.javafx.reflect.Trampoline.invoke(MethodUtil.java:72)
	at java.base/jdk.internal.reflect.DirectMethodHandleAccessor.invoke(DirectMethodHandleAccessor.java:104)
	at java.base/java.lang.reflect.Method.invoke(Method.java:565)
	at javafx.base@21.0.6/com.sun.javafx.reflect.MethodUtil.invoke(MethodUtil.java:270)
	at javafx.fxml@21.0.6/com.sun.javafx.fxml.MethodHelper.invoke(MethodHelper.java:84)
	at javafx.fxml@21.0.6/javafx.fxml.FXMLLoader$MethodHandler.invoke(FXMLLoader.java:1855)
	at javafx.fxml@21.0.6/javafx.fxml.FXMLLoader$ControllerMethodEventHandler.handle(FXMLLoader.java:1726)
	at javafx.base@21.0.6/com.sun.javafx.event.CompositeEventHandler.dispatchBubblingEvent(CompositeEventHandler.java:86)
	at javafx.base@21.0.6/com.sun.javafx.event.EventHandlerManager.dispatchBubblingEvent(EventHandlerManager.java:232)
	at javafx.base@21.0.6/com.sun.javafx.event.EventHandlerManager.dispatchBubblingEvent(EventHandlerManager.java:189)
	at javafx.base@21.0.6/com.sun.javafx.event.BasicEventDispatcher.dispatchEvent(BasicEventDispatcher.java:58)
	at javafx.base@21.0.6/com.sun.javafx.event.EventDispatchChainImpl.dispatchEvent(EventDispatchChainImpl.java:114)
	at javafx.base@21.0.6/com.sun.javafx.event.EventUtil.fireEventImpl(EventUtil.java:74)
	at javafx.base@21.0.6/com.sun.javafx.event.EventUtil.fireEvent(EventUtil.java:49)
	at javafx.base@21.0.6/javafx.event.Event.fireEvent(Event.java:198)
	at javafx.controls@21.0.6/javafx.scene.control.MenuItem.fire(MenuItem.java:459)
	at javafx.controls@21.0.6/com.sun.javafx.scene.control.ContextMenuContent$MenuItemContainer.doSelect(ContextMenuContent.java:1415)
	at javafx.controls@21.0.6/com.sun.javafx.scene.control.ContextMenuContent$MenuItemContainer.lambda$createChildren$12(ContextMenuContent.java:1368)
	at javafx.base@21.0.6/com.sun.javafx.event.CompositeEventHandler$NormalEventHandlerRecord.handleBubblingEvent(CompositeEventHandler.java:247)
	at javafx.base@21.0.6/com.sun.javafx.event.CompositeEventHandler.dispatchBubblingEvent(CompositeEventHandler.java:80)
	at javafx.base@21.0.6/com.sun.javafx.event.EventHandlerManager.dispatchBubblingEvent(EventHandlerManager.java:232)
	at javafx.base@21.0.6/com.sun.javafx.event.EventHandlerManager.dispatchBubblingEvent(EventHandlerManager.java:189)
	at javafx.base@21.0.6/com.sun.javafx.event.CompositeEventDispatcher.dispatchBubblingEvent(CompositeEventDispatcher.java:59)
	at javafx.base@21.0.6/com.sun.javafx.event.BasicEventDispatcher.dispatchEvent(BasicEventDispatcher.java:58)
	at javafx.base@21.0.6/com.sun.javafx.event.EventDispatchChainImpl.dispatchEvent(EventDispatchChainImpl.java:114)
	at javafx.base@21.0.6/com.sun.javafx.event.BasicEventDispatcher.dispatchEvent(BasicEventDispatcher.java:56)
	at javafx.base@21.0.6/com.sun.javafx.event.EventDispatchChainImpl.dispatchEvent(EventDispatchChainImpl.java:114)
	at javafx.base@21.0.6/com.sun.javafx.event.BasicEventDispatcher.dispatchEvent(BasicEventDispatcher.java:56)
	at javafx.base@21.0.6/com.sun.javafx.event.EventDispatchChainImpl.dispatchEvent(EventDispatchChainImpl.java:114)
	at javafx.base@21.0.6/com.sun.javafx.event.BasicEventDispatcher.dispatchEvent(BasicEventDispatcher.java:56)
	at javafx.base@21.0.6/com.sun.javafx.event.EventDispatchChainImpl.dispatchEvent(EventDispatchChainImpl.java:114)
	at javafx.base@21.0.6/com.sun.javafx.event.EventUtil.fireEventImpl(EventUtil.java:74)
	at javafx.base@21.0.6/com.sun.javafx.event.EventUtil.fireEvent(EventUtil.java:54)
	at javafx.base@21.0.6/javafx.event.Event.fireEvent(Event.java:198)
	at javafx.graphics@21.0.6/javafx.scene.Scene$MouseHandler.process(Scene.java:3984)
	at javafx.graphics@21.0.6/javafx.scene.Scene.processMouseEvent(Scene.java:1890)
	at javafx.graphics@21.0.6/javafx.scene.Scene$ScenePeerListener.mouseEvent(Scene.java:2708)
	at javafx.graphics@21.0.6/com.sun.javafx.tk.quantum.GlassViewEventHandler$MouseEventNotification.run(GlassViewEventHandler.java:411)
	at javafx.graphics@21.0.6/com.sun.javafx.tk.quantum.GlassViewEventHandler$MouseEventNotification.run(GlassViewEventHandler.java:301)
	at java.base/java.security.AccessController.doPrivileged(AccessController.java:138)
	at javafx.graphics@21.0.6/com.sun.javafx.tk.quantum.GlassViewEventHandler.lambda$handleMouseEvent$2(GlassViewEventHandler.java:450)
	at javafx.graphics@21.0.6/com.sun.javafx.tk.quantum.QuantumToolkit.runWithoutRenderLock(QuantumToolkit.java:424)
	at javafx.graphics@21.0.6/com.sun.javafx.tk.quantum.GlassViewEventHandler.handleMouseEvent(GlassViewEventHandler.java:449)
	at javafx.graphics@21.0.6/com.sun.glass.ui.View.handleMouseEvent(View.java:551)
	at javafx.graphics@21.0.6/com.sun.glass.ui.View.notifyMouse(View.java:937)
	at javafx.graphics@21.0.6/com.sun.glass.ui.win.WinApplication._runLoop(Native Method)
	at javafx.graphics@21.0.6/com.sun.glass.ui.win.WinApplication.lambda$runLoop$3(WinApplication.java:185)
	at java.base/java.lang.Thread.run(Thread.java:1474)
Caused by: java.lang.reflect.InvocationTargetException: null
	at java.base/jdk.internal.reflect.DirectMethodHandleAccessor.invoke(DirectMethodHandleAccessor.java:116)
	at java.base/java.lang.reflect.Method.invoke(Method.java:565)
	at com.sun.javafx.reflect.Trampoline.invoke(MethodUtil.java:72)
	at java.base/jdk.internal.reflect.DirectMethodHandleAccessor.invoke(DirectMethodHandleAccessor.java:104)
	at java.base/java.lang.reflect.Method.invoke(Method.java:565)
	at javafx.base@21.0.6/com.sun.javafx.reflect.MethodUtil.invoke(MethodUtil.java:270)
	at javafx.fxml@21.0.6/com.sun.javafx.fxml.MethodHelper.invoke(MethodHelper.java:84)
	at javafx.fxml@21.0.6/javafx.fxml.FXMLLoader.loadImpl(FXMLLoader.java:2688)
	... 53 common frames omitted
Caused by: java.lang.NullPointerException: Cannot invoke "javafx.scene.control.TableColumn.setCellValueFactory(javafx.util.Callback)" because "this.idColumn" is null
	at hr.javafx.energycms/hr.javafx.energycms.controllers.UsersController.initialize(UsersController.java:49)
	at java.base/jdk.internal.reflect.DirectMethodHandleAccessor.invoke(DirectMethodHandleAccessor.java:104)
	... 60 common frames omitted
2026-01-29 02:49:30.247 [JavaFX Application Thread] ERROR h.j.e.app.MainConsoleLauncher - Greška prilikom učitavanja users-list.fxml
javafx.fxml.LoadException: 
/C:/Users/dinov/Desktop/Java%202025/Projekt%202/EnergyCMS/target/classes/hr/javafx/energycms/users-list.fxml

	at javafx.fxml@21.0.6/javafx.fxml.FXMLLoader.constructLoadException(FXMLLoader.java:2722)
	at javafx.fxml@21.0.6/javafx.fxml.FXMLLoader.loadImpl(FXMLLoader.java:2692)
	at javafx.fxml@21.0.6/javafx.fxml.FXMLLoader.loadImpl(FXMLLoader.java:2563)
	at javafx.fxml@21.0.6/javafx.fxml.FXMLLoader.load(FXMLLoader.java:2531)
	at hr.javafx.energycms/hr.javafx.energycms.controllers.MenuController.showUsersList(MenuController.java:86)
	at java.base/jdk.internal.reflect.DirectMethodHandleAccessor.invoke(DirectMethodHandleAccessor.java:104)
	at java.base/java.lang.reflect.Method.invoke(Method.java:565)
	at com.sun.javafx.reflect.Trampoline.invoke(MethodUtil.java:72)
	at java.base/jdk.internal.reflect.DirectMethodHandleAccessor.invoke(DirectMethodHandleAccessor.java:104)
	at java.base/java.lang.reflect.Method.invoke(Method.java:565)
	at javafx.base@21.0.6/com.sun.javafx.reflect.MethodUtil.invoke(MethodUtil.java:270)
	at javafx.fxml@21.0.6/com.sun.javafx.fxml.MethodHelper.invoke(MethodHelper.java:84)
	at javafx.fxml@21.0.6/javafx.fxml.FXMLLoader$MethodHandler.invoke(FXMLLoader.java:1855)
	at javafx.fxml@21.0.6/javafx.fxml.FXMLLoader$ControllerMethodEventHandler.handle(FXMLLoader.java:1726)
	at javafx.base@21.0.6/com.sun.javafx.event.CompositeEventHandler.dispatchBubblingEvent(CompositeEventHandler.java:86)
	at javafx.base@21.0.6/com.sun.javafx.event.EventHandlerManager.dispatchBubblingEvent(EventHandlerManager.java:232)
	at javafx.base@21.0.6/com.sun.javafx.event.EventHandlerManager.dispatchBubblingEvent(EventHandlerManager.java:189)
	at javafx.base@21.0.6/com.sun.javafx.event.BasicEventDispatcher.dispatchEvent(BasicEventDispatcher.java:58)
	at javafx.base@21.0.6/com.sun.javafx.event.EventDispatchChainImpl.dispatchEvent(EventDispatchChainImpl.java:114)
	at javafx.base@21.0.6/com.sun.javafx.event.EventUtil.fireEventImpl(EventUtil.java:74)
	at javafx.base@21.0.6/com.sun.javafx.event.EventUtil.fireEvent(EventUtil.java:49)
	at javafx.base@21.0.6/javafx.event.Event.fireEvent(Event.java:198)
	at javafx.controls@21.0.6/javafx.scene.control.MenuItem.fire(MenuItem.java:459)
	at javafx.controls@21.0.6/com.sun.javafx.scene.control.ContextMenuContent$MenuItemContainer.doSelect(ContextMenuContent.java:1415)
	at javafx.controls@21.0.6/com.sun.javafx.scene.control.ContextMenuContent$MenuItemContainer.lambda$createChildren$12(ContextMenuContent.java:1368)
	at javafx.base@21.0.6/com.sun.javafx.event.CompositeEventHandler$NormalEventHandlerRecord.handleBubblingEvent(CompositeEventHandler.java:247)
	at javafx.base@21.0.6/com.sun.javafx.event.CompositeEventHandler.dispatchBubblingEvent(CompositeEventHandler.java:80)
	at javafx.base@21.0.6/com.sun.javafx.event.EventHandlerManager.dispatchBubblingEvent(EventHandlerManager.java:232)
	at javafx.base@21.0.6/com.sun.javafx.event.EventHandlerManager.dispatchBubblingEvent(EventHandlerManager.java:189)
	at javafx.base@21.0.6/com.sun.javafx.event.CompositeEventDispatcher.dispatchBubblingEvent(CompositeEventDispatcher.java:59)
	at javafx.base@21.0.6/com.sun.javafx.event.BasicEventDispatcher.dispatchEvent(BasicEventDispatcher.java:58)
	at javafx.base@21.0.6/com.sun.javafx.event.EventDispatchChainImpl.dispatchEvent(EventDispatchChainImpl.java:114)
	at javafx.base@21.0.6/com.sun.javafx.event.BasicEventDispatcher.dispatchEvent(BasicEventDispatcher.java:56)
	at javafx.base@21.0.6/com.sun.javafx.event.EventDispatchChainImpl.dispatchEvent(EventDispatchChainImpl.java:114)
	at javafx.base@21.0.6/com.sun.javafx.event.BasicEventDispatcher.dispatchEvent(BasicEventDispatcher.java:56)
	at javafx.base@21.0.6/com.sun.javafx.event.EventDispatchChainImpl.dispatchEvent(EventDispatchChainImpl.java:114)
	at javafx.base@21.0.6/com.sun.javafx.event.BasicEventDispatcher.dispatchEvent(BasicEventDispatcher.java:56)
	at javafx.base@21.0.6/com.sun.javafx.event.EventDispatchChainImpl.dispatchEvent(EventDispatchChainImpl.java:114)
	at javafx.base@21.0.6/com.sun.javafx.event.EventUtil.fireEventImpl(EventUtil.java:74)
	at javafx.base@21.0.6/com.sun.javafx.event.EventUtil.fireEvent(EventUtil.java:54)
	at javafx.base@21.0.6/javafx.event.Event.fireEvent(Event.java:198)
	at javafx.graphics@21.0.6/javafx.scene.Scene$MouseHandler.process(Scene.java:3984)
	at javafx.graphics@21.0.6/javafx.scene.Scene.processMouseEvent(Scene.java:1890)
	at javafx.graphics@21.0.6/javafx.scene.Scene$ScenePeerListener.mouseEvent(Scene.java:2708)
	at javafx.graphics@21.0.6/com.sun.javafx.tk.quantum.GlassViewEventHandler$MouseEventNotification.run(GlassViewEventHandler.java:411)
	at javafx.graphics@21.0.6/com.sun.javafx.tk.quantum.GlassViewEventHandler$MouseEventNotification.run(GlassViewEventHandler.java:301)
	at java.base/java.security.AccessController.doPrivileged(AccessController.java:138)
	at javafx.graphics@21.0.6/com.sun.javafx.tk.quantum.GlassViewEventHandler.lambda$handleMouseEvent$2(GlassViewEventHandler.java:450)
	at javafx.graphics@21.0.6/com.sun.javafx.tk.quantum.QuantumToolkit.runWithoutRenderLock(QuantumToolkit.java:424)
	at javafx.graphics@21.0.6/com.sun.javafx.tk.quantum.GlassViewEventHandler.handleMouseEvent(GlassViewEventHandler.java:449)
	at javafx.graphics@21.0.6/com.sun.glass.ui.View.handleMouseEvent(View.java:551)
	at javafx.graphics@21.0.6/com.sun.glass.ui.View.notifyMouse(View.java:937)
	at javafx.graphics@21.0.6/com.sun.glass.ui.win.WinApplication._runLoop(Native Method)
	at javafx.graphics@21.0.6/com.sun.glass.ui.win.WinApplication.lambda$runLoop$3(WinApplication.java:185)
	at java.base/java.lang.Thread.run(Thread.java:1474)
Caused by: java.lang.reflect.InvocationTargetException: null
	at java.base/jdk.internal.reflect.DirectMethodHandleAccessor.invoke(DirectMethodHandleAccessor.java:116)
	at java.base/java.lang.reflect.Method.invoke(Method.java:565)
	at com.sun.javafx.reflect.Trampoline.invoke(MethodUtil.java:72)
	at java.base/jdk.internal.reflect.DirectMethodHandleAccessor.invoke(DirectMethodHandleAccessor.java:104)
	at java.base/java.lang.reflect.Method.invoke(Method.java:565)
	at javafx.base@21.0.6/com.sun.javafx.reflect.MethodUtil.invoke(MethodUtil.java:270)
	at javafx.fxml@21.0.6/com.sun.javafx.fxml.MethodHelper.invoke(MethodHelper.java:84)
	at javafx.fxml@21.0.6/javafx.fxml.FXMLLoader.loadImpl(FXMLLoader.java:2688)
	... 53 common frames omitted
Caused by: java.lang.NullPointerException: Cannot invoke "javafx.scene.control.TableView.setItems(javafx.collections.ObservableList)" because "this.userTableView" is null
	at hr.javafx.energycms/hr.javafx.energycms.controllers.UsersController.initialize(UsersController.java:68)
	at java.base/jdk.internal.reflect.DirectMethodHandleAccessor.invoke(DirectMethodHandleAccessor.java:104)
	... 60 common frames omitted
2026-02-07 05:15:01.209 [JavaFX Application Thread] ERROR h.j.e.app.MainConsoleLauncher - Greška pri učitavanju korisnika iz JSON-a: src\data\users.json
jakarta.json.bind.JsonbException: Cannot create instance of a class: class hr.javafx.energycms.entities.User, No default constructor found.
	at org.eclipse.yasson@3.0.3/org.eclipse.yasson.internal.deserializer.DefaultObjectInstanceCreator.<init>(DefaultObjectInstanceCreator.java:44)
	at org.eclipse.yasson@3.0.3/org.eclipse.yasson.internal.deserializer.DeserializationModelCreator.createObjectDeserializer(DeserializationModelCreator.java:251)
	at org.eclipse.yasson@3.0.3/org.eclipse.yasson.internal.deserializer.DeserializationModelCreator.deserializerChainInternal(DeserializationModelCreator.java:193)
	at org.eclipse.yasson@3.0.3/org.eclipse.yasson.internal.deserializer.DeserializationModelCreator.deserializerChain(DeserializationModelCreator.java:135)
	at org.eclipse.yasson@3.0.3/org.eclipse.yasson.internal.deserializer.DeserializationModelCreator.createNewChain(DeserializationModelCreator.java:488)
	at org.eclipse.yasson@3.0.3/org.eclipse.yasson.internal.deserializer.DeserializationModelCreator.typeProcessor(DeserializationModelCreator.java:477)
	at org.eclipse.yasson@3.0.3/org.eclipse.yasson.internal.deserializer.DeserializationModelCreator.typeProcessor(DeserializationModelCreator.java:430)
	at org.eclipse.yasson@3.0.3/org.eclipse.yasson.internal.deserializer.DeserializationModelCreator.createArrayDeserializer(DeserializationModelCreator.java:334)
	at org.eclipse.yasson@3.0.3/org.eclipse.yasson.internal.deserializer.DeserializationModelCreator.deserializerChainInternal(DeserializationModelCreator.java:187)
	at org.eclipse.yasson@3.0.3/org.eclipse.yasson.internal.deserializer.DeserializationModelCreator.deserializerChain(DeserializationModelCreator.java:135)
	at org.eclipse.yasson@3.0.3/org.eclipse.yasson.internal.deserializer.DeserializationModelCreator.deserializerChain(DeserializationModelCreator.java:123)
	at org.eclipse.yasson@3.0.3/org.eclipse.yasson.internal.DeserializationContextImpl.deserializeItem(DeserializationContextImpl.java:137)
	at org.eclipse.yasson@3.0.3/org.eclipse.yasson.internal.DeserializationContextImpl.deserialize(DeserializationContextImpl.java:127)
	at org.eclipse.yasson@3.0.3/org.eclipse.yasson.internal.JsonBinding.deserialize(JsonBinding.java:55)
	at org.eclipse.yasson@3.0.3/org.eclipse.yasson.internal.JsonBinding.fromJson(JsonBinding.java:62)
	at hr.javafx.energycms/hr.javafx.energycms.repository.JsonRepository.loadUsers(JsonRepository.java:65)
	at hr.javafx.energycms/hr.javafx.energycms.controllers.UsersController.initialize(UsersController.java:65)
	at java.base/jdk.internal.reflect.DirectMethodHandleAccessor.invoke(DirectMethodHandleAccessor.java:104)
	at java.base/java.lang.reflect.Method.invoke(Method.java:565)
	at com.sun.javafx.reflect.Trampoline.invoke(MethodUtil.java:72)
	at java.base/jdk.internal.reflect.DirectMethodHandleAccessor.invoke(DirectMethodHandleAccessor.java:104)
	at java.base/java.lang.reflect.Method.invoke(Method.java:565)
	at javafx.base@21.0.6/com.sun.javafx.reflect.MethodUtil.invoke(MethodUtil.java:270)
	at javafx.fxml@21.0.6/com.sun.javafx.fxml.MethodHelper.invoke(MethodHelper.java:84)
	at javafx.fxml@21.0.6/javafx.fxml.FXMLLoader.loadImpl(FXMLLoader.java:2688)
	at javafx.fxml@21.0.6/javafx.fxml.FXMLLoader.loadImpl(FXMLLoader.java:2563)
	at javafx.fxml@21.0.6/javafx.fxml.FXMLLoader.load(FXMLLoader.java:2531)
	at hr.javafx.energycms/hr.javafx.energycms.controllers.MenuController.showUsersList(MenuController.java:86)
	at java.base/jdk.internal.reflect.DirectMethodHandleAccessor.invoke(DirectMethodHandleAccessor.java:104)
	at java.base/java.lang.reflect.Method.invoke(Method.java:565)
	at com.sun.javafx.reflect.Trampoline.invoke(MethodUtil.java:72)
	at java.base/jdk.internal.reflect.DirectMethodHandleAccessor.invoke(DirectMethodHandleAccessor.java:104)
	at java.base/java.lang.reflect.Method.invoke(Method.java:565)
	at javafx.base@21.0.6/com.sun.javafx.reflect.MethodUtil.invoke(MethodUtil.java:270)
	at javafx.fxml@21.0.6/com.sun.javafx.fxml.MethodHelper.invoke(MethodHelper.java:84)
	at javafx.fxml@21.0.6/javafx.fxml.FXMLLoader$MethodHandler.invoke(FXMLLoader.java:1855)
	at javafx.fxml@21.0.6/javafx.fxml.FXMLLoader$ControllerMethodEventHandler.handle(FXMLLoader.java:1726)
	at javafx.base@21.0.6/com.sun.javafx.event.CompositeEventHandler.dispatchBubblingEvent(CompositeEventHandler.java:86)
	at javafx.base@21.0.6/com.sun.javafx.event.EventHandlerManager.dispatchBubblingEvent(EventHandlerManager.java:232)
	at javafx.base@21.0.6/com.sun.javafx.event.EventHandlerManager.dispatchBubblingEvent(EventHandlerManager.java:189)
	at javafx.base@21.0.6/com.sun.javafx.event.BasicEventDispatcher.dispatchEvent(BasicEventDispatcher.java:58)
	at javafx.base@21.0.6/com.sun.javafx.event.EventDispatchChainImpl.dispatchEvent(EventDispatchChainImpl.java:114)
	at javafx.base@21.0.6/com.sun.javafx.event.EventUtil.fireEventImpl(EventUtil.java:74)
	at javafx.base@21.0.6/com.sun.javafx.event.EventUtil.fireEvent(EventUtil.java:49)
	at javafx.base@21.0.6/javafx.event.Event.fireEvent(Event.java:198)
	at javafx.controls@21.0.6/javafx.scene.control.MenuItem.fire(MenuItem.java:459)
	at javafx.controls@21.0.6/com.sun.javafx.scene.control.ContextMenuContent$MenuItemContainer.doSelect(ContextMenuContent.java:1415)
	at javafx.controls@21.0.6/com.sun.javafx.scene.control.ContextMenuContent$MenuItemContainer.lambda$createChildren$12(ContextMenuContent.java:1368)
	at javafx.base@21.0.6/com.sun.javafx.event.CompositeEventHandler$NormalEventHandlerRecord.handleBubblingEvent(CompositeEventHandler.java:247)
	at javafx.base@21.0.6/com.sun.javafx.event.CompositeEventHandler.dispatchBubblingEvent(CompositeEventHandler.java:80)
	at javafx.base@21.0.6/com.sun.javafx.event.EventHandlerManager.dispatchBubblingEvent(EventHandlerManager.java:232)
	at javafx.base@21.0.6/com.sun.javafx.event.EventHandlerManager.dispatchBubblingEvent(EventHandlerManager.java:189)
	at javafx.base@21.0.6/com.sun.javafx.event.CompositeEventDispatcher.dispatchBubblingEvent(CompositeEventDispatcher.java:59)
	at javafx.base@21.0.6/com.sun.javafx.event.BasicEventDispatcher.dispatchEvent(BasicEventDispatcher.java:58)
	at javafx.base@21.0.6/com.sun.javafx.event.EventDispatchChainImpl.dispatchEvent(EventDispatchChainImpl.java:114)
	at javafx.base@21.0.6/com.sun.javafx.event.BasicEventDispatcher.dispatchEvent(BasicEventDispatcher.java:56)
	at javafx.base@21.0.6/com.sun.javafx.event.EventDispatchChainImpl.dispatchEvent(EventDispatchChainImpl.java:114)
	at javafx.base@21.0.6/com.sun.javafx.event.BasicEventDispatcher.dispatchEvent(BasicEventDispatcher.java:56)
	at javafx.base@21.0.6/com.sun.javafx.event.EventDispatchChainImpl.dispatchEvent(EventDispatchChainImpl.java:114)
	at javafx.base@21.0.6/com.sun.javafx.event.BasicEventDispatcher.dispatchEvent(BasicEventDispatcher.java:56)
	at javafx.base@21.0.6/com.sun.javafx.event.EventDispatchChainImpl.dispatchEvent(EventDispatchChainImpl.java:114)
	at javafx.base@21.0.6/com.sun.javafx.event.EventUtil.fireEventImpl(EventUtil.java:74)
	at javafx.base@21.0.6/com.sun.javafx.event.EventUtil.fireEvent(EventUtil.java:54)
	at javafx.base@21.0.6/javafx.event.Event.fireEvent(Event.java:198)
	at javafx.graphics@21.0.6/javafx.scene.Scene$MouseHandler.process(Scene.java:3984)
	at javafx.graphics@21.0.6/javafx.scene.Scene.processMouseEvent(Scene.java:1890)
	at javafx.graphics@21.0.6/javafx.scene.Scene$ScenePeerListener.mouseEvent(Scene.java:2708)
	at javafx.graphics@21.0.6/com.sun.javafx.tk.quantum.GlassViewEventHandler$MouseEventNotification.run(GlassViewEventHandler.java:411)
	at javafx.graphics@21.0.6/com.sun.javafx.tk.quantum.GlassViewEventHandler$MouseEventNotification.run(GlassViewEventHandler.java:301)
	at java.base/java.security.AccessController.doPrivileged(AccessController.java:138)
	at javafx.graphics@21.0.6/com.sun.javafx.tk.quantum.GlassViewEventHandler.lambda$handleMouseEvent$2(GlassViewEventHandler.java:450)
	at javafx.graphics@21.0.6/com.sun.javafx.tk.quantum.QuantumToolkit.runWithoutRenderLock(QuantumToolkit.java:424)
	at javafx.graphics@21.0.6/com.sun.javafx.tk.quantum.GlassViewEventHandler.handleMouseEvent(GlassViewEventHandler.java:449)
	at javafx.graphics@21.0.6/com.sun.glass.ui.View.handleMouseEvent(View.java:551)
	at javafx.graphics@21.0.6/com.sun.glass.ui.View.notifyMouse(View.java:937)
	at javafx.graphics@21.0.6/com.sun.glass.ui.win.WinApplication._runLoop(Native Method)
	at javafx.graphics@21.0.6/com.sun.glass.ui.win.WinApplication.lambda$runLoop$3(WinApplication.java:185)
	at java.base/java.lang.Thread.run(Thread.java:1474)
2026-02-07 05:56:29.263 [JavaFX Application Thread] ERROR h.j.e.app.MainConsoleLauncher - Greška pri učitavanju korisnika iz JSON-a: src\data\users.json
jakarta.json.bind.JsonbException: Cannot create instance of a class: class hr.javafx.energycms.entities.User, No default constructor found.
	at org.eclipse.yasson@3.0.3/org.eclipse.yasson.internal.deserializer.DefaultObjectInstanceCreator.<init>(DefaultObjectInstanceCreator.java:44)
	at org.eclipse.yasson@3.0.3/org.eclipse.yasson.internal.deserializer.DeserializationModelCreator.createObjectDeserializer(DeserializationModelCreator.java:251)
	at org.eclipse.yasson@3.0.3/org.eclipse.yasson.internal.deserializer.DeserializationModelCreator.deserializerChainInternal(DeserializationModelCreator.java:193)
	at org.eclipse.yasson@3.0.3/org.eclipse.yasson.internal.deserializer.DeserializationModelCreator.deserializerChain(DeserializationModelCreator.java:135)
	at org.eclipse.yasson@3.0.3/org.eclipse.yasson.internal.deserializer.DeserializationModelCreator.createNewChain(DeserializationModelCreator.java:488)
	at org.eclipse.yasson@3.0.3/org.eclipse.yasson.internal.deserializer.DeserializationModelCreator.typeProcessor(DeserializationModelCreator.java:477)
	at org.eclipse.yasson@3.0.3/org.eclipse.yasson.internal.deserializer.DeserializationModelCreator.typeProcessor(DeserializationModelCreator.java:430)
	at org.eclipse.yasson@3.0.3/org.eclipse.yasson.internal.deserializer.DeserializationModelCreator.createArrayDeserializer(DeserializationModelCreator.java:334)
	at org.eclipse.yasson@3.0.3/org.eclipse.yasson.internal.deserializer.DeserializationModelCreator.deserializerChainInternal(DeserializationModelCreator.java:187)
	at org.eclipse.yasson@3.0.3/org.eclipse.yasson.internal.deserializer.DeserializationModelCreator.deserializerChain(DeserializationModelCreator.java:135)
	at org.eclipse.yasson@3.0.3/org.eclipse.yasson.internal.deserializer.DeserializationModelCreator.deserializerChain(DeserializationModelCreator.java:123)
	at org.eclipse.yasson@3.0.3/org.eclipse.yasson.internal.DeserializationContextImpl.deserializeItem(DeserializationContextImpl.java:137)
	at org.eclipse.yasson@3.0.3/org.eclipse.yasson.internal.DeserializationContextImpl.deserialize(DeserializationContextImpl.java:127)
	at org.eclipse.yasson@3.0.3/org.eclipse.yasson.internal.JsonBinding.deserialize(JsonBinding.java:55)
	at org.eclipse.yasson@3.0.3/org.eclipse.yasson.internal.JsonBinding.fromJson(JsonBinding.java:62)
	at hr.javafx.energycms/hr.javafx.energycms.repository.JsonRepository.loadUsers(JsonRepository.java:65)
	at hr.javafx.energycms/hr.javafx.energycms.controllers.UsersController.initialize(UsersController.java:65)
	at java.base/jdk.internal.reflect.DirectMethodHandleAccessor.invoke(DirectMethodHandleAccessor.java:104)
	at java.base/java.lang.reflect.Method.invoke(Method.java:565)
	at com.sun.javafx.reflect.Trampoline.invoke(MethodUtil.java:72)
	at java.base/jdk.internal.reflect.DirectMethodHandleAccessor.invoke(DirectMethodHandleAccessor.java:104)
	at java.base/java.lang.reflect.Method.invoke(Method.java:565)
	at javafx.base@21.0.6/com.sun.javafx.reflect.MethodUtil.invoke(MethodUtil.java:270)
	at javafx.fxml@21.0.6/com.sun.javafx.fxml.MethodHelper.invoke(MethodHelper.java:84)
	at javafx.fxml@21.0.6/javafx.fxml.FXMLLoader.loadImpl(FXMLLoader.java:2688)
	at javafx.fxml@21.0.6/javafx.fxml.FXMLLoader.loadImpl(FXMLLoader.java:2563)
	at javafx.fxml@21.0.6/javafx.fxml.FXMLLoader.load(FXMLLoader.java:2531)
	at hr.javafx.energycms/hr.javafx.energycms.controllers.MenuController.showUsersList(MenuController.java:86)
	at java.base/jdk.internal.reflect.DirectMethodHandleAccessor.invoke(DirectMethodHandleAccessor.java:104)
	at java.base/java.lang.reflect.Method.invoke(Method.java:565)
	at com.sun.javafx.reflect.Trampoline.invoke(MethodUtil.java:72)
	at java.base/jdk.internal.reflect.DirectMethodHandleAccessor.invoke(DirectMethodHandleAccessor.java:104)
	at java.base/java.lang.reflect.Method.invoke(Method.java:565)
	at javafx.base@21.0.6/com.sun.javafx.reflect.MethodUtil.invoke(MethodUtil.java:270)
	at javafx.fxml@21.0.6/com.sun.javafx.fxml.MethodHelper.invoke(MethodHelper.java:84)
	at javafx.fxml@21.0.6/javafx.fxml.FXMLLoader$MethodHandler.invoke(FXMLLoader.java:1855)
	at javafx.fxml@21.0.6/javafx.fxml.FXMLLoader$ControllerMethodEventHandler.handle(FXMLLoader.java:1726)
	at javafx.base@21.0.6/com.sun.javafx.event.CompositeEventHandler.dispatchBubblingEvent(CompositeEventHandler.java:86)
	at javafx.base@21.0.6/com.sun.javafx.event.EventHandlerManager.dispatchBubblingEvent(EventHandlerManager.java:232)
	at javafx.base@21.0.6/com.sun.javafx.event.EventHandlerManager.dispatchBubblingEvent(EventHandlerManager.java:189)
	at javafx.base@21.0.6/com.sun.javafx.event.BasicEventDispatcher.dispatchEvent(BasicEventDispatcher.java:58)
	at javafx.base@21.0.6/com.sun.javafx.event.EventDispatchChainImpl.dispatchEvent(EventDispatchChainImpl.java:114)
	at javafx.base@21.0.6/com.sun.javafx.event.EventUtil.fireEventImpl(EventUtil.java:74)
	at javafx.base@21.0.6/com.sun.javafx.event.EventUtil.fireEvent(EventUtil.java:49)
	at javafx.base@21.0.6/javafx.event.Event.fireEvent(Event.java:198)
	at javafx.controls@21.0.6/javafx.scene.control.MenuItem.fire(MenuItem.java:459)
	at javafx.controls@21.0.6/com.sun.javafx.scene.control.ContextMenuContent$MenuItemContainer.doSelect(ContextMenuContent.java:1415)
	at javafx.controls@21.0.6/com.sun.javafx.scene.control.ContextMenuContent$MenuItemContainer.lambda$createChildren$12(ContextMenuContent.java:1368)
	at javafx.base@21.0.6/com.sun.javafx.event.CompositeEventHandler$NormalEventHandlerRecord.handleBubblingEvent(CompositeEventHandler.java:247)
	at javafx.base@21.0.6/com.sun.javafx.event.CompositeEventHandler.dispatchBubblingEvent(CompositeEventHandler.java:80)
	at javafx.base@21.0.6/com.sun.javafx.event.EventHandlerManager.dispatchBubblingEvent(EventHandlerManager.java:232)
	at javafx.base@21.0.6/com.sun.javafx.event.EventHandlerManager.dispatchBubblingEvent(EventHandlerManager.java:189)
	at javafx.base@21.0.6/com.sun.javafx.event.CompositeEventDispatcher.dispatchBubblingEvent(CompositeEventDispatcher.java:59)
	at javafx.base@21.0.6/com.sun.javafx.event.BasicEventDispatcher.dispatchEvent(BasicEventDispatcher.java:58)
	at javafx.base@21.0.6/com.sun.javafx.event.EventDispatchChainImpl.dispatchEvent(EventDispatchChainImpl.java:114)
	at javafx.base@21.0.6/com.sun.javafx.event.BasicEventDispatcher.dispatchEvent(BasicEventDispatcher.java:56)
	at javafx.base@21.0.6/com.sun.javafx.event.EventDispatchChainImpl.dispatchEvent(EventDispatchChainImpl.java:114)
	at javafx.base@21.0.6/com.sun.javafx.event.BasicEventDispatcher.dispatchEvent(BasicEventDispatcher.java:56)
	at javafx.base@21.0.6/com.sun.javafx.event.EventDispatchChainImpl.dispatchEvent(EventDispatchChainImpl.java:114)
	at javafx.base@21.0.6/com.sun.javafx.event.BasicEventDispatcher.dispatchEvent(BasicEventDispatcher.java:56)
	at javafx.base@21.0.6/com.sun.javafx.event.EventDispatchChainImpl.dispatchEvent(EventDispatchChainImpl.java:114)
	at javafx.base@21.0.6/com.sun.javafx.event.EventUtil.fireEventImpl(EventUtil.java:74)
	at javafx.base@21.0.6/com.sun.javafx.event.EventUtil.fireEvent(EventUtil.java:54)
	at javafx.base@21.0.6/javafx.event.Event.fireEvent(Event.java:198)
	at javafx.graphics@21.0.6/javafx.scene.Scene$MouseHandler.process(Scene.java:3984)
	at javafx.graphics@21.0.6/javafx.scene.Scene.processMouseEvent(Scene.java:1890)
	at javafx.graphics@21.0.6/javafx.scene.Scene$ScenePeerListener.mouseEvent(Scene.java:2708)
	at javafx.graphics@21.0.6/com.sun.javafx.tk.quantum.GlassViewEventHandler$MouseEventNotification.run(GlassViewEventHandler.java:411)
	at javafx.graphics@21.0.6/com.sun.javafx.tk.quantum.GlassViewEventHandler$MouseEventNotification.run(GlassViewEventHandler.java:301)
	at java.base/java.security.AccessController.doPrivileged(AccessController.java:138)
	at javafx.graphics@21.0.6/com.sun.javafx.tk.quantum.GlassViewEventHandler.lambda$handleMouseEvent$2(GlassViewEventHandler.java:450)
	at javafx.graphics@21.0.6/com.sun.javafx.tk.quantum.QuantumToolkit.runWithoutRenderLock(QuantumToolkit.java:424)
	at javafx.graphics@21.0.6/com.sun.javafx.tk.quantum.GlassViewEventHandler.handleMouseEvent(GlassViewEventHandler.java:449)
	at javafx.graphics@21.0.6/com.sun.glass.ui.View.handleMouseEvent(View.java:551)
	at javafx.graphics@21.0.6/com.sun.glass.ui.View.notifyMouse(View.java:937)
	at javafx.graphics@21.0.6/com.sun.glass.ui.win.WinApplication._runLoop(Native Method)
	at javafx.graphics@21.0.6/com.sun.glass.ui.win.WinApplication.lambda$runLoop$3(WinApplication.java:185)
	at java.base/java.lang.Thread.run(Thread.java:1474)
2026-02-07 05:56:48.868 [JavaFX Application Thread] ERROR h.j.e.app.MainConsoleLauncher - Greška pri učitavanju korisnika iz JSON-a: src\data\users.json
jakarta.json.bind.JsonbException: Cannot create instance of a class: class hr.javafx.energycms.entities.User, No default constructor found.
	at org.eclipse.yasson@3.0.3/org.eclipse.yasson.internal.deserializer.DefaultObjectInstanceCreator.<init>(DefaultObjectInstanceCreator.java:44)
	at org.eclipse.yasson@3.0.3/org.eclipse.yasson.internal.deserializer.DeserializationModelCreator.createObjectDeserializer(DeserializationModelCreator.java:251)
	at org.eclipse.yasson@3.0.3/org.eclipse.yasson.internal.deserializer.DeserializationModelCreator.deserializerChainInternal(DeserializationModelCreator.java:193)
	at org.eclipse.yasson@3.0.3/org.eclipse.yasson.internal.deserializer.DeserializationModelCreator.deserializerChain(DeserializationModelCreator.java:135)
	at org.eclipse.yasson@3.0.3/org.eclipse.yasson.internal.deserializer.DeserializationModelCreator.createNewChain(DeserializationModelCreator.java:488)
	at org.eclipse.yasson@3.0.3/org.eclipse.yasson.internal.deserializer.DeserializationModelCreator.typeProcessor(DeserializationModelCreator.java:477)
	at org.eclipse.yasson@3.0.3/org.eclipse.yasson.internal.deserializer.DeserializationModelCreator.typeProcessor(DeserializationModelCreator.java:430)
	at org.eclipse.yasson@3.0.3/org.eclipse.yasson.internal.deserializer.DeserializationModelCreator.createArrayDeserializer(DeserializationModelCreator.java:334)
	at org.eclipse.yasson@3.0.3/org.eclipse.yasson.internal.deserializer.DeserializationModelCreator.deserializerChainInternal(DeserializationModelCreator.java:187)
	at org.eclipse.yasson@3.0.3/org.eclipse.yasson.internal.deserializer.DeserializationModelCreator.deserializerChain(DeserializationModelCreator.java:135)
	at org.eclipse.yasson@3.0.3/org.eclipse.yasson.internal.deserializer.DeserializationModelCreator.deserializerChain(DeserializationModelCreator.java:123)
	at org.eclipse.yasson@3.0.3/org.eclipse.yasson.internal.DeserializationContextImpl.deserializeItem(DeserializationContextImpl.java:137)
	at org.eclipse.yasson@3.0.3/org.eclipse.yasson.internal.DeserializationContextImpl.deserialize(DeserializationContextImpl.java:127)
	at org.eclipse.yasson@3.0.3/org.eclipse.yasson.internal.JsonBinding.deserialize(JsonBinding.java:55)
	at org.eclipse.yasson@3.0.3/org.eclipse.yasson.internal.JsonBinding.fromJson(JsonBinding.java:62)
	at hr.javafx.energycms/hr.javafx.energycms.repository.JsonRepository.loadUsers(JsonRepository.java:65)
	at hr.javafx.energycms/hr.javafx.energycms.controllers.UsersController.initialize(UsersController.java:65)
	at java.base/jdk.internal.reflect.DirectMethodHandleAccessor.invoke(DirectMethodHandleAccessor.java:104)
	at java.base/java.lang.reflect.Method.invoke(Method.java:565)
	at com.sun.javafx.reflect.Trampoline.invoke(MethodUtil.java:72)
	at java.base/jdk.internal.reflect.DirectMethodHandleAccessor.invoke(DirectMethodHandleAccessor.java:104)
	at java.base/java.lang.reflect.Method.invoke(Method.java:565)
	at javafx.base@21.0.6/com.sun.javafx.reflect.MethodUtil.invoke(MethodUtil.java:270)
	at javafx.fxml@21.0.6/com.sun.javafx.fxml.MethodHelper.invoke(MethodHelper.java:84)
	at javafx.fxml@21.0.6/javafx.fxml.FXMLLoader.loadImpl(FXMLLoader.java:2688)
	at javafx.fxml@21.0.6/javafx.fxml.FXMLLoader.loadImpl(FXMLLoader.java:2563)
	at javafx.fxml@21.0.6/javafx.fxml.FXMLLoader.load(FXMLLoader.java:2531)
	at hr.javafx.energycms/hr.javafx.energycms.controllers.MenuController.showUsersList(MenuController.java:86)
	at java.base/jdk.internal.reflect.DirectMethodHandleAccessor.invoke(DirectMethodHandleAccessor.java:104)
	at java.base/java.lang.reflect.Method.invoke(Method.java:565)
	at com.sun.javafx.reflect.Trampoline.invoke(MethodUtil.java:72)
	at java.base/jdk.internal.reflect.DirectMethodHandleAccessor.invoke(DirectMethodHandleAccessor.java:104)
	at java.base/java.lang.reflect.Method.invoke(Method.java:565)
	at javafx.base@21.0.6/com.sun.javafx.reflect.MethodUtil.invoke(MethodUtil.java:270)
	at javafx.fxml@21.0.6/com.sun.javafx.fxml.MethodHelper.invoke(MethodHelper.java:84)
	at javafx.fxml@21.0.6/javafx.fxml.FXMLLoader$MethodHandler.invoke(FXMLLoader.java:1855)
	at javafx.fxml@21.0.6/javafx.fxml.FXMLLoader$ControllerMethodEventHandler.handle(FXMLLoader.java:1726)
	at javafx.base@21.0.6/com.sun.javafx.event.CompositeEventHandler.dispatchBubblingEvent(CompositeEventHandler.java:86)
	at javafx.base@21.0.6/com.sun.javafx.event.EventHandlerManager.dispatchBubblingEvent(EventHandlerManager.java:232)
	at javafx.base@21.0.6/com.sun.javafx.event.EventHandlerManager.dispatchBubblingEvent(EventHandlerManager.java:189)
	at javafx.base@21.0.6/com.sun.javafx.event.BasicEventDispatcher.dispatchEvent(BasicEventDispatcher.java:58)
	at javafx.base@21.0.6/com.sun.javafx.event.EventDispatchChainImpl.dispatchEvent(EventDispatchChainImpl.java:114)
	at javafx.base@21.0.6/com.sun.javafx.event.EventUtil.fireEventImpl(EventUtil.java:74)
	at javafx.base@21.0.6/com.sun.javafx.event.EventUtil.fireEvent(EventUtil.java:49)
	at javafx.base@21.0.6/javafx.event.Event.fireEvent(Event.java:198)
	at javafx.controls@21.0.6/javafx.scene.control.MenuItem.fire(MenuItem.java:459)
	at javafx.controls@21.0.6/com.sun.javafx.scene.control.ContextMenuContent$MenuItemContainer.doSelect(ContextMenuContent.java:1415)
	at javafx.controls@21.0.6/com.sun.javafx.scene.control.ContextMenuContent$MenuItemContainer.lambda$createChildren$12(ContextMenuContent.java:1368)
	at javafx.base@21.0.6/com.sun.javafx.event.CompositeEventHandler$NormalEventHandlerRecord.handleBubblingEvent(CompositeEventHandler.java:247)
	at javafx.base@21.0.6/com.sun.javafx.event.CompositeEventHandler.dispatchBubblingEvent(CompositeEventHandler.java:80)
	at javafx.base@21.0.6/com.sun.javafx.event.EventHandlerManager.dispatchBubblingEvent(EventHandlerManager.java:232)
	at javafx.base@21.0.6/com.sun.javafx.event.EventHandlerManager.dispatchBubblingEvent(EventHandlerManager.java:189)
	at javafx.base@21.0.6/com.sun.javafx.event.CompositeEventDispatcher.dispatchBubblingEvent(CompositeEventDispatcher.java:59)
	at javafx.base@21.0.6/com.sun.javafx.event.BasicEventDispatcher.dispatchEvent(BasicEventDispatcher.java:58)
	at javafx.base@21.0.6/com.sun.javafx.event.EventDispatchChainImpl.dispatchEvent(EventDispatchChainImpl.java:114)
	at javafx.base@21.0.6/com.sun.javafx.event.BasicEventDispatcher.dispatchEvent(BasicEventDispatcher.java:56)
	at javafx.base@21.0.6/com.sun.javafx.event.EventDispatchChainImpl.dispatchEvent(EventDispatchChainImpl.java:114)
	at javafx.base@21.0.6/com.sun.javafx.event.BasicEventDispatcher.dispatchEvent(BasicEventDispatcher.java:56)
	at javafx.base@21.0.6/com.sun.javafx.event.EventDispatchChainImpl.dispatchEvent(EventDispatchChainImpl.java:114)
	at javafx.base@21.0.6/com.sun.javafx.event.BasicEventDispatcher.dispatchEvent(BasicEventDispatcher.java:56)
	at javafx.base@21.0.6/com.sun.javafx.event.EventDispatchChainImpl.dispatchEvent(EventDispatchChainImpl.java:114)
	at javafx.base@21.0.6/com.sun.javafx.event.EventUtil.fireEventImpl(EventUtil.java:74)
	at javafx.base@21.0.6/com.sun.javafx.event.EventUtil.fireEvent(EventUtil.java:54)
	at javafx.base@21.0.6/javafx.event.Event.fireEvent(Event.java:198)
	at javafx.graphics@21.0.6/javafx.scene.Scene$MouseHandler.process(Scene.java:3984)
	at javafx.graphics@21.0.6/javafx.scene.Scene.processMouseEvent(Scene.java:1890)
	at javafx.graphics@21.0.6/javafx.scene.Scene$ScenePeerListener.mouseEvent(Scene.java:2708)
	at javafx.graphics@21.0.6/com.sun.javafx.tk.quantum.GlassViewEventHandler$MouseEventNotification.run(GlassViewEventHandler.java:411)
	at javafx.graphics@21.0.6/com.sun.javafx.tk.quantum.GlassViewEventHandler$MouseEventNotification.run(GlassViewEventHandler.java:301)
	at java.base/java.security.AccessController.doPrivileged(AccessController.java:138)
	at javafx.graphics@21.0.6/com.sun.javafx.tk.quantum.GlassViewEventHandler.lambda$handleMouseEvent$2(GlassViewEventHandler.java:450)
	at javafx.graphics@21.0.6/com.sun.javafx.tk.quantum.QuantumToolkit.runWithoutRenderLock(QuantumToolkit.java:424)
	at javafx.graphics@21.0.6/com.sun.javafx.tk.quantum.GlassViewEventHandler.handleMouseEvent(GlassViewEventHandler.java:449)
	at javafx.graphics@21.0.6/com.sun.glass.ui.View.handleMouseEvent(View.java:551)
	at javafx.graphics@21.0.6/com.sun.glass.ui.View.notifyMouse(View.java:937)
	at javafx.graphics@21.0.6/com.sun.glass.ui.win.WinApplication._runLoop(Native Method)
	at javafx.graphics@21.0.6/com.sun.glass.ui.win.WinApplication.lambda$runLoop$3(WinApplication.java:185)
	at java.base/java.lang.Thread.run(Thread.java:1474)
2026-02-07 05:57:51.269 [JavaFX Application Thread] ERROR h.j.e.app.MainConsoleLauncher - Greška pri učitavanju korisnika iz JSON-a: src\data\users.json
jakarta.json.bind.JsonbException: Cannot create instance of a class: class hr.javafx.energycms.entities.User, No default constructor found.
	at org.eclipse.yasson@3.0.3/org.eclipse.yasson.internal.deserializer.DefaultObjectInstanceCreator.<init>(DefaultObjectInstanceCreator.java:44)
	at org.eclipse.yasson@3.0.3/org.eclipse.yasson.internal.deserializer.DeserializationModelCreator.createObjectDeserializer(DeserializationModelCreator.java:251)
	at org.eclipse.yasson@3.0.3/org.eclipse.yasson.internal.deserializer.DeserializationModelCreator.deserializerChainInternal(DeserializationModelCreator.java:193)
	at org.eclipse.yasson@3.0.3/org.eclipse.yasson.internal.deserializer.DeserializationModelCreator.deserializerChain(DeserializationModelCreator.java:135)
	at org.eclipse.yasson@3.0.3/org.eclipse.yasson.internal.deserializer.DeserializationModelCreator.createNewChain(DeserializationModelCreator.java:488)
	at org.eclipse.yasson@3.0.3/org.eclipse.yasson.internal.deserializer.DeserializationModelCreator.typeProcessor(DeserializationModelCreator.java:477)
	at org.eclipse.yasson@3.0.3/org.eclipse.yasson.internal.deserializer.DeserializationModelCreator.typeProcessor(DeserializationModelCreator.java:430)
	at org.eclipse.yasson@3.0.3/org.eclipse.yasson.internal.deserializer.DeserializationModelCreator.createArrayDeserializer(DeserializationModelCreator.java:334)
	at org.eclipse.yasson@3.0.3/org.eclipse.yasson.internal.deserializer.DeserializationModelCreator.deserializerChainInternal(DeserializationModelCreator.java:187)
	at org.eclipse.yasson@3.0.3/org.eclipse.yasson.internal.deserializer.DeserializationModelCreator.deserializerChain(DeserializationModelCreator.java:135)
	at org.eclipse.yasson@3.0.3/org.eclipse.yasson.internal.deserializer.DeserializationModelCreator.deserializerChain(DeserializationModelCreator.java:123)
	at org.eclipse.yasson@3.0.3/org.eclipse.yasson.internal.DeserializationContextImpl.deserializeItem(DeserializationContextImpl.java:137)
	at org.eclipse.yasson@3.0.3/org.eclipse.yasson.internal.DeserializationContextImpl.deserialize(DeserializationContextImpl.java:127)
	at org.eclipse.yasson@3.0.3/org.eclipse.yasson.internal.JsonBinding.deserialize(JsonBinding.java:55)
	at org.eclipse.yasson@3.0.3/org.eclipse.yasson.internal.JsonBinding.fromJson(JsonBinding.java:62)
	at hr.javafx.energycms/hr.javafx.energycms.repository.JsonRepository.loadUsers(JsonRepository.java:65)
	at hr.javafx.energycms/hr.javafx.energycms.controllers.UsersController.initialize(UsersController.java:65)
	at java.base/jdk.internal.reflect.DirectMethodHandleAccessor.invoke(DirectMethodHandleAccessor.java:104)
	at java.base/java.lang.reflect.Method.invoke(Method.java:565)
	at com.sun.javafx.reflect.Trampoline.invoke(MethodUtil.java:72)
	at java.base/jdk.internal.reflect.DirectMethodHandleAccessor.invoke(DirectMethodHandleAccessor.java:104)
	at java.base/java.lang.reflect.Method.invoke(Method.java:565)
	at javafx.base@21.0.6/com.sun.javafx.reflect.MethodUtil.invoke(MethodUtil.java:270)
	at javafx.fxml@21.0.6/com.sun.javafx.fxml.MethodHelper.invoke(MethodHelper.java:84)
	at javafx.fxml@21.0.6/javafx.fxml.FXMLLoader.loadImpl(FXMLLoader.java:2688)
	at javafx.fxml@21.0.6/javafx.fxml.FXMLLoader.loadImpl(FXMLLoader.java:2563)
	at javafx.fxml@21.0.6/javafx.fxml.FXMLLoader.load(FXMLLoader.java:2531)
	at hr.javafx.energycms/hr.javafx.energycms.controllers.MenuController.showUsersList(MenuController.java:86)
	at java.base/jdk.internal.reflect.DirectMethodHandleAccessor.invoke(DirectMethodHandleAccessor.java:104)
	at java.base/java.lang.reflect.Method.invoke(Method.java:565)
	at com.sun.javafx.reflect.Trampoline.invoke(MethodUtil.java:72)
	at java.base/jdk.internal.reflect.DirectMethodHandleAccessor.invoke(DirectMethodHandleAccessor.java:104)
	at java.base/java.lang.reflect.Method.invoke(Method.java:565)
	at javafx.base@21.0.6/com.sun.javafx.reflect.MethodUtil.invoke(MethodUtil.java:270)
	at javafx.fxml@21.0.6/com.sun.javafx.fxml.MethodHelper.invoke(MethodHelper.java:84)
	at javafx.fxml@21.0.6/javafx.fxml.FXMLLoader$MethodHandler.invoke(FXMLLoader.java:1855)
	at javafx.fxml@21.0.6/javafx.fxml.FXMLLoader$ControllerMethodEventHandler.handle(FXMLLoader.java:1726)
	at javafx.base@21.0.6/com.sun.javafx.event.CompositeEventHandler.dispatchBubblingEvent(CompositeEventHandler.java:86)
	at javafx.base@21.0.6/com.sun.javafx.event.EventHandlerManager.dispatchBubblingEvent(EventHandlerManager.java:232)
	at javafx.base@21.0.6/com.sun.javafx.event.EventHandlerManager.dispatchBubblingEvent(EventHandlerManager.java:189)
	at javafx.base@21.0.6/com.sun.javafx.event.BasicEventDispatcher.dispatchEvent(BasicEventDispatcher.java:58)
	at javafx.base@21.0.6/com.sun.javafx.event.EventDispatchChainImpl.dispatchEvent(EventDispatchChainImpl.java:114)
	at javafx.base@21.0.6/com.sun.javafx.event.EventUtil.fireEventImpl(EventUtil.java:74)
	at javafx.base@21.0.6/com.sun.javafx.event.EventUtil.fireEvent(EventUtil.java:49)
	at javafx.base@21.0.6/javafx.event.Event.fireEvent(Event.java:198)
	at javafx.controls@21.0.6/javafx.scene.control.MenuItem.fire(MenuItem.java:459)
	at javafx.controls@21.0.6/com.sun.javafx.scene.control.ContextMenuContent$MenuItemContainer.doSelect(ContextMenuContent.java:1415)
	at javafx.controls@21.0.6/com.sun.javafx.scene.control.ContextMenuContent$MenuItemContainer.lambda$createChildren$12(ContextMenuContent.java:1368)
	at javafx.base@21.0.6/com.sun.javafx.event.CompositeEventHandler$NormalEventHandlerRecord.handleBubblingEvent(CompositeEventHandler.java:247)
	at javafx.base@21.0.6/com.sun.javafx.event.CompositeEventHandler.dispatchBubblingEvent(CompositeEventHandler.java:80)
	at javafx.base@21.0.6/com.sun.javafx.event.EventHandlerManager.dispatchBubblingEvent(EventHandlerManager.java:232)
	at javafx.base@21.0.6/com.sun.javafx.event.EventHandlerManager.dispatchBubblingEvent(EventHandlerManager.java:189)
	at javafx.base@21.0.6/com.sun.javafx.event.CompositeEventDispatcher.dispatchBubblingEvent(CompositeEventDispatcher.java:59)
	at javafx.base@21.0.6/com.sun.javafx.event.BasicEventDispatcher.dispatchEvent(BasicEventDispatcher.java:58)
	at javafx.base@21.0.6/com.sun.javafx.event.EventDispatchChainImpl.dispatchEvent(EventDispatchChainImpl.java:114)
	at javafx.base@21.0.6/com.sun.javafx.event.BasicEventDispatcher.dispatchEvent(BasicEventDispatcher.java:56)
	at javafx.base@21.0.6/com.sun.javafx.event.EventDispatchChainImpl.dispatchEvent(EventDispatchChainImpl.java:114)
	at javafx.base@21.0.6/com.sun.javafx.event.BasicEventDispatcher.dispatchEvent(BasicEventDispatcher.java:56)
	at javafx.base@21.0.6/com.sun.javafx.event.EventDispatchChainImpl.dispatchEvent(EventDispatchChainImpl.java:114)
	at javafx.base@21.0.6/com.sun.javafx.event.BasicEventDispatcher.dispatchEvent(BasicEventDispatcher.java:56)
	at javafx.base@21.0.6/com.sun.javafx.event.EventDispatchChainImpl.dispatchEvent(EventDispatchChainImpl.java:114)
	at javafx.base@21.0.6/com.sun.javafx.event.EventUtil.fireEventImpl(EventUtil.java:74)
	at javafx.base@21.0.6/com.sun.javafx.event.EventUtil.fireEvent(EventUtil.java:54)
	at javafx.base@21.0.6/javafx.event.Event.fireEvent(Event.java:198)
	at javafx.graphics@21.0.6/javafx.scene.Scene$MouseHandler.process(Scene.java:3984)
	at javafx.graphics@21.0.6/javafx.scene.Scene.processMouseEvent(Scene.java:1890)
	at javafx.graphics@21.0.6/javafx.scene.Scene$ScenePeerListener.mouseEvent(Scene.java:2708)
	at javafx.graphics@21.0.6/com.sun.javafx.tk.quantum.GlassViewEventHandler$MouseEventNotification.run(GlassViewEventHandler.java:411)
	at javafx.graphics@21.0.6/com.sun.javafx.tk.quantum.GlassViewEventHandler$MouseEventNotification.run(GlassViewEventHandler.java:301)
	at java.base/java.security.AccessController.doPrivileged(AccessController.java:138)
	at javafx.graphics@21.0.6/com.sun.javafx.tk.quantum.GlassViewEventHandler.lambda$handleMouseEvent$2(GlassViewEventHandler.java:450)
	at javafx.graphics@21.0.6/com.sun.javafx.tk.quantum.QuantumToolkit.runWithoutRenderLock(QuantumToolkit.java:424)
	at javafx.graphics@21.0.6/com.sun.javafx.tk.quantum.GlassViewEventHandler.handleMouseEvent(GlassViewEventHandler.java:449)
	at javafx.graphics@21.0.6/com.sun.glass.ui.View.handleMouseEvent(View.java:551)
	at javafx.graphics@21.0.6/com.sun.glass.ui.View.notifyMouse(View.java:937)
	at javafx.graphics@21.0.6/com.sun.glass.ui.win.WinApplication._runLoop(Native Method)
	at javafx.graphics@21.0.6/com.sun.glass.ui.win.WinApplication.lambda$runLoop$3(WinApplication.java:185)
	at java.base/java.lang.Thread.run(Thread.java:1474)
2026-02-08 21:27:50.575 [JavaFX Application Thread] ERROR h.j.e.app.MainConsoleLauncher - Greška pri učitavanju korisnika iz JSON-a: src\data\users.json
jakarta.json.bind.JsonbException: Cannot create instance of a class: class hr.javafx.energycms.entities.User, No default constructor found.
	at org.eclipse.yasson@3.0.3/org.eclipse.yasson.internal.deserializer.DefaultObjectInstanceCreator.<init>(DefaultObjectInstanceCreator.java:44)
	at org.eclipse.yasson@3.0.3/org.eclipse.yasson.internal.deserializer.DeserializationModelCreator.createObjectDeserializer(DeserializationModelCreator.java:251)
	at org.eclipse.yasson@3.0.3/org.eclipse.yasson.internal.deserializer.DeserializationModelCreator.deserializerChainInternal(DeserializationModelCreator.java:193)
	at org.eclipse.yasson@3.0.3/org.eclipse.yasson.internal.deserializer.DeserializationModelCreator.deserializerChain(DeserializationModelCreator.java:135)
	at org.eclipse.yasson@3.0.3/org.eclipse.yasson.internal.deserializer.DeserializationModelCreator.createNewChain(DeserializationModelCreator.java:488)
	at org.eclipse.yasson@3.0.3/org.eclipse.yasson.internal.deserializer.DeserializationModelCreator.typeProcessor(DeserializationModelCreator.java:477)
	at org.eclipse.yasson@3.0.3/org.eclipse.yasson.internal.deserializer.DeserializationModelCreator.typeProcessor(DeserializationModelCreator.java:430)
	at org.eclipse.yasson@3.0.3/org.eclipse.yasson.internal.deserializer.DeserializationModelCreator.createArrayDeserializer(DeserializationModelCreator.java:334)
	at org.eclipse.yasson@3.0.3/org.eclipse.yasson.internal.deserializer.DeserializationModelCreator.deserializerChainInternal(DeserializationModelCreator.java:187)
	at org.eclipse.yasson@3.0.3/org.eclipse.yasson.internal.deserializer.DeserializationModelCreator.deserializerChain(DeserializationModelCreator.java:135)
	at org.eclipse.yasson@3.0.3/org.eclipse.yasson.internal.deserializer.DeserializationModelCreator.deserializerChain(DeserializationModelCreator.java:123)
	at org.eclipse.yasson@3.0.3/org.eclipse.yasson.internal.DeserializationContextImpl.deserializeItem(DeserializationContextImpl.java:137)
	at org.eclipse.yasson@3.0.3/org.eclipse.yasson.internal.DeserializationContextImpl.deserialize(DeserializationContextImpl.java:127)
	at org.eclipse.yasson@3.0.3/org.eclipse.yasson.internal.JsonBinding.deserialize(JsonBinding.java:55)
	at org.eclipse.yasson@3.0.3/org.eclipse.yasson.internal.JsonBinding.fromJson(JsonBinding.java:62)
	at hr.javafx.energycms/hr.javafx.energycms.repository.JsonRepository.loadUsers(JsonRepository.java:65)
	at hr.javafx.energycms/hr.javafx.energycms.controllers.UsersController.initialize(UsersController.java:65)
	at java.base/jdk.internal.reflect.DirectMethodHandleAccessor.invoke(DirectMethodHandleAccessor.java:104)
	at java.base/java.lang.reflect.Method.invoke(Method.java:565)
	at com.sun.javafx.reflect.Trampoline.invoke(MethodUtil.java:72)
	at java.base/jdk.internal.reflect.DirectMethodHandleAccessor.invoke(DirectMethodHandleAccessor.java:104)
	at java.base/java.lang.reflect.Method.invoke(Method.java:565)
	at javafx.base@21.0.6/com.sun.javafx.reflect.MethodUtil.invoke(MethodUtil.java:270)
	at javafx.fxml@21.0.6/com.sun.javafx.fxml.MethodHelper.invoke(MethodHelper.java:84)
	at javafx.fxml@21.0.6/javafx.fxml.FXMLLoader.loadImpl(FXMLLoader.java:2688)
	at javafx.fxml@21.0.6/javafx.fxml.FXMLLoader.loadImpl(FXMLLoader.java:2563)
	at javafx.fxml@21.0.6/javafx.fxml.FXMLLoader.load(FXMLLoader.java:2531)
	at hr.javafx.energycms/hr.javafx.energycms.controllers.MenuController.showUsersList(MenuController.java:86)
	at java.base/jdk.internal.reflect.DirectMethodHandleAccessor.invoke(DirectMethodHandleAccessor.java:104)
	at java.base/java.lang.reflect.Method.invoke(Method.java:565)
	at com.sun.javafx.reflect.Trampoline.invoke(MethodUtil.java:72)
	at java.base/jdk.internal.reflect.DirectMethodHandleAccessor.invoke(DirectMethodHandleAccessor.java:104)
	at java.base/java.lang.reflect.Method.invoke(Method.java:565)
	at javafx.base@21.0.6/com.sun.javafx.reflect.MethodUtil.invoke(MethodUtil.java:270)
	at javafx.fxml@21.0.6/com.sun.javafx.fxml.MethodHelper.invoke(MethodHelper.java:84)
	at javafx.fxml@21.0.6/javafx.fxml.FXMLLoader$MethodHandler.invoke(FXMLLoader.java:1855)
	at javafx.fxml@21.0.6/javafx.fxml.FXMLLoader$ControllerMethodEventHandler.handle(FXMLLoader.java:1726)
	at javafx.base@21.0.6/com.sun.javafx.event.CompositeEventHandler.dispatchBubblingEvent(CompositeEventHandler.java:86)
	at javafx.base@21.0.6/com.sun.javafx.event.EventHandlerManager.dispatchBubblingEvent(EventHandlerManager.java:232)
	at javafx.base@21.0.6/com.sun.javafx.event.EventHandlerManager.dispatchBubblingEvent(EventHandlerManager.java:189)
	at javafx.base@21.0.6/com.sun.javafx.event.BasicEventDispatcher.dispatchEvent(BasicEventDispatcher.java:58)
	at javafx.base@21.0.6/com.sun.javafx.event.EventDispatchChainImpl.dispatchEvent(EventDispatchChainImpl.java:114)
	at javafx.base@21.0.6/com.sun.javafx.event.EventUtil.fireEventImpl(EventUtil.java:74)
	at javafx.base@21.0.6/com.sun.javafx.event.EventUtil.fireEvent(EventUtil.java:49)
	at javafx.base@21.0.6/javafx.event.Event.fireEvent(Event.java:198)
	at javafx.controls@21.0.6/javafx.scene.control.MenuItem.fire(MenuItem.java:459)
	at javafx.controls@21.0.6/com.sun.javafx.scene.control.ContextMenuContent$MenuItemContainer.doSelect(ContextMenuContent.java:1415)
	at javafx.controls@21.0.6/com.sun.javafx.scene.control.ContextMenuContent$MenuItemContainer.lambda$createChildren$12(ContextMenuContent.java:1368)
	at javafx.base@21.0.6/com.sun.javafx.event.CompositeEventHandler$NormalEventHandlerRecord.handleBubblingEvent(CompositeEventHandler.java:247)
	at javafx.base@21.0.6/com.sun.javafx.event.CompositeEventHandler.dispatchBubblingEvent(CompositeEventHandler.java:80)
	at javafx.base@21.0.6/com.sun.javafx.event.EventHandlerManager.dispatchBubblingEvent(EventHandlerManager.java:232)
	at javafx.base@21.0.6/com.sun.javafx.event.EventHandlerManager.dispatchBubblingEvent(EventHandlerManager.java:189)
	at javafx.base@21.0.6/com.sun.javafx.event.CompositeEventDispatcher.dispatchBubblingEvent(CompositeEventDispatcher.java:59)
	at javafx.base@21.0.6/com.sun.javafx.event.BasicEventDispatcher.dispatchEvent(BasicEventDispatcher.java:58)
	at javafx.base@21.0.6/com.sun.javafx.event.EventDispatchChainImpl.dispatchEvent(EventDispatchChainImpl.java:114)
	at javafx.base@21.0.6/com.sun.javafx.event.BasicEventDispatcher.dispatchEvent(BasicEventDispatcher.java:56)
	at javafx.base@21.0.6/com.sun.javafx.event.EventDispatchChainImpl.dispatchEvent(EventDispatchChainImpl.java:114)
	at javafx.base@21.0.6/com.sun.javafx.event.BasicEventDispatcher.dispatchEvent(BasicEventDispatcher.java:56)
	at javafx.base@21.0.6/com.sun.javafx.event.EventDispatchChainImpl.dispatchEvent(EventDispatchChainImpl.java:114)
	at javafx.base@21.0.6/com.sun.javafx.event.BasicEventDispatcher.dispatchEvent(BasicEventDispatcher.java:56)
	at javafx.base@21.0.6/com.sun.javafx.event.EventDispatchChainImpl.dispatchEvent(EventDispatchChainImpl.java:114)
	at javafx.base@21.0.6/com.sun.javafx.event.EventUtil.fireEventImpl(EventUtil.java:74)
	at javafx.base@21.0.6/com.sun.javafx.event.EventUtil.fireEvent(EventUtil.java:54)
	at javafx.base@21.0.6/javafx.event.Event.fireEvent(Event.java:198)
	at javafx.graphics@21.0.6/javafx.scene.Scene$MouseHandler.process(Scene.java:3984)
	at javafx.graphics@21.0.6/javafx.scene.Scene.processMouseEvent(Scene.java:1890)
	at javafx.graphics@21.0.6/javafx.scene.Scene$ScenePeerListener.mouseEvent(Scene.java:2708)
	at javafx.graphics@21.0.6/com.sun.javafx.tk.quantum.GlassViewEventHandler$MouseEventNotification.run(GlassViewEventHandler.java:411)
	at javafx.graphics@21.0.6/com.sun.javafx.tk.quantum.GlassViewEventHandler$MouseEventNotification.run(GlassViewEventHandler.java:301)
	at java.base/java.security.AccessController.doPrivileged(AccessController.java:138)
	at javafx.graphics@21.0.6/com.sun.javafx.tk.quantum.GlassViewEventHandler.lambda$handleMouseEvent$2(GlassViewEventHandler.java:450)
	at javafx.graphics@21.0.6/com.sun.javafx.tk.quantum.QuantumToolkit.runWithoutRenderLock(QuantumToolkit.java:424)
	at javafx.graphics@21.0.6/com.sun.javafx.tk.quantum.GlassViewEventHandler.handleMouseEvent(GlassViewEventHandler.java:449)
	at javafx.graphics@21.0.6/com.sun.glass.ui.View.handleMouseEvent(View.java:551)
	at javafx.graphics@21.0.6/com.sun.glass.ui.View.notifyMouse(View.java:937)
	at javafx.graphics@21.0.6/com.sun.glass.ui.win.WinApplication._runLoop(Native Method)
	at javafx.graphics@21.0.6/com.sun.glass.ui.win.WinApplication.lambda$runLoop$3(WinApplication.java:185)
	at java.base/java.lang.Thread.run(Thread.java:1474)
2026-02-08 21:28:00.795 [JavaFX Application Thread] ERROR h.j.e.app.MainConsoleLauncher - Greška pri učitavanju korisnika iz JSON-a: src\data\users.json
jakarta.json.bind.JsonbException: Can't create instance
	at org.eclipse.yasson@3.0.3/org.eclipse.yasson.internal.ReflectionUtils.createNoArgConstructorInstance(ReflectionUtils.java:276)
	at org.eclipse.yasson@3.0.3/org.eclipse.yasson.internal.deserializer.DefaultObjectInstanceCreator.deserialize(DefaultObjectInstanceCreator.java:55)
	at org.eclipse.yasson@3.0.3/org.eclipse.yasson.internal.deserializer.DefaultObjectInstanceCreator.deserialize(DefaultObjectInstanceCreator.java:29)
	at org.eclipse.yasson@3.0.3/org.eclipse.yasson.internal.deserializer.PositionChecker.deserialize(PositionChecker.java:85)
	at org.eclipse.yasson@3.0.3/org.eclipse.yasson.internal.deserializer.PositionChecker.deserialize(PositionChecker.java:34)
	at org.eclipse.yasson@3.0.3/org.eclipse.yasson.internal.deserializer.NullCheckDeserializer.deserialize(NullCheckDeserializer.java:46)
	at org.eclipse.yasson@3.0.3/org.eclipse.yasson.internal.deserializer.NullCheckDeserializer.deserialize(NullCheckDeserializer.java:26)
	at org.eclipse.yasson@3.0.3/org.eclipse.yasson.internal.deserializer.ContextSwitcher.deserialize(ContextSwitcher.java:36)
	at org.eclipse.yasson@3.0.3/org.eclipse.yasson.internal.deserializer.ContextSwitcher.deserialize(ContextSwitcher.java:22)
	at org.eclipse.yasson@3.0.3/org.eclipse.yasson.internal.deserializer.ArrayDeserializer.deserialize(ArrayDeserializer.java:49)
	at org.eclipse.yasson@3.0.3/org.eclipse.yasson.internal.deserializer.ArrayDeserializer.deserialize(ArrayDeserializer.java:26)
	at org.eclipse.yasson@3.0.3/org.eclipse.yasson.internal.deserializer.ArrayInstanceCreator.deserialize(ArrayInstanceCreator.java:68)
	at org.eclipse.yasson@3.0.3/org.eclipse.yasson.internal.deserializer.ArrayInstanceCreator$ObjectArrayCreator.deserialize(ArrayInstanceCreator.java:226)
	at org.eclipse.yasson@3.0.3/org.eclipse.yasson.internal.deserializer.PositionChecker.deserialize(PositionChecker.java:85)
	at org.eclipse.yasson@3.0.3/org.eclipse.yasson.internal.deserializer.PositionChecker.deserialize(PositionChecker.java:34)
	at org.eclipse.yasson@3.0.3/org.eclipse.yasson.internal.deserializer.NullCheckDeserializer.deserialize(NullCheckDeserializer.java:46)
	at org.eclipse.yasson@3.0.3/org.eclipse.yasson.internal.deserializer.NullCheckDeserializer.deserialize(NullCheckDeserializer.java:26)
	at org.eclipse.yasson@3.0.3/org.eclipse.yasson.internal.DeserializationContextImpl.deserializeItem(DeserializationContextImpl.java:138)
	at org.eclipse.yasson@3.0.3/org.eclipse.yasson.internal.DeserializationContextImpl.deserialize(DeserializationContextImpl.java:127)
	at org.eclipse.yasson@3.0.3/org.eclipse.yasson.internal.JsonBinding.deserialize(JsonBinding.java:55)
	at org.eclipse.yasson@3.0.3/org.eclipse.yasson.internal.JsonBinding.fromJson(JsonBinding.java:62)
	at hr.javafx.energycms/hr.javafx.energycms.repository.JsonRepository.loadUsers(JsonRepository.java:65)
	at hr.javafx.energycms/hr.javafx.energycms.controllers.UsersController.initialize(UsersController.java:65)
	at java.base/jdk.internal.reflect.DirectMethodHandleAccessor.invoke(DirectMethodHandleAccessor.java:104)
	at java.base/java.lang.reflect.Method.invoke(Method.java:565)
	at com.sun.javafx.reflect.Trampoline.invoke(MethodUtil.java:72)
	at java.base/jdk.internal.reflect.DirectMethodHandleAccessor.invoke(DirectMethodHandleAccessor.java:104)
	at java.base/java.lang.reflect.Method.invoke(Method.java:565)
	at javafx.base@21.0.6/com.sun.javafx.reflect.MethodUtil.invoke(MethodUtil.java:270)
	at javafx.fxml@21.0.6/com.sun.javafx.fxml.MethodHelper.invoke(MethodHelper.java:84)
	at javafx.fxml@21.0.6/javafx.fxml.FXMLLoader.loadImpl(FXMLLoader.java:2688)
	at javafx.fxml@21.0.6/javafx.fxml.FXMLLoader.loadImpl(FXMLLoader.java:2563)
	at javafx.fxml@21.0.6/javafx.fxml.FXMLLoader.load(FXMLLoader.java:2531)
	at hr.javafx.energycms/hr.javafx.energycms.controllers.MenuController.showUsersList(MenuController.java:86)
	at java.base/jdk.internal.reflect.DirectMethodHandleAccessor.invoke(DirectMethodHandleAccessor.java:104)
	at java.base/java.lang.reflect.Method.invoke(Method.java:565)
	at com.sun.javafx.reflect.Trampoline.invoke(MethodUtil.java:72)
	at java.base/jdk.internal.reflect.DirectMethodHandleAccessor.invoke(DirectMethodHandleAccessor.java:104)
	at java.base/java.lang.reflect.Method.invoke(Method.java:565)
	at javafx.base@21.0.6/com.sun.javafx.reflect.MethodUtil.invoke(MethodUtil.java:270)
	at javafx.fxml@21.0.6/com.sun.javafx.fxml.MethodHelper.invoke(MethodHelper.java:84)
	at javafx.fxml@21.0.6/javafx.fxml.FXMLLoader$MethodHandler.invoke(FXMLLoader.java:1855)
	at javafx.fxml@21.0.6/javafx.fxml.FXMLLoader$ControllerMethodEventHandler.handle(FXMLLoader.java:1726)
	at javafx.base@21.0.6/com.sun.javafx.event.CompositeEventHandler.dispatchBubblingEvent(CompositeEventHandler.java:86)
	at javafx.base@21.0.6/com.sun.javafx.event.EventHandlerManager.dispatchBubblingEvent(EventHandlerManager.java:232)
	at javafx.base@21.0.6/com.sun.javafx.event.EventHandlerManager.dispatchBubblingEvent(EventHandlerManager.java:189)
	at javafx.base@21.0.6/com.sun.javafx.event.BasicEventDispatcher.dispatchEvent(BasicEventDispatcher.java:58)
	at javafx.base@21.0.6/com.sun.javafx.event.EventDispatchChainImpl.dispatchEvent(EventDispatchChainImpl.java:114)
	at javafx.base@21.0.6/com.sun.javafx.event.EventUtil.fireEventImpl(EventUtil.java:74)
	at javafx.base@21.0.6/com.sun.javafx.event.EventUtil.fireEvent(EventUtil.java:49)
	at javafx.base@21.0.6/javafx.event.Event.fireEvent(Event.java:198)
	at javafx.controls@21.0.6/javafx.scene.control.MenuItem.fire(MenuItem.java:459)
	at javafx.controls@21.0.6/com.sun.javafx.scene.control.ContextMenuContent$MenuItemContainer.doSelect(ContextMenuContent.java:1415)
	at javafx.controls@21.0.6/com.sun.javafx.scene.control.ContextMenuContent$MenuItemContainer.lambda$createChildren$12(ContextMenuContent.java:1368)
	at javafx.base@21.0.6/com.sun.javafx.event.CompositeEventHandler$NormalEventHandlerRecord.handleBubblingEvent(CompositeEventHandler.java:247)
	at javafx.base@21.0.6/com.sun.javafx.event.CompositeEventHandler.dispatchBubblingEvent(CompositeEventHandler.java:80)
	at javafx.base@21.0.6/com.sun.javafx.event.EventHandlerManager.dispatchBubblingEvent(EventHandlerManager.java:232)
	at javafx.base@21.0.6/com.sun.javafx.event.EventHandlerManager.dispatchBubblingEvent(EventHandlerManager.java:189)
	at javafx.base@21.0.6/com.sun.javafx.event.CompositeEventDispatcher.dispatchBubblingEvent(CompositeEventDispatcher.java:59)
	at javafx.base@21.0.6/com.sun.javafx.event.BasicEventDispatcher.dispatchEvent(BasicEventDispatcher.java:58)
	at javafx.base@21.0.6/com.sun.javafx.event.EventDispatchChainImpl.dispatchEvent(EventDispatchChainImpl.java:114)
	at javafx.base@21.0.6/com.sun.javafx.event.BasicEventDispatcher.dispatchEvent(BasicEventDispatcher.java:56)
	at javafx.base@21.0.6/com.sun.javafx.event.EventDispatchChainImpl.dispatchEvent(EventDispatchChainImpl.java:114)
	at javafx.base@21.0.6/com.sun.javafx.event.BasicEventDispatcher.dispatchEvent(BasicEventDispatcher.java:56)
	at javafx.base@21.0.6/com.sun.javafx.event.EventDispatchChainImpl.dispatchEvent(EventDispatchChainImpl.java:114)
	at javafx.base@21.0.6/com.sun.javafx.event.BasicEventDispatcher.dispatchEvent(BasicEventDispatcher.java:56)
	at javafx.base@21.0.6/com.sun.javafx.event.EventDispatchChainImpl.dispatchEvent(EventDispatchChainImpl.java:114)
	at javafx.base@21.0.6/com.sun.javafx.event.EventUtil.fireEventImpl(EventUtil.java:74)
	at javafx.base@21.0.6/com.sun.javafx.event.EventUtil.fireEvent(EventUtil.java:54)
	at javafx.base@21.0.6/javafx.event.Event.fireEvent(Event.java:198)
	at javafx.graphics@21.0.6/javafx.scene.Scene$MouseHandler.process(Scene.java:3984)
	at javafx.graphics@21.0.6/javafx.scene.Scene.processMouseEvent(Scene.java:1890)
	at javafx.graphics@21.0.6/javafx.scene.Scene$ScenePeerListener.mouseEvent(Scene.java:2708)
	at javafx.graphics@21.0.6/com.sun.javafx.tk.quantum.GlassViewEventHandler$MouseEventNotification.run(GlassViewEventHandler.java:411)
	at javafx.graphics@21.0.6/com.sun.javafx.tk.quantum.GlassViewEventHandler$MouseEventNotification.run(GlassViewEventHandler.java:301)
	at java.base/java.security.AccessController.doPrivileged(AccessController.java:138)
	at javafx.graphics@21.0.6/com.sun.javafx.tk.quantum.GlassViewEventHandler.lambda$handleMouseEvent$2(GlassViewEventHandler.java:450)
	at javafx.graphics@21.0.6/com.sun.javafx.tk.quantum.QuantumToolkit.runWithoutRenderLock(QuantumToolkit.java:424)
	at javafx.graphics@21.0.6/com.sun.javafx.tk.quantum.GlassViewEventHandler.handleMouseEvent(GlassViewEventHandler.java:449)
	at javafx.graphics@21.0.6/com.sun.glass.ui.View.handleMouseEvent(View.java:551)
	at javafx.graphics@21.0.6/com.sun.glass.ui.View.notifyMouse(View.java:937)
	at javafx.graphics@21.0.6/com.sun.glass.ui.win.WinApplication._runLoop(Native Method)
	at javafx.graphics@21.0.6/com.sun.glass.ui.win.WinApplication.lambda$runLoop$3(WinApplication.java:185)
	at java.base/java.lang.Thread.run(Thread.java:1474)
Caused by: java.lang.IllegalAccessException: class org.eclipse.yasson.internal.ReflectionUtils (in module org.eclipse.yasson) cannot access a member of class hr.javafx.energycms.entities.User (in module hr.javafx.energycms) with package access
	at java.base/jdk.internal.reflect.Reflection.newIllegalAccessException(Reflection.java:400)
	at java.base/java.lang.reflect.AccessibleObject.checkAccess(AccessibleObject.java:670)
	at java.base/java.lang.reflect.Constructor.newInstanceWithCaller(Constructor.java:492)
	at java.base/java.lang.reflect.Constructor.newInstance(Constructor.java:483)
	at org.eclipse.yasson@3.0.3/org.eclipse.yasson.internal.ReflectionUtils.createNoArgConstructorInstance(ReflectionUtils.java:274)
	... 83 common frames omitted
2026-02-15 23:42:41.555 [JavaFX Application Thread] ERROR h.j.e.app.MainConsoleLauncher - Greška prilikom učitavanja users-list.fxml
javafx.fxml.LoadException: Error resolving onAction='#searchUsers', either the event handler is not in the Namespace or there is an error in the script.
/C:/Users/dinov/Desktop/Java%202025/Projekt%202/EnergyCMS/target/classes/hr/javafx/energycms/users-list.fxml:76

	at javafx.fxml@21.0.6/javafx.fxml.FXMLLoader.constructLoadException(FXMLLoader.java:2718)
	at javafx.fxml@21.0.6/javafx.fxml.FXMLLoader$Element.processEventHandlerAttributes(FXMLLoader.java:623)
	at javafx.fxml@21.0.6/javafx.fxml.FXMLLoader$ValueElement.processEndElement(FXMLLoader.java:783)
	at javafx.fxml@21.0.6/javafx.fxml.FXMLLoader.processEndElement(FXMLLoader.java:2969)
	at javafx.fxml@21.0.6/javafx.fxml.FXMLLoader.loadImpl(FXMLLoader.java:2654)
	at javafx.fxml@21.0.6/javafx.fxml.FXMLLoader.loadImpl(FXMLLoader.java:2563)
	at javafx.fxml@21.0.6/javafx.fxml.FXMLLoader.load(FXMLLoader.java:2531)
	at hr.javafx.energycms/hr.javafx.energycms.controllers.MenuController.showUsersList(MenuController.java:86)
	at java.base/jdk.internal.reflect.DirectMethodHandleAccessor.invoke(DirectMethodHandleAccessor.java:104)
	at java.base/java.lang.reflect.Method.invoke(Method.java:565)
	at com.sun.javafx.reflect.Trampoline.invoke(MethodUtil.java:72)
	at java.base/jdk.internal.reflect.DirectMethodHandleAccessor.invoke(DirectMethodHandleAccessor.java:104)
	at java.base/java.lang.reflect.Method.invoke(Method.java:565)
	at javafx.base@21.0.6/com.sun.javafx.reflect.MethodUtil.invoke(MethodUtil.java:270)
	at javafx.fxml@21.0.6/com.sun.javafx.fxml.MethodHelper.invoke(MethodHelper.java:84)
	at javafx.fxml@21.0.6/javafx.fxml.FXMLLoader$MethodHandler.invoke(FXMLLoader.java:1855)
	at javafx.fxml@21.0.6/javafx.fxml.FXMLLoader$ControllerMethodEventHandler.handle(FXMLLoader.java:1726)
	at javafx.base@21.0.6/com.sun.javafx.event.CompositeEventHandler.dispatchBubblingEvent(CompositeEventHandler.java:86)
	at javafx.base@21.0.6/com.sun.javafx.event.EventHandlerManager.dispatchBubblingEvent(EventHandlerManager.java:232)
	at javafx.base@21.0.6/com.sun.javafx.event.EventHandlerManager.dispatchBubblingEvent(EventHandlerManager.java:189)
	at javafx.base@21.0.6/com.sun.javafx.event.BasicEventDispatcher.dispatchEvent(BasicEventDispatcher.java:58)
	at javafx.base@21.0.6/com.sun.javafx.event.EventDispatchChainImpl.dispatchEvent(EventDispatchChainImpl.java:114)
	at javafx.base@21.0.6/com.sun.javafx.event.EventUtil.fireEventImpl(EventUtil.java:74)
	at javafx.base@21.0.6/com.sun.javafx.event.EventUtil.fireEvent(EventUtil.java:49)
	at javafx.base@21.0.6/javafx.event.Event.fireEvent(Event.java:198)
	at javafx.controls@21.0.6/javafx.scene.control.MenuItem.fire(MenuItem.java:459)
	at javafx.controls@21.0.6/com.sun.javafx.scene.control.ContextMenuContent$MenuItemContainer.doSelect(ContextMenuContent.java:1415)
	at javafx.controls@21.0.6/com.sun.javafx.scene.control.ContextMenuContent$MenuItemContainer.lambda$createChildren$12(ContextMenuContent.java:1368)
	at javafx.base@21.0.6/com.sun.javafx.event.CompositeEventHandler$NormalEventHandlerRecord.handleBubblingEvent(CompositeEventHandler.java:247)
	at javafx.base@21.0.6/com.sun.javafx.event.CompositeEventHandler.dispatchBubblingEvent(CompositeEventHandler.java:80)
	at javafx.base@21.0.6/com.sun.javafx.event.EventHandlerManager.dispatchBubblingEvent(EventHandlerManager.java:232)
	at javafx.base@21.0.6/com.sun.javafx.event.EventHandlerManager.dispatchBubblingEvent(EventHandlerManager.java:189)
	at javafx.base@21.0.6/com.sun.javafx.event.CompositeEventDispatcher.dispatchBubblingEvent(CompositeEventDispatcher.java:59)
	at javafx.base@21.0.6/com.sun.javafx.event.BasicEventDispatcher.dispatchEvent(BasicEventDispatcher.java:58)
	at javafx.base@21.0.6/com.sun.javafx.event.EventDispatchChainImpl.dispatchEvent(EventDispatchChainImpl.java:114)
	at javafx.base@21.0.6/com.sun.javafx.event.BasicEventDispatcher.dispatchEvent(BasicEventDispatcher.java:56)
	at javafx.base@21.0.6/com.sun.javafx.event.EventDispatchChainImpl.dispatchEvent(EventDispatchChainImpl.java:114)
	at javafx.base@21.0.6/com.sun.javafx.event.BasicEventDispatcher.dispatchEvent(BasicEventDispatcher.java:56)
	at javafx.base@21.0.6/com.sun.javafx.event.EventDispatchChainImpl.dispatchEvent(EventDispatchChainImpl.java:114)
	at javafx.base@21.0.6/com.sun.javafx.event.BasicEventDispatcher.dispatchEvent(BasicEventDispatcher.java:56)
	at javafx.base@21.0.6/com.sun.javafx.event.EventDispatchChainImpl.dispatchEvent(EventDispatchChainImpl.java:114)
	at javafx.base@21.0.6/com.sun.javafx.event.EventUtil.fireEventImpl(EventUtil.java:74)
	at javafx.base@21.0.6/com.sun.javafx.event.EventUtil.fireEvent(EventUtil.java:54)
	at javafx.base@21.0.6/javafx.event.Event.fireEvent(Event.java:198)
	at javafx.graphics@21.0.6/javafx.scene.Scene$MouseHandler.process(Scene.java:3984)
	at javafx.graphics@21.0.6/javafx.scene.Scene.processMouseEvent(Scene.java:1890)
	at javafx.graphics@21.0.6/javafx.scene.Scene$ScenePeerListener.mouseEvent(Scene.java:2708)
	at javafx.graphics@21.0.6/com.sun.javafx.tk.quantum.GlassViewEventHandler$MouseEventNotification.run(GlassViewEventHandler.java:411)
	at javafx.graphics@21.0.6/com.sun.javafx.tk.quantum.GlassViewEventHandler$MouseEventNotification.run(GlassViewEventHandler.java:301)
	at java.base/java.security.AccessController.doPrivileged(AccessController.java:138)
	at javafx.graphics@21.0.6/com.sun.javafx.tk.quantum.GlassViewEventHandler.lambda$handleMouseEvent$2(GlassViewEventHandler.java:450)
	at javafx.graphics@21.0.6/com.sun.javafx.tk.quantum.QuantumToolkit.runWithoutRenderLock(QuantumToolkit.java:424)
	at javafx.graphics@21.0.6/com.sun.javafx.tk.quantum.GlassViewEventHandler.handleMouseEvent(GlassViewEventHandler.java:449)
	at javafx.graphics@21.0.6/com.sun.glass.ui.View.handleMouseEvent(View.java:551)
	at javafx.graphics@21.0.6/com.sun.glass.ui.View.notifyMouse(View.java:937)
	at javafx.graphics@21.0.6/com.sun.glass.ui.win.WinApplication._runLoop(Native Method)
	at javafx.graphics@21.0.6/com.sun.glass.ui.win.WinApplication.lambda$runLoop$3(WinApplication.java:185)
	at java.base/java.lang.Thread.run(Thread.java:1474)
2026-02-15 23:44:27.631 [JavaFX Application Thread] ERROR h.j.e.app.MainConsoleLauncher - Greška prilikom učitavanja users-list.fxml
javafx.fxml.LoadException: Error resolving onAction='#searchUsers', either the event handler is not in the Namespace or there is an error in the script.
/C:/Users/dinov/Desktop/Java%202025/Projekt%202/EnergyCMS/target/classes/hr/javafx/energycms/users-list.fxml:76

	at javafx.fxml@21.0.6/javafx.fxml.FXMLLoader.constructLoadException(FXMLLoader.java:2718)
	at javafx.fxml@21.0.6/javafx.fxml.FXMLLoader$Element.processEventHandlerAttributes(FXMLLoader.java:623)
	at javafx.fxml@21.0.6/javafx.fxml.FXMLLoader$ValueElement.processEndElement(FXMLLoader.java:783)
	at javafx.fxml@21.0.6/javafx.fxml.FXMLLoader.processEndElement(FXMLLoader.java:2969)
	at javafx.fxml@21.0.6/javafx.fxml.FXMLLoader.loadImpl(FXMLLoader.java:2654)
	at javafx.fxml@21.0.6/javafx.fxml.FXMLLoader.loadImpl(FXMLLoader.java:2563)
	at javafx.fxml@21.0.6/javafx.fxml.FXMLLoader.load(FXMLLoader.java:2531)
	at hr.javafx.energycms/hr.javafx.energycms.controllers.MenuController.showUsersList(MenuController.java:86)
	at java.base/jdk.internal.reflect.DirectMethodHandleAccessor.invoke(DirectMethodHandleAccessor.java:104)
	at java.base/java.lang.reflect.Method.invoke(Method.java:565)
	at com.sun.javafx.reflect.Trampoline.invoke(MethodUtil.java:72)
	at java.base/jdk.internal.reflect.DirectMethodHandleAccessor.invoke(DirectMethodHandleAccessor.java:104)
	at java.base/java.lang.reflect.Method.invoke(Method.java:565)
	at javafx.base@21.0.6/com.sun.javafx.reflect.MethodUtil.invoke(MethodUtil.java:270)
	at javafx.fxml@21.0.6/com.sun.javafx.fxml.MethodHelper.invoke(MethodHelper.java:84)
	at javafx.fxml@21.0.6/javafx.fxml.FXMLLoader$MethodHandler.invoke(FXMLLoader.java:1855)
	at javafx.fxml@21.0.6/javafx.fxml.FXMLLoader$ControllerMethodEventHandler.handle(FXMLLoader.java:1726)
	at javafx.base@21.0.6/com.sun.javafx.event.CompositeEventHandler.dispatchBubblingEvent(CompositeEventHandler.java:86)
	at javafx.base@21.0.6/com.sun.javafx.event.EventHandlerManager.dispatchBubblingEvent(EventHandlerManager.java:232)
	at javafx.base@21.0.6/com.sun.javafx.event.EventHandlerManager.dispatchBubblingEvent(EventHandlerManager.java:189)
	at javafx.base@21.0.6/com.sun.javafx.event.BasicEventDispatcher.dispatchEvent(BasicEventDispatcher.java:58)
	at javafx.base@21.0.6/com.sun.javafx.event.EventDispatchChainImpl.dispatchEvent(EventDispatchChainImpl.java:114)
	at javafx.base@21.0.6/com.sun.javafx.event.EventUtil.fireEventImpl(EventUtil.java:74)
	at javafx.base@21.0.6/com.sun.javafx.event.EventUtil.fireEvent(EventUtil.java:49)
	at javafx.base@21.0.6/javafx.event.Event.fireEvent(Event.java:198)
	at javafx.controls@21.0.6/javafx.scene.control.MenuItem.fire(MenuItem.java:459)
	at javafx.controls@21.0.6/com.sun.javafx.scene.control.ContextMenuContent$MenuItemContainer.doSelect(ContextMenuContent.java:1415)
	at javafx.controls@21.0.6/com.sun.javafx.scene.control.ContextMenuContent$MenuItemContainer.lambda$createChildren$12(ContextMenuContent.java:1368)
	at javafx.base@21.0.6/com.sun.javafx.event.CompositeEventHandler$NormalEventHandlerRecord.handleBubblingEvent(CompositeEventHandler.java:247)
	at javafx.base@21.0.6/com.sun.javafx.event.CompositeEventHandler.dispatchBubblingEvent(CompositeEventHandler.java:80)
	at javafx.base@21.0.6/com.sun.javafx.event.EventHandlerManager.dispatchBubblingEvent(EventHandlerManager.java:232)
	at javafx.base@21.0.6/com.sun.javafx.event.EventHandlerManager.dispatchBubblingEvent(EventHandlerManager.java:189)
	at javafx.base@21.0.6/com.sun.javafx.event.CompositeEventDispatcher.dispatchBubblingEvent(CompositeEventDispatcher.java:59)
	at javafx.base@21.0.6/com.sun.javafx.event.BasicEventDispatcher.dispatchEvent(BasicEventDispatcher.java:58)
	at javafx.base@21.0.6/com.sun.javafx.event.EventDispatchChainImpl.dispatchEvent(EventDispatchChainImpl.java:114)
	at javafx.base@21.0.6/com.sun.javafx.event.BasicEventDispatcher.dispatchEvent(BasicEventDispatcher.java:56)
	at javafx.base@21.0.6/com.sun.javafx.event.EventDispatchChainImpl.dispatchEvent(EventDispatchChainImpl.java:114)
	at javafx.base@21.0.6/com.sun.javafx.event.BasicEventDispatcher.dispatchEvent(BasicEventDispatcher.java:56)
	at javafx.base@21.0.6/com.sun.javafx.event.EventDispatchChainImpl.dispatchEvent(EventDispatchChainImpl.java:114)
	at javafx.base@21.0.6/com.sun.javafx.event.BasicEventDispatcher.dispatchEvent(BasicEventDispatcher.java:56)
	at javafx.base@21.0.6/com.sun.javafx.event.EventDispatchChainImpl.dispatchEvent(EventDispatchChainImpl.java:114)
	at javafx.base@21.0.6/com.sun.javafx.event.EventUtil.fireEventImpl(EventUtil.java:74)
	at javafx.base@21.0.6/com.sun.javafx.event.EventUtil.fireEvent(EventUtil.java:54)
	at javafx.base@21.0.6/javafx.event.Event.fireEvent(Event.java:198)
	at javafx.graphics@21.0.6/javafx.scene.Scene$MouseHandler.process(Scene.java:3984)
	at javafx.graphics@21.0.6/javafx.scene.Scene.processMouseEvent(Scene.java:1890)
	at javafx.graphics@21.0.6/javafx.scene.Scene$ScenePeerListener.mouseEvent(Scene.java:2708)
	at javafx.graphics@21.0.6/com.sun.javafx.tk.quantum.GlassViewEventHandler$MouseEventNotification.run(GlassViewEventHandler.java:411)
	at javafx.graphics@21.0.6/com.sun.javafx.tk.quantum.GlassViewEventHandler$MouseEventNotification.run(GlassViewEventHandler.java:301)
	at java.base/java.security.AccessController.doPrivileged(AccessController.java:138)
	at javafx.graphics@21.0.6/com.sun.javafx.tk.quantum.GlassViewEventHandler.lambda$handleMouseEvent$2(GlassViewEventHandler.java:450)
	at javafx.graphics@21.0.6/com.sun.javafx.tk.quantum.QuantumToolkit.runWithoutRenderLock(QuantumToolkit.java:424)
	at javafx.graphics@21.0.6/com.sun.javafx.tk.quantum.GlassViewEventHandler.handleMouseEvent(GlassViewEventHandler.java:449)
	at javafx.graphics@21.0.6/com.sun.glass.ui.View.handleMouseEvent(View.java:551)
	at javafx.graphics@21.0.6/com.sun.glass.ui.View.notifyMouse(View.java:937)
	at javafx.graphics@21.0.6/com.sun.glass.ui.win.WinApplication._runLoop(Native Method)
	at javafx.graphics@21.0.6/com.sun.glass.ui.win.WinApplication.lambda$runLoop$3(WinApplication.java:185)
	at java.base/java.lang.Thread.run(Thread.java:1474)
2026-02-15 23:47:43.107 [JavaFX Application Thread] ERROR h.j.e.app.MainConsoleLauncher - Greška prilikom učitavanja users-list.fxml
javafx.fxml.LoadException: Error resolving onAction='#searchUsers', either the event handler is not in the Namespace or there is an error in the script.
/C:/Users/dinov/Desktop/Java%202025/Projekt%202/EnergyCMS/target/classes/hr/javafx/energycms/users-list.fxml:76

	at javafx.fxml@21.0.6/javafx.fxml.FXMLLoader.constructLoadException(FXMLLoader.java:2718)
	at javafx.fxml@21.0.6/javafx.fxml.FXMLLoader$Element.processEventHandlerAttributes(FXMLLoader.java:623)
	at javafx.fxml@21.0.6/javafx.fxml.FXMLLoader$ValueElement.processEndElement(FXMLLoader.java:783)
	at javafx.fxml@21.0.6/javafx.fxml.FXMLLoader.processEndElement(FXMLLoader.java:2969)
	at javafx.fxml@21.0.6/javafx.fxml.FXMLLoader.loadImpl(FXMLLoader.java:2654)
	at javafx.fxml@21.0.6/javafx.fxml.FXMLLoader.loadImpl(FXMLLoader.java:2563)
	at javafx.fxml@21.0.6/javafx.fxml.FXMLLoader.load(FXMLLoader.java:2531)
	at hr.javafx.energycms/hr.javafx.energycms.controllers.MenuController.showUsersList(MenuController.java:90)
	at java.base/jdk.internal.reflect.DirectMethodHandleAccessor.invoke(DirectMethodHandleAccessor.java:104)
	at java.base/java.lang.reflect.Method.invoke(Method.java:565)
	at com.sun.javafx.reflect.Trampoline.invoke(MethodUtil.java:72)
	at java.base/jdk.internal.reflect.DirectMethodHandleAccessor.invoke(DirectMethodHandleAccessor.java:104)
	at java.base/java.lang.reflect.Method.invoke(Method.java:565)
	at javafx.base@21.0.6/com.sun.javafx.reflect.MethodUtil.invoke(MethodUtil.java:270)
	at javafx.fxml@21.0.6/com.sun.javafx.fxml.MethodHelper.invoke(MethodHelper.java:84)
	at javafx.fxml@21.0.6/javafx.fxml.FXMLLoader$MethodHandler.invoke(FXMLLoader.java:1855)
	at javafx.fxml@21.0.6/javafx.fxml.FXMLLoader$ControllerMethodEventHandler.handle(FXMLLoader.java:1726)
	at javafx.base@21.0.6/com.sun.javafx.event.CompositeEventHandler.dispatchBubblingEvent(CompositeEventHandler.java:86)
	at javafx.base@21.0.6/com.sun.javafx.event.EventHandlerManager.dispatchBubblingEvent(EventHandlerManager.java:232)
	at javafx.base@21.0.6/com.sun.javafx.event.EventHandlerManager.dispatchBubblingEvent(EventHandlerManager.java:189)
	at javafx.base@21.0.6/com.sun.javafx.event.BasicEventDispatcher.dispatchEvent(BasicEventDispatcher.java:58)
	at javafx.base@21.0.6/com.sun.javafx.event.EventDispatchChainImpl.dispatchEvent(EventDispatchChainImpl.java:114)
	at javafx.base@21.0.6/com.sun.javafx.event.EventUtil.fireEventImpl(EventUtil.java:74)
	at javafx.base@21.0.6/com.sun.javafx.event.EventUtil.fireEvent(EventUtil.java:49)
	at javafx.base@21.0.6/javafx.event.Event.fireEvent(Event.java:198)
	at javafx.controls@21.0.6/javafx.scene.control.MenuItem.fire(MenuItem.java:459)
	at javafx.controls@21.0.6/com.sun.javafx.scene.control.ContextMenuContent$MenuItemContainer.doSelect(ContextMenuContent.java:1415)
	at javafx.controls@21.0.6/com.sun.javafx.scene.control.ContextMenuContent$MenuItemContainer.lambda$createChildren$12(ContextMenuContent.java:1368)
	at javafx.base@21.0.6/com.sun.javafx.event.CompositeEventHandler$NormalEventHandlerRecord.handleBubblingEvent(CompositeEventHandler.java:247)
	at javafx.base@21.0.6/com.sun.javafx.event.CompositeEventHandler.dispatchBubblingEvent(CompositeEventHandler.java:80)
	at javafx.base@21.0.6/com.sun.javafx.event.EventHandlerManager.dispatchBubblingEvent(EventHandlerManager.java:232)
	at javafx.base@21.0.6/com.sun.javafx.event.EventHandlerManager.dispatchBubblingEvent(EventHandlerManager.java:189)
	at javafx.base@21.0.6/com.sun.javafx.event.CompositeEventDispatcher.dispatchBubblingEvent(CompositeEventDispatcher.java:59)
	at javafx.base@21.0.6/com.sun.javafx.event.BasicEventDispatcher.dispatchEvent(BasicEventDispatcher.java:58)
	at javafx.base@21.0.6/com.sun.javafx.event.EventDispatchChainImpl.dispatchEvent(EventDispatchChainImpl.java:114)
	at javafx.base@21.0.6/com.sun.javafx.event.BasicEventDispatcher.dispatchEvent(BasicEventDispatcher.java:56)
	at javafx.base@21.0.6/com.sun.javafx.event.EventDispatchChainImpl.dispatchEvent(EventDispatchChainImpl.java:114)
	at javafx.base@21.0.6/com.sun.javafx.event.BasicEventDispatcher.dispatchEvent(BasicEventDispatcher.java:56)
	at javafx.base@21.0.6/com.sun.javafx.event.EventDispatchChainImpl.dispatchEvent(EventDispatchChainImpl.java:114)
	at javafx.base@21.0.6/com.sun.javafx.event.BasicEventDispatcher.dispatchEvent(BasicEventDispatcher.java:56)
	at javafx.base@21.0.6/com.sun.javafx.event.EventDispatchChainImpl.dispatchEvent(EventDispatchChainImpl.java:114)
	at javafx.base@21.0.6/com.sun.javafx.event.EventUtil.fireEventImpl(EventUtil.java:74)
	at javafx.base@21.0.6/com.sun.javafx.event.EventUtil.fireEvent(EventUtil.java:54)
	at javafx.base@21.0.6/javafx.event.Event.fireEvent(Event.java:198)
	at javafx.graphics@21.0.6/javafx.scene.Scene$MouseHandler.process(Scene.java:3984)
	at javafx.graphics@21.0.6/javafx.scene.Scene.processMouseEvent(Scene.java:1890)
	at javafx.graphics@21.0.6/javafx.scene.Scene$ScenePeerListener.mouseEvent(Scene.java:2708)
	at javafx.graphics@21.0.6/com.sun.javafx.tk.quantum.GlassViewEventHandler$MouseEventNotification.run(GlassViewEventHandler.java:411)
	at javafx.graphics@21.0.6/com.sun.javafx.tk.quantum.GlassViewEventHandler$MouseEventNotification.run(GlassViewEventHandler.java:301)
	at java.base/java.security.AccessController.doPrivileged(AccessController.java:138)
	at javafx.graphics@21.0.6/com.sun.javafx.tk.quantum.GlassViewEventHandler.lambda$handleMouseEvent$2(GlassViewEventHandler.java:450)
	at javafx.graphics@21.0.6/com.sun.javafx.tk.quantum.QuantumToolkit.runWithoutRenderLock(QuantumToolkit.java:424)
	at javafx.graphics@21.0.6/com.sun.javafx.tk.quantum.GlassViewEventHandler.handleMouseEvent(GlassViewEventHandler.java:449)
	at javafx.graphics@21.0.6/com.sun.glass.ui.View.handleMouseEvent(View.java:551)
	at javafx.graphics@21.0.6/com.sun.glass.ui.View.notifyMouse(View.java:937)
	at javafx.graphics@21.0.6/com.sun.glass.ui.win.WinApplication._runLoop(Native Method)
	at javafx.graphics@21.0.6/com.sun.glass.ui.win.WinApplication.lambda$runLoop$3(WinApplication.java:185)
	at java.base/java.lang.Thread.run(Thread.java:1474)
2026-02-16 00:39:14.206 [JavaFX Application Thread] ERROR h.j.e.app.MainConsoleLauncher - Greška pri učitavanju standardnih uređaja
jakarta.json.bind.JsonbException: Internal error: Invalid token=SQUARECLOSE at (line no=52, column no=1, offset=1151). Expected tokens are: [COMMA]
	at org.eclipse.yasson@3.0.3/org.eclipse.yasson.internal.DeserializationContextImpl.deserializeItem(DeserializationContextImpl.java:142)
	at org.eclipse.yasson@3.0.3/org.eclipse.yasson.internal.DeserializationContextImpl.deserialize(DeserializationContextImpl.java:127)
	at org.eclipse.yasson@3.0.3/org.eclipse.yasson.internal.JsonBinding.deserialize(JsonBinding.java:55)
	at org.eclipse.yasson@3.0.3/org.eclipse.yasson.internal.JsonBinding.fromJson(JsonBinding.java:62)
	at hr.javafx.energycms/hr.javafx.energycms.repository.JsonRepository.loadStandardDevices(JsonRepository.java:39)
	at hr.javafx.energycms/hr.javafx.energycms.controllers.MeasurementsController.loadData(MeasurementsController.java:64)
	at hr.javafx.energycms/hr.javafx.energycms.controllers.MeasurementsController.initialize(MeasurementsController.java:57)
	at java.base/jdk.internal.reflect.DirectMethodHandleAccessor.invoke(DirectMethodHandleAccessor.java:104)
	at java.base/java.lang.reflect.Method.invoke(Method.java:565)
	at com.sun.javafx.reflect.Trampoline.invoke(MethodUtil.java:72)
	at java.base/jdk.internal.reflect.DirectMethodHandleAccessor.invoke(DirectMethodHandleAccessor.java:104)
	at java.base/java.lang.reflect.Method.invoke(Method.java:565)
	at javafx.base@21.0.6/com.sun.javafx.reflect.MethodUtil.invoke(MethodUtil.java:270)
	at javafx.fxml@21.0.6/com.sun.javafx.fxml.MethodHelper.invoke(MethodHelper.java:84)
	at javafx.fxml@21.0.6/javafx.fxml.FXMLLoader.loadImpl(FXMLLoader.java:2688)
	at javafx.fxml@21.0.6/javafx.fxml.FXMLLoader.loadImpl(FXMLLoader.java:2563)
	at javafx.fxml@21.0.6/javafx.fxml.FXMLLoader.load(FXMLLoader.java:2531)
	at hr.javafx.energycms/hr.javafx.energycms.controllers.MenuController.showMeasurementsList(MenuController.java:19)
	at java.base/jdk.internal.reflect.DirectMethodHandleAccessor.invoke(DirectMethodHandleAccessor.java:104)
	at java.base/java.lang.reflect.Method.invoke(Method.java:565)
	at com.sun.javafx.reflect.Trampoline.invoke(MethodUtil.java:72)
	at java.base/jdk.internal.reflect.DirectMethodHandleAccessor.invoke(DirectMethodHandleAccessor.java:104)
	at java.base/java.lang.reflect.Method.invoke(Method.java:565)
	at javafx.base@21.0.6/com.sun.javafx.reflect.MethodUtil.invoke(MethodUtil.java:270)
	at javafx.fxml@21.0.6/com.sun.javafx.fxml.MethodHelper.invoke(MethodHelper.java:84)
	at javafx.fxml@21.0.6/javafx.fxml.FXMLLoader$MethodHandler.invoke(FXMLLoader.java:1855)
	at javafx.fxml@21.0.6/javafx.fxml.FXMLLoader$ControllerMethodEventHandler.handle(FXMLLoader.java:1726)
	at javafx.base@21.0.6/com.sun.javafx.event.CompositeEventHandler.dispatchBubblingEvent(CompositeEventHandler.java:86)
	at javafx.base@21.0.6/com.sun.javafx.event.EventHandlerManager.dispatchBubblingEvent(EventHandlerManager.java:232)
	at javafx.base@21.0.6/com.sun.javafx.event.EventHandlerManager.dispatchBubblingEvent(EventHandlerManager.java:189)
	at javafx.base@21.0.6/com.sun.javafx.event.BasicEventDispatcher.dispatchEvent(BasicEventDispatcher.java:58)
	at javafx.base@21.0.6/com.sun.javafx.event.EventDispatchChainImpl.dispatchEvent(EventDispatchChainImpl.java:114)
	at javafx.base@21.0.6/com.sun.javafx.event.EventUtil.fireEventImpl(EventUtil.java:74)
	at javafx.base@21.0.6/com.sun.javafx.event.EventUtil.fireEvent(EventUtil.java:49)
	at javafx.base@21.0.6/javafx.event.Event.fireEvent(Event.java:198)
	at javafx.controls@21.0.6/javafx.scene.control.MenuItem.fire(MenuItem.java:459)
	at javafx.controls@21.0.6/com.sun.javafx.scene.control.ContextMenuContent$MenuItemContainer.doSelect(ContextMenuContent.java:1415)
	at javafx.controls@21.0.6/com.sun.javafx.scene.control.ContextMenuContent$MenuItemContainer.lambda$createChildren$12(ContextMenuContent.java:1368)
	at javafx.base@21.0.6/com.sun.javafx.event.CompositeEventHandler$NormalEventHandlerRecord.handleBubblingEvent(CompositeEventHandler.java:247)
	at javafx.base@21.0.6/com.sun.javafx.event.CompositeEventHandler.dispatchBubblingEvent(CompositeEventHandler.java:80)
	at javafx.base@21.0.6/com.sun.javafx.event.EventHandlerManager.dispatchBubblingEvent(EventHandlerManager.java:232)
	at javafx.base@21.0.6/com.sun.javafx.event.EventHandlerManager.dispatchBubblingEvent(EventHandlerManager.java:189)
	at javafx.base@21.0.6/com.sun.javafx.event.CompositeEventDispatcher.dispatchBubblingEvent(CompositeEventDispatcher.java:59)
	at javafx.base@21.0.6/com.sun.javafx.event.BasicEventDispatcher.dispatchEvent(BasicEventDispatcher.java:58)
	at javafx.base@21.0.6/com.sun.javafx.event.EventDispatchChainImpl.dispatchEvent(EventDispatchChainImpl.java:114)
	at javafx.base@21.0.6/com.sun.javafx.event.BasicEventDispatcher.dispatchEvent(BasicEventDispatcher.java:56)
	at javafx.base@21.0.6/com.sun.javafx.event.EventDispatchChainImpl.dispatchEvent(EventDispatchChainImpl.java:114)
	at javafx.base@21.0.6/com.sun.javafx.event.BasicEventDispatcher.dispatchEvent(BasicEventDispatcher.java:56)
	at javafx.base@21.0.6/com.sun.javafx.event.EventDispatchChainImpl.dispatchEvent(EventDispatchChainImpl.java:114)
	at javafx.base@21.0.6/com.sun.javafx.event.BasicEventDispatcher.dispatchEvent(BasicEventDispatcher.java:56)
	at javafx.base@21.0.6/com.sun.javafx.event.EventDispatchChainImpl.dispatchEvent(EventDispatchChainImpl.java:114)
	at javafx.base@21.0.6/com.sun.javafx.event.EventUtil.fireEventImpl(EventUtil.java:74)
	at javafx.base@21.0.6/com.sun.javafx.event.EventUtil.fireEvent(EventUtil.java:54)
	at javafx.base@21.0.6/javafx.event.Event.fireEvent(Event.java:198)
	at javafx.graphics@21.0.6/javafx.scene.Scene$MouseHandler.process(Scene.java:3984)
	at javafx.graphics@21.0.6/javafx.scene.Scene.processMouseEvent(Scene.java:1890)
	at javafx.graphics@21.0.6/javafx.scene.Scene$ScenePeerListener.mouseEvent(Scene.java:2708)
	at javafx.graphics@21.0.6/com.sun.javafx.tk.quantum.GlassViewEventHandler$MouseEventNotification.run(GlassViewEventHandler.java:411)
	at javafx.graphics@21.0.6/com.sun.javafx.tk.quantum.GlassViewEventHandler$MouseEventNotification.run(GlassViewEventHandler.java:301)
	at java.base/java.security.AccessController.doPrivileged(AccessController.java:138)
	at javafx.graphics@21.0.6/com.sun.javafx.tk.quantum.GlassViewEventHandler.lambda$handleMouseEvent$2(GlassViewEventHandler.java:450)
	at javafx.graphics@21.0.6/com.sun.javafx.tk.quantum.QuantumToolkit.runWithoutRenderLock(QuantumToolkit.java:424)
	at javafx.graphics@21.0.6/com.sun.javafx.tk.quantum.GlassViewEventHandler.handleMouseEvent(GlassViewEventHandler.java:449)
	at javafx.graphics@21.0.6/com.sun.glass.ui.View.handleMouseEvent(View.java:551)
	at javafx.graphics@21.0.6/com.sun.glass.ui.View.notifyMouse(View.java:937)
	at javafx.graphics@21.0.6/com.sun.glass.ui.win.WinApplication._runLoop(Native Method)
	at javafx.graphics@21.0.6/com.sun.glass.ui.win.WinApplication.lambda$runLoop$3(WinApplication.java:185)
	at java.base/java.lang.Thread.run(Thread.java:1474)
Caused by: jakarta.json.stream.JsonParsingException: Invalid token=SQUARECLOSE at (line no=52, column no=1, offset=1151). Expected tokens are: [COMMA]
	at org.eclipse.parsson@1.1.0/org.eclipse.parsson.JsonParserImpl.parsingException(JsonParserImpl.java:464)
	at org.eclipse.parsson@1.1.0/org.eclipse.parsson.JsonParserImpl.access$1100(JsonParserImpl.java:56)
	at org.eclipse.parsson@1.1.0/org.eclipse.parsson.JsonParserImpl$ObjectContext.getNextEvent(JsonParserImpl.java:518)
	at org.eclipse.parsson@1.1.0/org.eclipse.parsson.JsonParserImpl.next(JsonParserImpl.java:382)
	at org.eclipse.yasson@3.0.3/org.eclipse.yasson.internal.deserializer.ObjectDeserializer.deserialize(ObjectDeserializer.java:63)
	at org.eclipse.yasson@3.0.3/org.eclipse.yasson.internal.deserializer.ObjectDeserializer.deserialize(ObjectDeserializer.java:31)
	at org.eclipse.yasson@3.0.3/org.eclipse.yasson.internal.deserializer.DefaultObjectInstanceCreator.deserialize(DefaultObjectInstanceCreator.java:57)
	at org.eclipse.yasson@3.0.3/org.eclipse.yasson.internal.deserializer.DefaultObjectInstanceCreator.deserialize(DefaultObjectInstanceCreator.java:29)
	at org.eclipse.yasson@3.0.3/org.eclipse.yasson.internal.deserializer.PositionChecker.deserialize(PositionChecker.java:85)
	at org.eclipse.yasson@3.0.3/org.eclipse.yasson.internal.deserializer.PositionChecker.deserialize(PositionChecker.java:34)
	at org.eclipse.yasson@3.0.3/org.eclipse.yasson.internal.deserializer.NullCheckDeserializer.deserialize(NullCheckDeserializer.java:46)
	at org.eclipse.yasson@3.0.3/org.eclipse.yasson.internal.deserializer.NullCheckDeserializer.deserialize(NullCheckDeserializer.java:26)
	at org.eclipse.yasson@3.0.3/org.eclipse.yasson.internal.deserializer.ContextSwitcher.deserialize(ContextSwitcher.java:36)
	at org.eclipse.yasson@3.0.3/org.eclipse.yasson.internal.deserializer.ContextSwitcher.deserialize(ContextSwitcher.java:22)
	at org.eclipse.yasson@3.0.3/org.eclipse.yasson.internal.deserializer.ArrayDeserializer.deserialize(ArrayDeserializer.java:49)
	at org.eclipse.yasson@3.0.3/org.eclipse.yasson.internal.deserializer.ArrayDeserializer.deserialize(ArrayDeserializer.java:26)
	at org.eclipse.yasson@3.0.3/org.eclipse.yasson.internal.deserializer.ArrayInstanceCreator.deserialize(ArrayInstanceCreator.java:68)
	at org.eclipse.yasson@3.0.3/org.eclipse.yasson.internal.deserializer.ArrayInstanceCreator$ObjectArrayCreator.deserialize(ArrayInstanceCreator.java:226)
	at org.eclipse.yasson@3.0.3/org.eclipse.yasson.internal.deserializer.PositionChecker.deserialize(PositionChecker.java:85)
	at org.eclipse.yasson@3.0.3/org.eclipse.yasson.internal.deserializer.PositionChecker.deserialize(PositionChecker.java:34)
	at org.eclipse.yasson@3.0.3/org.eclipse.yasson.internal.deserializer.NullCheckDeserializer.deserialize(NullCheckDeserializer.java:46)
	at org.eclipse.yasson@3.0.3/org.eclipse.yasson.internal.deserializer.NullCheckDeserializer.deserialize(NullCheckDeserializer.java:26)
	at org.eclipse.yasson@3.0.3/org.eclipse.yasson.internal.DeserializationContextImpl.deserializeItem(DeserializationContextImpl.java:138)
	... 67 common frames omitted
2026-02-16 00:39:14.226 [JavaFX Application Thread] ERROR h.j.e.app.MainConsoleLauncher - Greška prilikom učitavanja measurements-list.fxml
javafx.fxml.LoadException: 
/C:/Users/dinov/Desktop/Java%202025/Projekt%202/EnergyCMS/target/classes/hr/javafx/energycms/measurements-list.fxml

	at javafx.fxml@21.0.6/javafx.fxml.FXMLLoader.constructLoadException(FXMLLoader.java:2722)
	at javafx.fxml@21.0.6/javafx.fxml.FXMLLoader.loadImpl(FXMLLoader.java:2692)
	at javafx.fxml@21.0.6/javafx.fxml.FXMLLoader.loadImpl(FXMLLoader.java:2563)
	at javafx.fxml@21.0.6/javafx.fxml.FXMLLoader.load(FXMLLoader.java:2531)
	at hr.javafx.energycms/hr.javafx.energycms.controllers.MenuController.showMeasurementsList(MenuController.java:19)
	at java.base/jdk.internal.reflect.DirectMethodHandleAccessor.invoke(DirectMethodHandleAccessor.java:104)
	at java.base/java.lang.reflect.Method.invoke(Method.java:565)
	at com.sun.javafx.reflect.Trampoline.invoke(MethodUtil.java:72)
	at java.base/jdk.internal.reflect.DirectMethodHandleAccessor.invoke(DirectMethodHandleAccessor.java:104)
	at java.base/java.lang.reflect.Method.invoke(Method.java:565)
	at javafx.base@21.0.6/com.sun.javafx.reflect.MethodUtil.invoke(MethodUtil.java:270)
	at javafx.fxml@21.0.6/com.sun.javafx.fxml.MethodHelper.invoke(MethodHelper.java:84)
	at javafx.fxml@21.0.6/javafx.fxml.FXMLLoader$MethodHandler.invoke(FXMLLoader.java:1855)
	at javafx.fxml@21.0.6/javafx.fxml.FXMLLoader$ControllerMethodEventHandler.handle(FXMLLoader.java:1726)
	at javafx.base@21.0.6/com.sun.javafx.event.CompositeEventHandler.dispatchBubblingEvent(CompositeEventHandler.java:86)
	at javafx.base@21.0.6/com.sun.javafx.event.EventHandlerManager.dispatchBubblingEvent(EventHandlerManager.java:232)
	at javafx.base@21.0.6/com.sun.javafx.event.EventHandlerManager.dispatchBubblingEvent(EventHandlerManager.java:189)
	at javafx.base@21.0.6/com.sun.javafx.event.BasicEventDispatcher.dispatchEvent(BasicEventDispatcher.java:58)
	at javafx.base@21.0.6/com.sun.javafx.event.EventDispatchChainImpl.dispatchEvent(EventDispatchChainImpl.java:114)
	at javafx.base@21.0.6/com.sun.javafx.event.EventUtil.fireEventImpl(EventUtil.java:74)
	at javafx.base@21.0.6/com.sun.javafx.event.EventUtil.fireEvent(EventUtil.java:49)
	at javafx.base@21.0.6/javafx.event.Event.fireEvent(Event.java:198)
	at javafx.controls@21.0.6/javafx.scene.control.MenuItem.fire(MenuItem.java:459)
	at javafx.controls@21.0.6/com.sun.javafx.scene.control.ContextMenuContent$MenuItemContainer.doSelect(ContextMenuContent.java:1415)
	at javafx.controls@21.0.6/com.sun.javafx.scene.control.ContextMenuContent$MenuItemContainer.lambda$createChildren$12(ContextMenuContent.java:1368)
	at javafx.base@21.0.6/com.sun.javafx.event.CompositeEventHandler$NormalEventHandlerRecord.handleBubblingEvent(CompositeEventHandler.java:247)
	at javafx.base@21.0.6/com.sun.javafx.event.CompositeEventHandler.dispatchBubblingEvent(CompositeEventHandler.java:80)
	at javafx.base@21.0.6/com.sun.javafx.event.EventHandlerManager.dispatchBubblingEvent(EventHandlerManager.java:232)
	at javafx.base@21.0.6/com.sun.javafx.event.EventHandlerManager.dispatchBubblingEvent(EventHandlerManager.java:189)
	at javafx.base@21.0.6/com.sun.javafx.event.CompositeEventDispatcher.dispatchBubblingEvent(CompositeEventDispatcher.java:59)
	at javafx.base@21.0.6/com.sun.javafx.event.BasicEventDispatcher.dispatchEvent(BasicEventDispatcher.java:58)
	at javafx.base@21.0.6/com.sun.javafx.event.EventDispatchChainImpl.dispatchEvent(EventDispatchChainImpl.java:114)
	at javafx.base@21.0.6/com.sun.javafx.event.BasicEventDispatcher.dispatchEvent(BasicEventDispatcher.java:56)
	at javafx.base@21.0.6/com.sun.javafx.event.EventDispatchChainImpl.dispatchEvent(EventDispatchChainImpl.java:114)
	at javafx.base@21.0.6/com.sun.javafx.event.BasicEventDispatcher.dispatchEvent(BasicEventDispatcher.java:56)
	at javafx.base@21.0.6/com.sun.javafx.event.EventDispatchChainImpl.dispatchEvent(EventDispatchChainImpl.java:114)
	at javafx.base@21.0.6/com.sun.javafx.event.BasicEventDispatcher.dispatchEvent(BasicEventDispatcher.java:56)
	at javafx.base@21.0.6/com.sun.javafx.event.EventDispatchChainImpl.dispatchEvent(EventDispatchChainImpl.java:114)
	at javafx.base@21.0.6/com.sun.javafx.event.EventUtil.fireEventImpl(EventUtil.java:74)
	at javafx.base@21.0.6/com.sun.javafx.event.EventUtil.fireEvent(EventUtil.java:54)
	at javafx.base@21.0.6/javafx.event.Event.fireEvent(Event.java:198)
	at javafx.graphics@21.0.6/javafx.scene.Scene$MouseHandler.process(Scene.java:3984)
	at javafx.graphics@21.0.6/javafx.scene.Scene.processMouseEvent(Scene.java:1890)
	at javafx.graphics@21.0.6/javafx.scene.Scene$ScenePeerListener.mouseEvent(Scene.java:2708)
	at javafx.graphics@21.0.6/com.sun.javafx.tk.quantum.GlassViewEventHandler$MouseEventNotification.run(GlassViewEventHandler.java:411)
	at javafx.graphics@21.0.6/com.sun.javafx.tk.quantum.GlassViewEventHandler$MouseEventNotification.run(GlassViewEventHandler.java:301)
	at java.base/java.security.AccessController.doPrivileged(AccessController.java:138)
	at javafx.graphics@21.0.6/com.sun.javafx.tk.quantum.GlassViewEventHandler.lambda$handleMouseEvent$2(GlassViewEventHandler.java:450)
	at javafx.graphics@21.0.6/com.sun.javafx.tk.quantum.QuantumToolkit.runWithoutRenderLock(QuantumToolkit.java:424)
	at javafx.graphics@21.0.6/com.sun.javafx.tk.quantum.GlassViewEventHandler.handleMouseEvent(GlassViewEventHandler.java:449)
	at javafx.graphics@21.0.6/com.sun.glass.ui.View.handleMouseEvent(View.java:551)
	at javafx.graphics@21.0.6/com.sun.glass.ui.View.notifyMouse(View.java:937)
	at javafx.graphics@21.0.6/com.sun.glass.ui.win.WinApplication._runLoop(Native Method)
	at javafx.graphics@21.0.6/com.sun.glass.ui.win.WinApplication.lambda$runLoop$3(WinApplication.java:185)
	at java.base/java.lang.Thread.run(Thread.java:1474)
Caused by: java.lang.reflect.InvocationTargetException: null
	at java.base/jdk.internal.reflect.DirectMethodHandleAccessor.invoke(DirectMethodHandleAccessor.java:116)
	at java.base/java.lang.reflect.Method.invoke(Method.java:565)
	at com.sun.javafx.reflect.Trampoline.invoke(MethodUtil.java:72)
	at java.base/jdk.internal.reflect.DirectMethodHandleAccessor.invoke(DirectMethodHandleAccessor.java:104)
	at java.base/java.lang.reflect.Method.invoke(Method.java:565)
	at javafx.base@21.0.6/com.sun.javafx.reflect.MethodUtil.invoke(MethodUtil.java:270)
	at javafx.fxml@21.0.6/com.sun.javafx.fxml.MethodHelper.invoke(MethodHelper.java:84)
	at javafx.fxml@21.0.6/javafx.fxml.FXMLLoader.loadImpl(FXMLLoader.java:2688)
	... 53 common frames omitted
Caused by: java.lang.NullPointerException: Cannot invoke "javafx.scene.control.TableView.setItems(javafx.collections.ObservableList)" because "this.measurementTableView" is null
	at hr.javafx.energycms/hr.javafx.energycms.controllers.MeasurementsController.loadData(MeasurementsController.java:73)
	at hr.javafx.energycms/hr.javafx.energycms.controllers.MeasurementsController.initialize(MeasurementsController.java:57)
	at java.base/jdk.internal.reflect.DirectMethodHandleAccessor.invoke(DirectMethodHandleAccessor.java:104)
	... 60 common frames omitted
2026-02-16 00:39:47.968 [JavaFX Application Thread] ERROR h.j.e.app.MainConsoleLauncher - Greška pri učitavanju standardnih uređaja
jakarta.json.bind.JsonbException: Internal error: Invalid token=SQUARECLOSE at (line no=52, column no=1, offset=1151). Expected tokens are: [COMMA]
	at org.eclipse.yasson@3.0.3/org.eclipse.yasson.internal.DeserializationContextImpl.deserializeItem(DeserializationContextImpl.java:142)
	at org.eclipse.yasson@3.0.3/org.eclipse.yasson.internal.DeserializationContextImpl.deserialize(DeserializationContextImpl.java:127)
	at org.eclipse.yasson@3.0.3/org.eclipse.yasson.internal.JsonBinding.deserialize(JsonBinding.java:55)
	at org.eclipse.yasson@3.0.3/org.eclipse.yasson.internal.JsonBinding.fromJson(JsonBinding.java:62)
	at hr.javafx.energycms/hr.javafx.energycms.repository.JsonRepository.loadStandardDevices(JsonRepository.java:39)
	at hr.javafx.energycms/hr.javafx.energycms.controllers.MeasurementsController.loadData(MeasurementsController.java:64)
	at hr.javafx.energycms/hr.javafx.energycms.controllers.MeasurementsController.initialize(MeasurementsController.java:57)
	at java.base/jdk.internal.reflect.DirectMethodHandleAccessor.invoke(DirectMethodHandleAccessor.java:104)
	at java.base/java.lang.reflect.Method.invoke(Method.java:565)
	at com.sun.javafx.reflect.Trampoline.invoke(MethodUtil.java:72)
	at java.base/jdk.internal.reflect.DirectMethodHandleAccessor.invoke(DirectMethodHandleAccessor.java:104)
	at java.base/java.lang.reflect.Method.invoke(Method.java:565)
	at javafx.base@21.0.6/com.sun.javafx.reflect.MethodUtil.invoke(MethodUtil.java:270)
	at javafx.fxml@21.0.6/com.sun.javafx.fxml.MethodHelper.invoke(MethodHelper.java:84)
	at javafx.fxml@21.0.6/javafx.fxml.FXMLLoader.loadImpl(FXMLLoader.java:2688)
	at javafx.fxml@21.0.6/javafx.fxml.FXMLLoader.loadImpl(FXMLLoader.java:2563)
	at javafx.fxml@21.0.6/javafx.fxml.FXMLLoader.load(FXMLLoader.java:2531)
	at hr.javafx.energycms/hr.javafx.energycms.controllers.MenuController.showMeasurementsList(MenuController.java:19)
	at java.base/jdk.internal.reflect.DirectMethodHandleAccessor.invoke(DirectMethodHandleAccessor.java:104)
	at java.base/java.lang.reflect.Method.invoke(Method.java:565)
	at com.sun.javafx.reflect.Trampoline.invoke(MethodUtil.java:72)
	at java.base/jdk.internal.reflect.DirectMethodHandleAccessor.invoke(DirectMethodHandleAccessor.java:104)
	at java.base/java.lang.reflect.Method.invoke(Method.java:565)
	at javafx.base@21.0.6/com.sun.javafx.reflect.MethodUtil.invoke(MethodUtil.java:270)
	at javafx.fxml@21.0.6/com.sun.javafx.fxml.MethodHelper.invoke(MethodHelper.java:84)
	at javafx.fxml@21.0.6/javafx.fxml.FXMLLoader$MethodHandler.invoke(FXMLLoader.java:1855)
	at javafx.fxml@21.0.6/javafx.fxml.FXMLLoader$ControllerMethodEventHandler.handle(FXMLLoader.java:1726)
	at javafx.base@21.0.6/com.sun.javafx.event.CompositeEventHandler.dispatchBubblingEvent(CompositeEventHandler.java:86)
	at javafx.base@21.0.6/com.sun.javafx.event.EventHandlerManager.dispatchBubblingEvent(EventHandlerManager.java:232)
	at javafx.base@21.0.6/com.sun.javafx.event.EventHandlerManager.dispatchBubblingEvent(EventHandlerManager.java:189)
	at javafx.base@21.0.6/com.sun.javafx.event.BasicEventDispatcher.dispatchEvent(BasicEventDispatcher.java:58)
	at javafx.base@21.0.6/com.sun.javafx.event.EventDispatchChainImpl.dispatchEvent(EventDispatchChainImpl.java:114)
	at javafx.base@21.0.6/com.sun.javafx.event.EventUtil.fireEventImpl(EventUtil.java:74)
	at javafx.base@21.0.6/com.sun.javafx.event.EventUtil.fireEvent(EventUtil.java:49)
	at javafx.base@21.0.6/javafx.event.Event.fireEvent(Event.java:198)
	at javafx.controls@21.0.6/javafx.scene.control.MenuItem.fire(MenuItem.java:459)
	at javafx.controls@21.0.6/com.sun.javafx.scene.control.ContextMenuContent$MenuItemContainer.doSelect(ContextMenuContent.java:1415)
	at javafx.controls@21.0.6/com.sun.javafx.scene.control.ContextMenuContent$MenuItemContainer.lambda$createChildren$12(ContextMenuContent.java:1368)
	at javafx.base@21.0.6/com.sun.javafx.event.CompositeEventHandler$NormalEventHandlerRecord.handleBubblingEvent(CompositeEventHandler.java:247)
	at javafx.base@21.0.6/com.sun.javafx.event.CompositeEventHandler.dispatchBubblingEvent(CompositeEventHandler.java:80)
	at javafx.base@21.0.6/com.sun.javafx.event.EventHandlerManager.dispatchBubblingEvent(EventHandlerManager.java:232)
	at javafx.base@21.0.6/com.sun.javafx.event.EventHandlerManager.dispatchBubblingEvent(EventHandlerManager.java:189)
	at javafx.base@21.0.6/com.sun.javafx.event.CompositeEventDispatcher.dispatchBubblingEvent(CompositeEventDispatcher.java:59)
	at javafx.base@21.0.6/com.sun.javafx.event.BasicEventDispatcher.dispatchEvent(BasicEventDispatcher.java:58)
	at javafx.base@21.0.6/com.sun.javafx.event.EventDispatchChainImpl.dispatchEvent(EventDispatchChainImpl.java:114)
	at javafx.base@21.0.6/com.sun.javafx.event.BasicEventDispatcher.dispatchEvent(BasicEventDispatcher.java:56)
	at javafx.base@21.0.6/com.sun.javafx.event.EventDispatchChainImpl.dispatchEvent(EventDispatchChainImpl.java:114)
	at javafx.base@21.0.6/com.sun.javafx.event.BasicEventDispatcher.dispatchEvent(BasicEventDispatcher.java:56)
	at javafx.base@21.0.6/com.sun.javafx.event.EventDispatchChainImpl.dispatchEvent(EventDispatchChainImpl.java:114)
	at javafx.base@21.0.6/com.sun.javafx.event.BasicEventDispatcher.dispatchEvent(BasicEventDispatcher.java:56)
	at javafx.base@21.0.6/com.sun.javafx.event.EventDispatchChainImpl.dispatchEvent(EventDispatchChainImpl.java:114)
	at javafx.base@21.0.6/com.sun.javafx.event.EventUtil.fireEventImpl(EventUtil.java:74)
	at javafx.base@21.0.6/com.sun.javafx.event.EventUtil.fireEvent(EventUtil.java:54)
	at javafx.base@21.0.6/javafx.event.Event.fireEvent(Event.java:198)
	at javafx.graphics@21.0.6/javafx.scene.Scene$MouseHandler.process(Scene.java:3984)
	at javafx.graphics@21.0.6/javafx.scene.Scene.processMouseEvent(Scene.java:1890)
	at javafx.graphics@21.0.6/javafx.scene.Scene$ScenePeerListener.mouseEvent(Scene.java:2708)
	at javafx.graphics@21.0.6/com.sun.javafx.tk.quantum.GlassViewEventHandler$MouseEventNotification.run(GlassViewEventHandler.java:411)
	at javafx.graphics@21.0.6/com.sun.javafx.tk.quantum.GlassViewEventHandler$MouseEventNotification.run(GlassViewEventHandler.java:301)
	at java.base/java.security.AccessController.doPrivileged(AccessController.java:138)
	at javafx.graphics@21.0.6/com.sun.javafx.tk.quantum.GlassViewEventHandler.lambda$handleMouseEvent$2(GlassViewEventHandler.java:450)
	at javafx.graphics@21.0.6/com.sun.javafx.tk.quantum.QuantumToolkit.runWithoutRenderLock(QuantumToolkit.java:424)
	at javafx.graphics@21.0.6/com.sun.javafx.tk.quantum.GlassViewEventHandler.handleMouseEvent(GlassViewEventHandler.java:449)
	at javafx.graphics@21.0.6/com.sun.glass.ui.View.handleMouseEvent(View.java:551)
	at javafx.graphics@21.0.6/com.sun.glass.ui.View.notifyMouse(View.java:937)
	at javafx.graphics@21.0.6/com.sun.glass.ui.win.WinApplication._runLoop(Native Method)
	at javafx.graphics@21.0.6/com.sun.glass.ui.win.WinApplication.lambda$runLoop$3(WinApplication.java:185)
	at java.base/java.lang.Thread.run(Thread.java:1474)
Caused by: jakarta.json.stream.JsonParsingException: Invalid token=SQUARECLOSE at (line no=52, column no=1, offset=1151). Expected tokens are: [COMMA]
	at org.eclipse.parsson@1.1.0/org.eclipse.parsson.JsonParserImpl.parsingException(JsonParserImpl.java:464)
	at org.eclipse.parsson@1.1.0/org.eclipse.parsson.JsonParserImpl.access$1100(JsonParserImpl.java:56)
	at org.eclipse.parsson@1.1.0/org.eclipse.parsson.JsonParserImpl$ObjectContext.getNextEvent(JsonParserImpl.java:518)
	at org.eclipse.parsson@1.1.0/org.eclipse.parsson.JsonParserImpl.next(JsonParserImpl.java:382)
	at org.eclipse.yasson@3.0.3/org.eclipse.yasson.internal.deserializer.ObjectDeserializer.deserialize(ObjectDeserializer.java:63)
	at org.eclipse.yasson@3.0.3/org.eclipse.yasson.internal.deserializer.ObjectDeserializer.deserialize(ObjectDeserializer.java:31)
	at org.eclipse.yasson@3.0.3/org.eclipse.yasson.internal.deserializer.DefaultObjectInstanceCreator.deserialize(DefaultObjectInstanceCreator.java:57)
	at org.eclipse.yasson@3.0.3/org.eclipse.yasson.internal.deserializer.DefaultObjectInstanceCreator.deserialize(DefaultObjectInstanceCreator.java:29)
	at org.eclipse.yasson@3.0.3/org.eclipse.yasson.internal.deserializer.PositionChecker.deserialize(PositionChecker.java:85)
	at org.eclipse.yasson@3.0.3/org.eclipse.yasson.internal.deserializer.PositionChecker.deserialize(PositionChecker.java:34)
	at org.eclipse.yasson@3.0.3/org.eclipse.yasson.internal.deserializer.NullCheckDeserializer.deserialize(NullCheckDeserializer.java:46)
	at org.eclipse.yasson@3.0.3/org.eclipse.yasson.internal.deserializer.NullCheckDeserializer.deserialize(NullCheckDeserializer.java:26)
	at org.eclipse.yasson@3.0.3/org.eclipse.yasson.internal.deserializer.ContextSwitcher.deserialize(ContextSwitcher.java:36)
	at org.eclipse.yasson@3.0.3/org.eclipse.yasson.internal.deserializer.ContextSwitcher.deserialize(ContextSwitcher.java:22)
	at org.eclipse.yasson@3.0.3/org.eclipse.yasson.internal.deserializer.ArrayDeserializer.deserialize(ArrayDeserializer.java:49)
	at org.eclipse.yasson@3.0.3/org.eclipse.yasson.internal.deserializer.ArrayDeserializer.deserialize(ArrayDeserializer.java:26)
	at org.eclipse.yasson@3.0.3/org.eclipse.yasson.internal.deserializer.ArrayInstanceCreator.deserialize(ArrayInstanceCreator.java:68)
	at org.eclipse.yasson@3.0.3/org.eclipse.yasson.internal.deserializer.ArrayInstanceCreator$ObjectArrayCreator.deserialize(ArrayInstanceCreator.java:226)
	at org.eclipse.yasson@3.0.3/org.eclipse.yasson.internal.deserializer.PositionChecker.deserialize(PositionChecker.java:85)
	at org.eclipse.yasson@3.0.3/org.eclipse.yasson.internal.deserializer.PositionChecker.deserialize(PositionChecker.java:34)
	at org.eclipse.yasson@3.0.3/org.eclipse.yasson.internal.deserializer.NullCheckDeserializer.deserialize(NullCheckDeserializer.java:46)
	at org.eclipse.yasson@3.0.3/org.eclipse.yasson.internal.deserializer.NullCheckDeserializer.deserialize(NullCheckDeserializer.java:26)
	at org.eclipse.yasson@3.0.3/org.eclipse.yasson.internal.DeserializationContextImpl.deserializeItem(DeserializationContextImpl.java:138)
	... 67 common frames omitted
2026-02-16 00:39:47.991 [JavaFX Application Thread] ERROR h.j.e.app.MainConsoleLauncher - Greška prilikom učitavanja measurements-list.fxml
javafx.fxml.LoadException: 
/C:/Users/dinov/Desktop/Java%202025/Projekt%202/EnergyCMS/target/classes/hr/javafx/energycms/measurements-list.fxml

	at javafx.fxml@21.0.6/javafx.fxml.FXMLLoader.constructLoadException(FXMLLoader.java:2722)
	at javafx.fxml@21.0.6/javafx.fxml.FXMLLoader.loadImpl(FXMLLoader.java:2692)
	at javafx.fxml@21.0.6/javafx.fxml.FXMLLoader.loadImpl(FXMLLoader.java:2563)
	at javafx.fxml@21.0.6/javafx.fxml.FXMLLoader.load(FXMLLoader.java:2531)
	at hr.javafx.energycms/hr.javafx.energycms.controllers.MenuController.showMeasurementsList(MenuController.java:19)
	at java.base/jdk.internal.reflect.DirectMethodHandleAccessor.invoke(DirectMethodHandleAccessor.java:104)
	at java.base/java.lang.reflect.Method.invoke(Method.java:565)
	at com.sun.javafx.reflect.Trampoline.invoke(MethodUtil.java:72)
	at java.base/jdk.internal.reflect.DirectMethodHandleAccessor.invoke(DirectMethodHandleAccessor.java:104)
	at java.base/java.lang.reflect.Method.invoke(Method.java:565)
	at javafx.base@21.0.6/com.sun.javafx.reflect.MethodUtil.invoke(MethodUtil.java:270)
	at javafx.fxml@21.0.6/com.sun.javafx.fxml.MethodHelper.invoke(MethodHelper.java:84)
	at javafx.fxml@21.0.6/javafx.fxml.FXMLLoader$MethodHandler.invoke(FXMLLoader.java:1855)
	at javafx.fxml@21.0.6/javafx.fxml.FXMLLoader$ControllerMethodEventHandler.handle(FXMLLoader.java:1726)
	at javafx.base@21.0.6/com.sun.javafx.event.CompositeEventHandler.dispatchBubblingEvent(CompositeEventHandler.java:86)
	at javafx.base@21.0.6/com.sun.javafx.event.EventHandlerManager.dispatchBubblingEvent(EventHandlerManager.java:232)
	at javafx.base@21.0.6/com.sun.javafx.event.EventHandlerManager.dispatchBubblingEvent(EventHandlerManager.java:189)
	at javafx.base@21.0.6/com.sun.javafx.event.BasicEventDispatcher.dispatchEvent(BasicEventDispatcher.java:58)
	at javafx.base@21.0.6/com.sun.javafx.event.EventDispatchChainImpl.dispatchEvent(EventDispatchChainImpl.java:114)
	at javafx.base@21.0.6/com.sun.javafx.event.EventUtil.fireEventImpl(EventUtil.java:74)
	at javafx.base@21.0.6/com.sun.javafx.event.EventUtil.fireEvent(EventUtil.java:49)
	at javafx.base@21.0.6/javafx.event.Event.fireEvent(Event.java:198)
	at javafx.controls@21.0.6/javafx.scene.control.MenuItem.fire(MenuItem.java:459)
	at javafx.controls@21.0.6/com.sun.javafx.scene.control.ContextMenuContent$MenuItemContainer.doSelect(ContextMenuContent.java:1415)
	at javafx.controls@21.0.6/com.sun.javafx.scene.control.ContextMenuContent$MenuItemContainer.lambda$createChildren$12(ContextMenuContent.java:1368)
	at javafx.base@21.0.6/com.sun.javafx.event.CompositeEventHandler$NormalEventHandlerRecord.handleBubblingEvent(CompositeEventHandler.java:247)
	at javafx.base@21.0.6/com.sun.javafx.event.CompositeEventHandler.dispatchBubblingEvent(CompositeEventHandler.java:80)
	at javafx.base@21.0.6/com.sun.javafx.event.EventHandlerManager.dispatchBubblingEvent(EventHandlerManager.java:232)
	at javafx.base@21.0.6/com.sun.javafx.event.EventHandlerManager.dispatchBubblingEvent(EventHandlerManager.java:189)
	at javafx.base@21.0.6/com.sun.javafx.event.CompositeEventDispatcher.dispatchBubblingEvent(CompositeEventDispatcher.java:59)
	at javafx.base@21.0.6/com.sun.javafx.event.BasicEventDispatcher.dispatchEvent(BasicEventDispatcher.java:58)
	at javafx.base@21.0.6/com.sun.javafx.event.EventDispatchChainImpl.dispatchEvent(EventDispatchChainImpl.java:114)
	at javafx.base@21.0.6/com.sun.javafx.event.BasicEventDispatcher.dispatchEvent(BasicEventDispatcher.java:56)
	at javafx.base@21.0.6/com.sun.javafx.event.EventDispatchChainImpl.dispatchEvent(EventDispatchChainImpl.java:114)
	at javafx.base@21.0.6/com.sun.javafx.event.BasicEventDispatcher.dispatchEvent(BasicEventDispatcher.java:56)
	at javafx.base@21.0.6/com.sun.javafx.event.EventDispatchChainImpl.dispatchEvent(EventDispatchChainImpl.java:114)
	at javafx.base@21.0.6/com.sun.javafx.event.BasicEventDispatcher.dispatchEvent(BasicEventDispatcher.java:56)
	at javafx.base@21.0.6/com.sun.javafx.event.EventDispatchChainImpl.dispatchEvent(EventDispatchChainImpl.java:114)
	at javafx.base@21.0.6/com.sun.javafx.event.EventUtil.fireEventImpl(EventUtil.java:74)
	at javafx.base@21.0.6/com.sun.javafx.event.EventUtil.fireEvent(EventUtil.java:54)
	at javafx.base@21.0.6/javafx.event.Event.fireEvent(Event.java:198)
	at javafx.graphics@21.0.6/javafx.scene.Scene$MouseHandler.process(Scene.java:3984)
	at javafx.graphics@21.0.6/javafx.scene.Scene.processMouseEvent(Scene.java:1890)
	at javafx.graphics@21.0.6/javafx.scene.Scene$ScenePeerListener.mouseEvent(Scene.java:2708)
	at javafx.graphics@21.0.6/com.sun.javafx.tk.quantum.GlassViewEventHandler$MouseEventNotification.run(GlassViewEventHandler.java:411)
	at javafx.graphics@21.0.6/com.sun.javafx.tk.quantum.GlassViewEventHandler$MouseEventNotification.run(GlassViewEventHandler.java:301)
	at java.base/java.security.AccessController.doPrivileged(AccessController.java:138)
	at javafx.graphics@21.0.6/com.sun.javafx.tk.quantum.GlassViewEventHandler.lambda$handleMouseEvent$2(GlassViewEventHandler.java:450)
	at javafx.graphics@21.0.6/com.sun.javafx.tk.quantum.QuantumToolkit.runWithoutRenderLock(QuantumToolkit.java:424)
	at javafx.graphics@21.0.6/com.sun.javafx.tk.quantum.GlassViewEventHandler.handleMouseEvent(GlassViewEventHandler.java:449)
	at javafx.graphics@21.0.6/com.sun.glass.ui.View.handleMouseEvent(View.java:551)
	at javafx.graphics@21.0.6/com.sun.glass.ui.View.notifyMouse(View.java:937)
	at javafx.graphics@21.0.6/com.sun.glass.ui.win.WinApplication._runLoop(Native Method)
	at javafx.graphics@21.0.6/com.sun.glass.ui.win.WinApplication.lambda$runLoop$3(WinApplication.java:185)
	at java.base/java.lang.Thread.run(Thread.java:1474)
Caused by: java.lang.reflect.InvocationTargetException: null
	at java.base/jdk.internal.reflect.DirectMethodHandleAccessor.invoke(DirectMethodHandleAccessor.java:116)
	at java.base/java.lang.reflect.Method.invoke(Method.java:565)
	at com.sun.javafx.reflect.Trampoline.invoke(MethodUtil.java:72)
	at java.base/jdk.internal.reflect.DirectMethodHandleAccessor.invoke(DirectMethodHandleAccessor.java:104)
	at java.base/java.lang.reflect.Method.invoke(Method.java:565)
	at javafx.base@21.0.6/com.sun.javafx.reflect.MethodUtil.invoke(MethodUtil.java:270)
	at javafx.fxml@21.0.6/com.sun.javafx.fxml.MethodHelper.invoke(MethodHelper.java:84)
	at javafx.fxml@21.0.6/javafx.fxml.FXMLLoader.loadImpl(FXMLLoader.java:2688)
	... 53 common frames omitted
Caused by: java.lang.NullPointerException: Cannot invoke "javafx.scene.control.TableView.setItems(javafx.collections.ObservableList)" because "this.measurementTableView" is null
	at hr.javafx.energycms/hr.javafx.energycms.controllers.MeasurementsController.loadData(MeasurementsController.java:73)
	at hr.javafx.energycms/hr.javafx.energycms.controllers.MeasurementsController.initialize(MeasurementsController.java:57)
	at java.base/jdk.internal.reflect.DirectMethodHandleAccessor.invoke(DirectMethodHandleAccessor.java:104)
	... 60 common frames omitted
2026-02-16 00:40:02.303 [JavaFX Application Thread] ERROR h.j.e.app.MainConsoleLauncher - Greška pri učitavanju standardnih uređaja
jakarta.json.bind.JsonbException: Internal error: Invalid token=SQUARECLOSE at (line no=52, column no=1, offset=1151). Expected tokens are: [COMMA]
	at org.eclipse.yasson@3.0.3/org.eclipse.yasson.internal.DeserializationContextImpl.deserializeItem(DeserializationContextImpl.java:142)
	at org.eclipse.yasson@3.0.3/org.eclipse.yasson.internal.DeserializationContextImpl.deserialize(DeserializationContextImpl.java:127)
	at org.eclipse.yasson@3.0.3/org.eclipse.yasson.internal.JsonBinding.deserialize(JsonBinding.java:55)
	at org.eclipse.yasson@3.0.3/org.eclipse.yasson.internal.JsonBinding.fromJson(JsonBinding.java:62)
	at hr.javafx.energycms/hr.javafx.energycms.repository.JsonRepository.loadStandardDevices(JsonRepository.java:39)
	at hr.javafx.energycms/hr.javafx.energycms.controllers.MeasurementsController.loadData(MeasurementsController.java:64)
	at hr.javafx.energycms/hr.javafx.energycms.controllers.MeasurementsController.initialize(MeasurementsController.java:57)
	at java.base/jdk.internal.reflect.DirectMethodHandleAccessor.invoke(DirectMethodHandleAccessor.java:104)
	at java.base/java.lang.reflect.Method.invoke(Method.java:565)
	at com.sun.javafx.reflect.Trampoline.invoke(MethodUtil.java:72)
	at java.base/jdk.internal.reflect.DirectMethodHandleAccessor.invoke(DirectMethodHandleAccessor.java:104)
	at java.base/java.lang.reflect.Method.invoke(Method.java:565)
	at javafx.base@21.0.6/com.sun.javafx.reflect.MethodUtil.invoke(MethodUtil.java:270)
	at javafx.fxml@21.0.6/com.sun.javafx.fxml.MethodHelper.invoke(MethodHelper.java:84)
	at javafx.fxml@21.0.6/javafx.fxml.FXMLLoader.loadImpl(FXMLLoader.java:2688)
	at javafx.fxml@21.0.6/javafx.fxml.FXMLLoader.loadImpl(FXMLLoader.java:2563)
	at javafx.fxml@21.0.6/javafx.fxml.FXMLLoader.load(FXMLLoader.java:2531)
	at hr.javafx.energycms/hr.javafx.energycms.controllers.MenuController.showMeasurementsList(MenuController.java:19)
	at java.base/jdk.internal.reflect.DirectMethodHandleAccessor.invoke(DirectMethodHandleAccessor.java:104)
	at java.base/java.lang.reflect.Method.invoke(Method.java:565)
	at com.sun.javafx.reflect.Trampoline.invoke(MethodUtil.java:72)
	at java.base/jdk.internal.reflect.DirectMethodHandleAccessor.invoke(DirectMethodHandleAccessor.java:104)
	at java.base/java.lang.reflect.Method.invoke(Method.java:565)
	at javafx.base@21.0.6/com.sun.javafx.reflect.MethodUtil.invoke(MethodUtil.java:270)
	at javafx.fxml@21.0.6/com.sun.javafx.fxml.MethodHelper.invoke(MethodHelper.java:84)
	at javafx.fxml@21.0.6/javafx.fxml.FXMLLoader$MethodHandler.invoke(FXMLLoader.java:1855)
	at javafx.fxml@21.0.6/javafx.fxml.FXMLLoader$ControllerMethodEventHandler.handle(FXMLLoader.java:1726)
	at javafx.base@21.0.6/com.sun.javafx.event.CompositeEventHandler.dispatchBubblingEvent(CompositeEventHandler.java:86)
	at javafx.base@21.0.6/com.sun.javafx.event.EventHandlerManager.dispatchBubblingEvent(EventHandlerManager.java:232)
	at javafx.base@21.0.6/com.sun.javafx.event.EventHandlerManager.dispatchBubblingEvent(EventHandlerManager.java:189)
	at javafx.base@21.0.6/com.sun.javafx.event.BasicEventDispatcher.dispatchEvent(BasicEventDispatcher.java:58)
	at javafx.base@21.0.6/com.sun.javafx.event.EventDispatchChainImpl.dispatchEvent(EventDispatchChainImpl.java:114)
	at javafx.base@21.0.6/com.sun.javafx.event.EventUtil.fireEventImpl(EventUtil.java:74)
	at javafx.base@21.0.6/com.sun.javafx.event.EventUtil.fireEvent(EventUtil.java:49)
	at javafx.base@21.0.6/javafx.event.Event.fireEvent(Event.java:198)
	at javafx.controls@21.0.6/javafx.scene.control.MenuItem.fire(MenuItem.java:459)
	at javafx.controls@21.0.6/com.sun.javafx.scene.control.ContextMenuContent$MenuItemContainer.doSelect(ContextMenuContent.java:1415)
	at javafx.controls@21.0.6/com.sun.javafx.scene.control.ContextMenuContent$MenuItemContainer.lambda$createChildren$12(ContextMenuContent.java:1368)
	at javafx.base@21.0.6/com.sun.javafx.event.CompositeEventHandler$NormalEventHandlerRecord.handleBubblingEvent(CompositeEventHandler.java:247)
	at javafx.base@21.0.6/com.sun.javafx.event.CompositeEventHandler.dispatchBubblingEvent(CompositeEventHandler.java:80)
	at javafx.base@21.0.6/com.sun.javafx.event.EventHandlerManager.dispatchBubblingEvent(EventHandlerManager.java:232)
	at javafx.base@21.0.6/com.sun.javafx.event.EventHandlerManager.dispatchBubblingEvent(EventHandlerManager.java:189)
	at javafx.base@21.0.6/com.sun.javafx.event.CompositeEventDispatcher.dispatchBubblingEvent(CompositeEventDispatcher.java:59)
	at javafx.base@21.0.6/com.sun.javafx.event.BasicEventDispatcher.dispatchEvent(BasicEventDispatcher.java:58)
	at javafx.base@21.0.6/com.sun.javafx.event.EventDispatchChainImpl.dispatchEvent(EventDispatchChainImpl.java:114)
	at javafx.base@21.0.6/com.sun.javafx.event.BasicEventDispatcher.dispatchEvent(BasicEventDispatcher.java:56)
	at javafx.base@21.0.6/com.sun.javafx.event.EventDispatchChainImpl.dispatchEvent(EventDispatchChainImpl.java:114)
	at javafx.base@21.0.6/com.sun.javafx.event.BasicEventDispatcher.dispatchEvent(BasicEventDispatcher.java:56)
	at javafx.base@21.0.6/com.sun.javafx.event.EventDispatchChainImpl.dispatchEvent(EventDispatchChainImpl.java:114)
	at javafx.base@21.0.6/com.sun.javafx.event.BasicEventDispatcher.dispatchEvent(BasicEventDispatcher.java:56)
	at javafx.base@21.0.6/com.sun.javafx.event.EventDispatchChainImpl.dispatchEvent(EventDispatchChainImpl.java:114)
	at javafx.base@21.0.6/com.sun.javafx.event.EventUtil.fireEventImpl(EventUtil.java:74)
	at javafx.base@21.0.6/com.sun.javafx.event.EventUtil.fireEvent(EventUtil.java:54)
	at javafx.base@21.0.6/javafx.event.Event.fireEvent(Event.java:198)
	at javafx.graphics@21.0.6/javafx.scene.Scene$MouseHandler.process(Scene.java:3984)
	at javafx.graphics@21.0.6/javafx.scene.Scene.processMouseEvent(Scene.java:1890)
	at javafx.graphics@21.0.6/javafx.scene.Scene$ScenePeerListener.mouseEvent(Scene.java:2708)
	at javafx.graphics@21.0.6/com.sun.javafx.tk.quantum.GlassViewEventHandler$MouseEventNotification.run(GlassViewEventHandler.java:411)
	at javafx.graphics@21.0.6/com.sun.javafx.tk.quantum.GlassViewEventHandler$MouseEventNotification.run(GlassViewEventHandler.java:301)
	at java.base/java.security.AccessController.doPrivileged(AccessController.java:138)
	at javafx.graphics@21.0.6/com.sun.javafx.tk.quantum.GlassViewEventHandler.lambda$handleMouseEvent$2(GlassViewEventHandler.java:450)
	at javafx.graphics@21.0.6/com.sun.javafx.tk.quantum.QuantumToolkit.runWithoutRenderLock(QuantumToolkit.java:424)
	at javafx.graphics@21.0.6/com.sun.javafx.tk.quantum.GlassViewEventHandler.handleMouseEvent(GlassViewEventHandler.java:449)
	at javafx.graphics@21.0.6/com.sun.glass.ui.View.handleMouseEvent(View.java:551)
	at javafx.graphics@21.0.6/com.sun.glass.ui.View.notifyMouse(View.java:937)
	at javafx.graphics@21.0.6/com.sun.glass.ui.win.WinApplication._runLoop(Native Method)
	at javafx.graphics@21.0.6/com.sun.glass.ui.win.WinApplication.lambda$runLoop$3(WinApplication.java:185)
	at java.base/java.lang.Thread.run(Thread.java:1474)
Caused by: jakarta.json.stream.JsonParsingException: Invalid token=SQUARECLOSE at (line no=52, column no=1, offset=1151). Expected tokens are: [COMMA]
	at org.eclipse.parsson@1.1.0/org.eclipse.parsson.JsonParserImpl.parsingException(JsonParserImpl.java:464)
	at org.eclipse.parsson@1.1.0/org.eclipse.parsson.JsonParserImpl.access$1100(JsonParserImpl.java:56)
	at org.eclipse.parsson@1.1.0/org.eclipse.parsson.JsonParserImpl$ObjectContext.getNextEvent(JsonParserImpl.java:518)
	at org.eclipse.parsson@1.1.0/org.eclipse.parsson.JsonParserImpl.next(JsonParserImpl.java:382)
	at org.eclipse.yasson@3.0.3/org.eclipse.yasson.internal.deserializer.ObjectDeserializer.deserialize(ObjectDeserializer.java:63)
	at org.eclipse.yasson@3.0.3/org.eclipse.yasson.internal.deserializer.ObjectDeserializer.deserialize(ObjectDeserializer.java:31)
	at org.eclipse.yasson@3.0.3/org.eclipse.yasson.internal.deserializer.DefaultObjectInstanceCreator.deserialize(DefaultObjectInstanceCreator.java:57)
	at org.eclipse.yasson@3.0.3/org.eclipse.yasson.internal.deserializer.DefaultObjectInstanceCreator.deserialize(DefaultObjectInstanceCreator.java:29)
	at org.eclipse.yasson@3.0.3/org.eclipse.yasson.internal.deserializer.PositionChecker.deserialize(PositionChecker.java:85)
	at org.eclipse.yasson@3.0.3/org.eclipse.yasson.internal.deserializer.PositionChecker.deserialize(PositionChecker.java:34)
	at org.eclipse.yasson@3.0.3/org.eclipse.yasson.internal.deserializer.NullCheckDeserializer.deserialize(NullCheckDeserializer.java:46)
	at org.eclipse.yasson@3.0.3/org.eclipse.yasson.internal.deserializer.NullCheckDeserializer.deserialize(NullCheckDeserializer.java:26)
	at org.eclipse.yasson@3.0.3/org.eclipse.yasson.internal.deserializer.ContextSwitcher.deserialize(ContextSwitcher.java:36)
	at org.eclipse.yasson@3.0.3/org.eclipse.yasson.internal.deserializer.ContextSwitcher.deserialize(ContextSwitcher.java:22)
	at org.eclipse.yasson@3.0.3/org.eclipse.yasson.internal.deserializer.ArrayDeserializer.deserialize(ArrayDeserializer.java:49)
	at org.eclipse.yasson@3.0.3/org.eclipse.yasson.internal.deserializer.ArrayDeserializer.deserialize(ArrayDeserializer.java:26)
	at org.eclipse.yasson@3.0.3/org.eclipse.yasson.internal.deserializer.ArrayInstanceCreator.deserialize(ArrayInstanceCreator.java:68)
	at org.eclipse.yasson@3.0.3/org.eclipse.yasson.internal.deserializer.ArrayInstanceCreator$ObjectArrayCreator.deserialize(ArrayInstanceCreator.java:226)
	at org.eclipse.yasson@3.0.3/org.eclipse.yasson.internal.deserializer.PositionChecker.deserialize(PositionChecker.java:85)
	at org.eclipse.yasson@3.0.3/org.eclipse.yasson.internal.deserializer.PositionChecker.deserialize(PositionChecker.java:34)
	at org.eclipse.yasson@3.0.3/org.eclipse.yasson.internal.deserializer.NullCheckDeserializer.deserialize(NullCheckDeserializer.java:46)
	at org.eclipse.yasson@3.0.3/org.eclipse.yasson.internal.deserializer.NullCheckDeserializer.deserialize(NullCheckDeserializer.java:26)
	at org.eclipse.yasson@3.0.3/org.eclipse.yasson.internal.DeserializationContextImpl.deserializeItem(DeserializationContextImpl.java:138)
	... 67 common frames omitted
2026-02-16 00:40:02.324 [JavaFX Application Thread] ERROR h.j.e.app.MainConsoleLauncher - Greška prilikom učitavanja measurements-list.fxml
javafx.fxml.LoadException: 
/C:/Users/dinov/Desktop/Java%202025/Projekt%202/EnergyCMS/target/classes/hr/javafx/energycms/measurements-list.fxml

	at javafx.fxml@21.0.6/javafx.fxml.FXMLLoader.constructLoadException(FXMLLoader.java:2722)
	at javafx.fxml@21.0.6/javafx.fxml.FXMLLoader.loadImpl(FXMLLoader.java:2692)
	at javafx.fxml@21.0.6/javafx.fxml.FXMLLoader.loadImpl(FXMLLoader.java:2563)
	at javafx.fxml@21.0.6/javafx.fxml.FXMLLoader.load(FXMLLoader.java:2531)
	at hr.javafx.energycms/hr.javafx.energycms.controllers.MenuController.showMeasurementsList(MenuController.java:19)
	at java.base/jdk.internal.reflect.DirectMethodHandleAccessor.invoke(DirectMethodHandleAccessor.java:104)
	at java.base/java.lang.reflect.Method.invoke(Method.java:565)
	at com.sun.javafx.reflect.Trampoline.invoke(MethodUtil.java:72)
	at java.base/jdk.internal.reflect.DirectMethodHandleAccessor.invoke(DirectMethodHandleAccessor.java:104)
	at java.base/java.lang.reflect.Method.invoke(Method.java:565)
	at javafx.base@21.0.6/com.sun.javafx.reflect.MethodUtil.invoke(MethodUtil.java:270)
	at javafx.fxml@21.0.6/com.sun.javafx.fxml.MethodHelper.invoke(MethodHelper.java:84)
	at javafx.fxml@21.0.6/javafx.fxml.FXMLLoader$MethodHandler.invoke(FXMLLoader.java:1855)
	at javafx.fxml@21.0.6/javafx.fxml.FXMLLoader$ControllerMethodEventHandler.handle(FXMLLoader.java:1726)
	at javafx.base@21.0.6/com.sun.javafx.event.CompositeEventHandler.dispatchBubblingEvent(CompositeEventHandler.java:86)
	at javafx.base@21.0.6/com.sun.javafx.event.EventHandlerManager.dispatchBubblingEvent(EventHandlerManager.java:232)
	at javafx.base@21.0.6/com.sun.javafx.event.EventHandlerManager.dispatchBubblingEvent(EventHandlerManager.java:189)
	at javafx.base@21.0.6/com.sun.javafx.event.BasicEventDispatcher.dispatchEvent(BasicEventDispatcher.java:58)
	at javafx.base@21.0.6/com.sun.javafx.event.EventDispatchChainImpl.dispatchEvent(EventDispatchChainImpl.java:114)
	at javafx.base@21.0.6/com.sun.javafx.event.EventUtil.fireEventImpl(EventUtil.java:74)
	at javafx.base@21.0.6/com.sun.javafx.event.EventUtil.fireEvent(EventUtil.java:49)
	at javafx.base@21.0.6/javafx.event.Event.fireEvent(Event.java:198)
	at javafx.controls@21.0.6/javafx.scene.control.MenuItem.fire(MenuItem.java:459)
	at javafx.controls@21.0.6/com.sun.javafx.scene.control.ContextMenuContent$MenuItemContainer.doSelect(ContextMenuContent.java:1415)
	at javafx.controls@21.0.6/com.sun.javafx.scene.control.ContextMenuContent$MenuItemContainer.lambda$createChildren$12(ContextMenuContent.java:1368)
	at javafx.base@21.0.6/com.sun.javafx.event.CompositeEventHandler$NormalEventHandlerRecord.handleBubblingEvent(CompositeEventHandler.java:247)
	at javafx.base@21.0.6/com.sun.javafx.event.CompositeEventHandler.dispatchBubblingEvent(CompositeEventHandler.java:80)
	at javafx.base@21.0.6/com.sun.javafx.event.EventHandlerManager.dispatchBubblingEvent(EventHandlerManager.java:232)
	at javafx.base@21.0.6/com.sun.javafx.event.EventHandlerManager.dispatchBubblingEvent(EventHandlerManager.java:189)
	at javafx.base@21.0.6/com.sun.javafx.event.CompositeEventDispatcher.dispatchBubblingEvent(CompositeEventDispatcher.java:59)
	at javafx.base@21.0.6/com.sun.javafx.event.BasicEventDispatcher.dispatchEvent(BasicEventDispatcher.java:58)
	at javafx.base@21.0.6/com.sun.javafx.event.EventDispatchChainImpl.dispatchEvent(EventDispatchChainImpl.java:114)
	at javafx.base@21.0.6/com.sun.javafx.event.BasicEventDispatcher.dispatchEvent(BasicEventDispatcher.java:56)
	at javafx.base@21.0.6/com.sun.javafx.event.EventDispatchChainImpl.dispatchEvent(EventDispatchChainImpl.java:114)
	at javafx.base@21.0.6/com.sun.javafx.event.BasicEventDispatcher.dispatchEvent(BasicEventDispatcher.java:56)
	at javafx.base@21.0.6/com.sun.javafx.event.EventDispatchChainImpl.dispatchEvent(EventDispatchChainImpl.java:114)
	at javafx.base@21.0.6/com.sun.javafx.event.BasicEventDispatcher.dispatchEvent(BasicEventDispatcher.java:56)
	at javafx.base@21.0.6/com.sun.javafx.event.EventDispatchChainImpl.dispatchEvent(EventDispatchChainImpl.java:114)
	at javafx.base@21.0.6/com.sun.javafx.event.EventUtil.fireEventImpl(EventUtil.java:74)
	at javafx.base@21.0.6/com.sun.javafx.event.EventUtil.fireEvent(EventUtil.java:54)
	at javafx.base@21.0.6/javafx.event.Event.fireEvent(Event.java:198)
	at javafx.graphics@21.0.6/javafx.scene.Scene$MouseHandler.process(Scene.java:3984)
	at javafx.graphics@21.0.6/javafx.scene.Scene.processMouseEvent(Scene.java:1890)
	at javafx.graphics@21.0.6/javafx.scene.Scene$ScenePeerListener.mouseEvent(Scene.java:2708)
	at javafx.graphics@21.0.6/com.sun.javafx.tk.quantum.GlassViewEventHandler$MouseEventNotification.run(GlassViewEventHandler.java:411)
	at javafx.graphics@21.0.6/com.sun.javafx.tk.quantum.GlassViewEventHandler$MouseEventNotification.run(GlassViewEventHandler.java:301)
	at java.base/java.security.AccessController.doPrivileged(AccessController.java:138)
	at javafx.graphics@21.0.6/com.sun.javafx.tk.quantum.GlassViewEventHandler.lambda$handleMouseEvent$2(GlassViewEventHandler.java:450)
	at javafx.graphics@21.0.6/com.sun.javafx.tk.quantum.QuantumToolkit.runWithoutRenderLock(QuantumToolkit.java:424)
	at javafx.graphics@21.0.6/com.sun.javafx.tk.quantum.GlassViewEventHandler.handleMouseEvent(GlassViewEventHandler.java:449)
	at javafx.graphics@21.0.6/com.sun.glass.ui.View.handleMouseEvent(View.java:551)
	at javafx.graphics@21.0.6/com.sun.glass.ui.View.notifyMouse(View.java:937)
	at javafx.graphics@21.0.6/com.sun.glass.ui.win.WinApplication._runLoop(Native Method)
	at javafx.graphics@21.0.6/com.sun.glass.ui.win.WinApplication.lambda$runLoop$3(WinApplication.java:185)
	at java.base/java.lang.Thread.run(Thread.java:1474)
Caused by: java.lang.reflect.InvocationTargetException: null
	at java.base/jdk.internal.reflect.DirectMethodHandleAccessor.invoke(DirectMethodHandleAccessor.java:116)
	at java.base/java.lang.reflect.Method.invoke(Method.java:565)
	at com.sun.javafx.reflect.Trampoline.invoke(MethodUtil.java:72)
	at java.base/jdk.internal.reflect.DirectMethodHandleAccessor.invoke(DirectMethodHandleAccessor.java:104)
	at java.base/java.lang.reflect.Method.invoke(Method.java:565)
	at javafx.base@21.0.6/com.sun.javafx.reflect.MethodUtil.invoke(MethodUtil.java:270)
	at javafx.fxml@21.0.6/com.sun.javafx.fxml.MethodHelper.invoke(MethodHelper.java:84)
	at javafx.fxml@21.0.6/javafx.fxml.FXMLLoader.loadImpl(FXMLLoader.java:2688)
	... 53 common frames omitted
Caused by: java.lang.NullPointerException: Cannot invoke "javafx.scene.control.TableView.setItems(javafx.collections.ObservableList)" because "this.measurementTableView" is null
	at hr.javafx.energycms/hr.javafx.energycms.controllers.MeasurementsController.loadData(MeasurementsController.java:73)
	at hr.javafx.energycms/hr.javafx.energycms.controllers.MeasurementsController.initialize(MeasurementsController.java:57)
	at java.base/jdk.internal.reflect.DirectMethodHandleAccessor.invoke(DirectMethodHandleAccessor.java:104)
	... 60 common frames omitted
2026-02-16 00:43:30.347 [JavaFX Application Thread] ERROR h.j.e.app.MainConsoleLauncher - Greška pri učitavanju standardnih uređaja
jakarta.json.bind.JsonbException: Internal error: Invalid token=SQUARECLOSE at (line no=52, column no=1, offset=1151). Expected tokens are: [COMMA]
	at org.eclipse.yasson@3.0.3/org.eclipse.yasson.internal.DeserializationContextImpl.deserializeItem(DeserializationContextImpl.java:142)
	at org.eclipse.yasson@3.0.3/org.eclipse.yasson.internal.DeserializationContextImpl.deserialize(DeserializationContextImpl.java:127)
	at org.eclipse.yasson@3.0.3/org.eclipse.yasson.internal.JsonBinding.deserialize(JsonBinding.java:55)
	at org.eclipse.yasson@3.0.3/org.eclipse.yasson.internal.JsonBinding.fromJson(JsonBinding.java:62)
	at hr.javafx.energycms/hr.javafx.energycms.repository.JsonRepository.loadStandardDevices(JsonRepository.java:39)
	at hr.javafx.energycms/hr.javafx.energycms.controllers.MeasurementsController.loadData(MeasurementsController.java:67)
	at hr.javafx.energycms/hr.javafx.energycms.controllers.MeasurementsController.initialize(MeasurementsController.java:41)
	at java.base/jdk.internal.reflect.DirectMethodHandleAccessor.invoke(DirectMethodHandleAccessor.java:104)
	at java.base/java.lang.reflect.Method.invoke(Method.java:565)
	at com.sun.javafx.reflect.Trampoline.invoke(MethodUtil.java:72)
	at java.base/jdk.internal.reflect.DirectMethodHandleAccessor.invoke(DirectMethodHandleAccessor.java:104)
	at java.base/java.lang.reflect.Method.invoke(Method.java:565)
	at javafx.base@21.0.6/com.sun.javafx.reflect.MethodUtil.invoke(MethodUtil.java:270)
	at javafx.fxml@21.0.6/com.sun.javafx.fxml.MethodHelper.invoke(MethodHelper.java:84)
	at javafx.fxml@21.0.6/javafx.fxml.FXMLLoader.loadImpl(FXMLLoader.java:2688)
	at javafx.fxml@21.0.6/javafx.fxml.FXMLLoader.loadImpl(FXMLLoader.java:2563)
	at javafx.fxml@21.0.6/javafx.fxml.FXMLLoader.load(FXMLLoader.java:2531)
	at hr.javafx.energycms/hr.javafx.energycms.controllers.MenuController.showMeasurementsList(MenuController.java:19)
	at java.base/jdk.internal.reflect.DirectMethodHandleAccessor.invoke(DirectMethodHandleAccessor.java:104)
	at java.base/java.lang.reflect.Method.invoke(Method.java:565)
	at com.sun.javafx.reflect.Trampoline.invoke(MethodUtil.java:72)
	at java.base/jdk.internal.reflect.DirectMethodHandleAccessor.invoke(DirectMethodHandleAccessor.java:104)
	at java.base/java.lang.reflect.Method.invoke(Method.java:565)
	at javafx.base@21.0.6/com.sun.javafx.reflect.MethodUtil.invoke(MethodUtil.java:270)
	at javafx.fxml@21.0.6/com.sun.javafx.fxml.MethodHelper.invoke(MethodHelper.java:84)
	at javafx.fxml@21.0.6/javafx.fxml.FXMLLoader$MethodHandler.invoke(FXMLLoader.java:1855)
	at javafx.fxml@21.0.6/javafx.fxml.FXMLLoader$ControllerMethodEventHandler.handle(FXMLLoader.java:1726)
	at javafx.base@21.0.6/com.sun.javafx.event.CompositeEventHandler.dispatchBubblingEvent(CompositeEventHandler.java:86)
	at javafx.base@21.0.6/com.sun.javafx.event.EventHandlerManager.dispatchBubblingEvent(EventHandlerManager.java:232)
	at javafx.base@21.0.6/com.sun.javafx.event.EventHandlerManager.dispatchBubblingEvent(EventHandlerManager.java:189)
	at javafx.base@21.0.6/com.sun.javafx.event.BasicEventDispatcher.dispatchEvent(BasicEventDispatcher.java:58)
	at javafx.base@21.0.6/com.sun.javafx.event.EventDispatchChainImpl.dispatchEvent(EventDispatchChainImpl.java:114)
	at javafx.base@21.0.6/com.sun.javafx.event.EventUtil.fireEventImpl(EventUtil.java:74)
	at javafx.base@21.0.6/com.sun.javafx.event.EventUtil.fireEvent(EventUtil.java:49)
	at javafx.base@21.0.6/javafx.event.Event.fireEvent(Event.java:198)
	at javafx.controls@21.0.6/javafx.scene.control.MenuItem.fire(MenuItem.java:459)
	at javafx.controls@21.0.6/com.sun.javafx.scene.control.ContextMenuContent$MenuItemContainer.doSelect(ContextMenuContent.java:1415)
	at javafx.controls@21.0.6/com.sun.javafx.scene.control.ContextMenuContent$MenuItemContainer.lambda$createChildren$12(ContextMenuContent.java:1368)
	at javafx.base@21.0.6/com.sun.javafx.event.CompositeEventHandler$NormalEventHandlerRecord.handleBubblingEvent(CompositeEventHandler.java:247)
	at javafx.base@21.0.6/com.sun.javafx.event.CompositeEventHandler.dispatchBubblingEvent(CompositeEventHandler.java:80)
	at javafx.base@21.0.6/com.sun.javafx.event.EventHandlerManager.dispatchBubblingEvent(EventHandlerManager.java:232)
	at javafx.base@21.0.6/com.sun.javafx.event.EventHandlerManager.dispatchBubblingEvent(EventHandlerManager.java:189)
	at javafx.base@21.0.6/com.sun.javafx.event.CompositeEventDispatcher.dispatchBubblingEvent(CompositeEventDispatcher.java:59)
	at javafx.base@21.0.6/com.sun.javafx.event.BasicEventDispatcher.dispatchEvent(BasicEventDispatcher.java:58)
	at javafx.base@21.0.6/com.sun.javafx.event.EventDispatchChainImpl.dispatchEvent(EventDispatchChainImpl.java:114)
	at javafx.base@21.0.6/com.sun.javafx.event.BasicEventDispatcher.dispatchEvent(BasicEventDispatcher.java:56)
	at javafx.base@21.0.6/com.sun.javafx.event.EventDispatchChainImpl.dispatchEvent(EventDispatchChainImpl.java:114)
	at javafx.base@21.0.6/com.sun.javafx.event.BasicEventDispatcher.dispatchEvent(BasicEventDispatcher.java:56)
	at javafx.base@21.0.6/com.sun.javafx.event.EventDispatchChainImpl.dispatchEvent(EventDispatchChainImpl.java:114)
	at javafx.base@21.0.6/com.sun.javafx.event.BasicEventDispatcher.dispatchEvent(BasicEventDispatcher.java:56)
	at javafx.base@21.0.6/com.sun.javafx.event.EventDispatchChainImpl.dispatchEvent(EventDispatchChainImpl.java:114)
	at javafx.base@21.0.6/com.sun.javafx.event.EventUtil.fireEventImpl(EventUtil.java:74)
	at javafx.base@21.0.6/com.sun.javafx.event.EventUtil.fireEvent(EventUtil.java:54)
	at javafx.base@21.0.6/javafx.event.Event.fireEvent(Event.java:198)
	at javafx.graphics@21.0.6/javafx.scene.Scene$MouseHandler.process(Scene.java:3984)
	at javafx.graphics@21.0.6/javafx.scene.Scene.processMouseEvent(Scene.java:1890)
	at javafx.graphics@21.0.6/javafx.scene.Scene$ScenePeerListener.mouseEvent(Scene.java:2708)
	at javafx.graphics@21.0.6/com.sun.javafx.tk.quantum.GlassViewEventHandler$MouseEventNotification.run(GlassViewEventHandler.java:411)
	at javafx.graphics@21.0.6/com.sun.javafx.tk.quantum.GlassViewEventHandler$MouseEventNotification.run(GlassViewEventHandler.java:301)
	at java.base/java.security.AccessController.doPrivileged(AccessController.java:138)
	at javafx.graphics@21.0.6/com.sun.javafx.tk.quantum.GlassViewEventHandler.lambda$handleMouseEvent$2(GlassViewEventHandler.java:450)
	at javafx.graphics@21.0.6/com.sun.javafx.tk.quantum.QuantumToolkit.runWithoutRenderLock(QuantumToolkit.java:424)
	at javafx.graphics@21.0.6/com.sun.javafx.tk.quantum.GlassViewEventHandler.handleMouseEvent(GlassViewEventHandler.java:449)
	at javafx.graphics@21.0.6/com.sun.glass.ui.View.handleMouseEvent(View.java:551)
	at javafx.graphics@21.0.6/com.sun.glass.ui.View.notifyMouse(View.java:937)
	at javafx.graphics@21.0.6/com.sun.glass.ui.win.WinApplication._runLoop(Native Method)
	at javafx.graphics@21.0.6/com.sun.glass.ui.win.WinApplication.lambda$runLoop$3(WinApplication.java:185)
	at java.base/java.lang.Thread.run(Thread.java:1474)
Caused by: jakarta.json.stream.JsonParsingException: Invalid token=SQUARECLOSE at (line no=52, column no=1, offset=1151). Expected tokens are: [COMMA]
	at org.eclipse.parsson@1.1.0/org.eclipse.parsson.JsonParserImpl.parsingException(JsonParserImpl.java:464)
	at org.eclipse.parsson@1.1.0/org.eclipse.parsson.JsonParserImpl.access$1100(JsonParserImpl.java:56)
	at org.eclipse.parsson@1.1.0/org.eclipse.parsson.JsonParserImpl$ObjectContext.getNextEvent(JsonParserImpl.java:518)
	at org.eclipse.parsson@1.1.0/org.eclipse.parsson.JsonParserImpl.next(JsonParserImpl.java:382)
	at org.eclipse.yasson@3.0.3/org.eclipse.yasson.internal.deserializer.ObjectDeserializer.deserialize(ObjectDeserializer.java:63)
	at org.eclipse.yasson@3.0.3/org.eclipse.yasson.internal.deserializer.ObjectDeserializer.deserialize(ObjectDeserializer.java:31)
	at org.eclipse.yasson@3.0.3/org.eclipse.yasson.internal.deserializer.DefaultObjectInstanceCreator.deserialize(DefaultObjectInstanceCreator.java:57)
	at org.eclipse.yasson@3.0.3/org.eclipse.yasson.internal.deserializer.DefaultObjectInstanceCreator.deserialize(DefaultObjectInstanceCreator.java:29)
	at org.eclipse.yasson@3.0.3/org.eclipse.yasson.internal.deserializer.PositionChecker.deserialize(PositionChecker.java:85)
	at org.eclipse.yasson@3.0.3/org.eclipse.yasson.internal.deserializer.PositionChecker.deserialize(PositionChecker.java:34)
	at org.eclipse.yasson@3.0.3/org.eclipse.yasson.internal.deserializer.NullCheckDeserializer.deserialize(NullCheckDeserializer.java:46)
	at org.eclipse.yasson@3.0.3/org.eclipse.yasson.internal.deserializer.NullCheckDeserializer.deserialize(NullCheckDeserializer.java:26)
	at org.eclipse.yasson@3.0.3/org.eclipse.yasson.internal.deserializer.ContextSwitcher.deserialize(ContextSwitcher.java:36)
	at org.eclipse.yasson@3.0.3/org.eclipse.yasson.internal.deserializer.ContextSwitcher.deserialize(ContextSwitcher.java:22)
	at org.eclipse.yasson@3.0.3/org.eclipse.yasson.internal.deserializer.ArrayDeserializer.deserialize(ArrayDeserializer.java:49)
	at org.eclipse.yasson@3.0.3/org.eclipse.yasson.internal.deserializer.ArrayDeserializer.deserialize(ArrayDeserializer.java:26)
	at org.eclipse.yasson@3.0.3/org.eclipse.yasson.internal.deserializer.ArrayInstanceCreator.deserialize(ArrayInstanceCreator.java:68)
	at org.eclipse.yasson@3.0.3/org.eclipse.yasson.internal.deserializer.ArrayInstanceCreator$ObjectArrayCreator.deserialize(ArrayInstanceCreator.java:226)
	at org.eclipse.yasson@3.0.3/org.eclipse.yasson.internal.deserializer.PositionChecker.deserialize(PositionChecker.java:85)
	at org.eclipse.yasson@3.0.3/org.eclipse.yasson.internal.deserializer.PositionChecker.deserialize(PositionChecker.java:34)
	at org.eclipse.yasson@3.0.3/org.eclipse.yasson.internal.deserializer.NullCheckDeserializer.deserialize(NullCheckDeserializer.java:46)
	at org.eclipse.yasson@3.0.3/org.eclipse.yasson.internal.deserializer.NullCheckDeserializer.deserialize(NullCheckDeserializer.java:26)
	at org.eclipse.yasson@3.0.3/org.eclipse.yasson.internal.DeserializationContextImpl.deserializeItem(DeserializationContextImpl.java:138)
	... 67 common frames omitted
2026-02-16 00:43:30.366 [JavaFX Application Thread] ERROR h.j.e.app.MainConsoleLauncher - Greška prilikom učitavanja measurements-list.fxml
javafx.fxml.LoadException: 
/C:/Users/dinov/Desktop/Java%202025/Projekt%202/EnergyCMS/target/classes/hr/javafx/energycms/measurements-list.fxml

	at javafx.fxml@21.0.6/javafx.fxml.FXMLLoader.constructLoadException(FXMLLoader.java:2722)
	at javafx.fxml@21.0.6/javafx.fxml.FXMLLoader.loadImpl(FXMLLoader.java:2692)
	at javafx.fxml@21.0.6/javafx.fxml.FXMLLoader.loadImpl(FXMLLoader.java:2563)
	at javafx.fxml@21.0.6/javafx.fxml.FXMLLoader.load(FXMLLoader.java:2531)
	at hr.javafx.energycms/hr.javafx.energycms.controllers.MenuController.showMeasurementsList(MenuController.java:19)
	at java.base/jdk.internal.reflect.DirectMethodHandleAccessor.invoke(DirectMethodHandleAccessor.java:104)
	at java.base/java.lang.reflect.Method.invoke(Method.java:565)
	at com.sun.javafx.reflect.Trampoline.invoke(MethodUtil.java:72)
	at java.base/jdk.internal.reflect.DirectMethodHandleAccessor.invoke(DirectMethodHandleAccessor.java:104)
	at java.base/java.lang.reflect.Method.invoke(Method.java:565)
	at javafx.base@21.0.6/com.sun.javafx.reflect.MethodUtil.invoke(MethodUtil.java:270)
	at javafx.fxml@21.0.6/com.sun.javafx.fxml.MethodHelper.invoke(MethodHelper.java:84)
	at javafx.fxml@21.0.6/javafx.fxml.FXMLLoader$MethodHandler.invoke(FXMLLoader.java:1855)
	at javafx.fxml@21.0.6/javafx.fxml.FXMLLoader$ControllerMethodEventHandler.handle(FXMLLoader.java:1726)
	at javafx.base@21.0.6/com.sun.javafx.event.CompositeEventHandler.dispatchBubblingEvent(CompositeEventHandler.java:86)
	at javafx.base@21.0.6/com.sun.javafx.event.EventHandlerManager.dispatchBubblingEvent(EventHandlerManager.java:232)
	at javafx.base@21.0.6/com.sun.javafx.event.EventHandlerManager.dispatchBubblingEvent(EventHandlerManager.java:189)
	at javafx.base@21.0.6/com.sun.javafx.event.BasicEventDispatcher.dispatchEvent(BasicEventDispatcher.java:58)
	at javafx.base@21.0.6/com.sun.javafx.event.EventDispatchChainImpl.dispatchEvent(EventDispatchChainImpl.java:114)
	at javafx.base@21.0.6/com.sun.javafx.event.EventUtil.fireEventImpl(EventUtil.java:74)
	at javafx.base@21.0.6/com.sun.javafx.event.EventUtil.fireEvent(EventUtil.java:49)
	at javafx.base@21.0.6/javafx.event.Event.fireEvent(Event.java:198)
	at javafx.controls@21.0.6/javafx.scene.control.MenuItem.fire(MenuItem.java:459)
	at javafx.controls@21.0.6/com.sun.javafx.scene.control.ContextMenuContent$MenuItemContainer.doSelect(ContextMenuContent.java:1415)
	at javafx.controls@21.0.6/com.sun.javafx.scene.control.ContextMenuContent$MenuItemContainer.lambda$createChildren$12(ContextMenuContent.java:1368)
	at javafx.base@21.0.6/com.sun.javafx.event.CompositeEventHandler$NormalEventHandlerRecord.handleBubblingEvent(CompositeEventHandler.java:247)
	at javafx.base@21.0.6/com.sun.javafx.event.CompositeEventHandler.dispatchBubblingEvent(CompositeEventHandler.java:80)
	at javafx.base@21.0.6/com.sun.javafx.event.EventHandlerManager.dispatchBubblingEvent(EventHandlerManager.java:232)
	at javafx.base@21.0.6/com.sun.javafx.event.EventHandlerManager.dispatchBubblingEvent(EventHandlerManager.java:189)
	at javafx.base@21.0.6/com.sun.javafx.event.CompositeEventDispatcher.dispatchBubblingEvent(CompositeEventDispatcher.java:59)
	at javafx.base@21.0.6/com.sun.javafx.event.BasicEventDispatcher.dispatchEvent(BasicEventDispatcher.java:58)
	at javafx.base@21.0.6/com.sun.javafx.event.EventDispatchChainImpl.dispatchEvent(EventDispatchChainImpl.java:114)
	at javafx.base@21.0.6/com.sun.javafx.event.BasicEventDispatcher.dispatchEvent(BasicEventDispatcher.java:56)
	at javafx.base@21.0.6/com.sun.javafx.event.EventDispatchChainImpl.dispatchEvent(EventDispatchChainImpl.java:114)
	at javafx.base@21.0.6/com.sun.javafx.event.BasicEventDispatcher.dispatchEvent(BasicEventDispatcher.java:56)
	at javafx.base@21.0.6/com.sun.javafx.event.EventDispatchChainImpl.dispatchEvent(EventDispatchChainImpl.java:114)
	at javafx.base@21.0.6/com.sun.javafx.event.BasicEventDispatcher.dispatchEvent(BasicEventDispatcher.java:56)
	at javafx.base@21.0.6/com.sun.javafx.event.EventDispatchChainImpl.dispatchEvent(EventDispatchChainImpl.java:114)
	at javafx.base@21.0.6/com.sun.javafx.event.EventUtil.fireEventImpl(EventUtil.java:74)
	at javafx.base@21.0.6/com.sun.javafx.event.EventUtil.fireEvent(EventUtil.java:54)
	at javafx.base@21.0.6/javafx.event.Event.fireEvent(Event.java:198)
	at javafx.graphics@21.0.6/javafx.scene.Scene$MouseHandler.process(Scene.java:3984)
	at javafx.graphics@21.0.6/javafx.scene.Scene.processMouseEvent(Scene.java:1890)
	at javafx.graphics@21.0.6/javafx.scene.Scene$ScenePeerListener.mouseEvent(Scene.java:2708)
	at javafx.graphics@21.0.6/com.sun.javafx.tk.quantum.GlassViewEventHandler$MouseEventNotification.run(GlassViewEventHandler.java:411)
	at javafx.graphics@21.0.6/com.sun.javafx.tk.quantum.GlassViewEventHandler$MouseEventNotification.run(GlassViewEventHandler.java:301)
	at java.base/java.security.AccessController.doPrivileged(AccessController.java:138)
	at javafx.graphics@21.0.6/com.sun.javafx.tk.quantum.GlassViewEventHandler.lambda$handleMouseEvent$2(GlassViewEventHandler.java:450)
	at javafx.graphics@21.0.6/com.sun.javafx.tk.quantum.QuantumToolkit.runWithoutRenderLock(QuantumToolkit.java:424)
	at javafx.graphics@21.0.6/com.sun.javafx.tk.quantum.GlassViewEventHandler.handleMouseEvent(GlassViewEventHandler.java:449)
	at javafx.graphics@21.0.6/com.sun.glass.ui.View.handleMouseEvent(View.java:551)
	at javafx.graphics@21.0.6/com.sun.glass.ui.View.notifyMouse(View.java:937)
	at javafx.graphics@21.0.6/com.sun.glass.ui.win.WinApplication._runLoop(Native Method)
	at javafx.graphics@21.0.6/com.sun.glass.ui.win.WinApplication.lambda$runLoop$3(WinApplication.java:185)
	at java.base/java.lang.Thread.run(Thread.java:1474)
Caused by: java.lang.reflect.InvocationTargetException: null
	at java.base/jdk.internal.reflect.DirectMethodHandleAccessor.invoke(DirectMethodHandleAccessor.java:116)
	at java.base/java.lang.reflect.Method.invoke(Method.java:565)
	at com.sun.javafx.reflect.Trampoline.invoke(MethodUtil.java:72)
	at java.base/jdk.internal.reflect.DirectMethodHandleAccessor.invoke(DirectMethodHandleAccessor.java:104)
	at java.base/java.lang.reflect.Method.invoke(Method.java:565)
	at javafx.base@21.0.6/com.sun.javafx.reflect.MethodUtil.invoke(MethodUtil.java:270)
	at javafx.fxml@21.0.6/com.sun.javafx.fxml.MethodHelper.invoke(MethodHelper.java:84)
	at javafx.fxml@21.0.6/javafx.fxml.FXMLLoader.loadImpl(FXMLLoader.java:2688)
	... 53 common frames omitted
Caused by: java.lang.NullPointerException: Cannot invoke "javafx.scene.control.TableView.setItems(javafx.collections.ObservableList)" because "this.measurementTableView" is null
	at hr.javafx.energycms/hr.javafx.energycms.controllers.MeasurementsController.initialize(MeasurementsController.java:60)
	at java.base/jdk.internal.reflect.DirectMethodHandleAccessor.invoke(DirectMethodHandleAccessor.java:104)
	... 60 common frames omitted
2026-02-16 00:44:05.519 [JavaFX Application Thread] ERROR h.j.e.app.MainConsoleLauncher - Greška pri učitavanju standardnih uređaja
jakarta.json.bind.JsonbException: Internal error: Invalid token=SQUARECLOSE at (line no=52, column no=1, offset=1151). Expected tokens are: [COMMA]
	at org.eclipse.yasson@3.0.3/org.eclipse.yasson.internal.DeserializationContextImpl.deserializeItem(DeserializationContextImpl.java:142)
	at org.eclipse.yasson@3.0.3/org.eclipse.yasson.internal.DeserializationContextImpl.deserialize(DeserializationContextImpl.java:127)
	at org.eclipse.yasson@3.0.3/org.eclipse.yasson.internal.JsonBinding.deserialize(JsonBinding.java:55)
	at org.eclipse.yasson@3.0.3/org.eclipse.yasson.internal.JsonBinding.fromJson(JsonBinding.java:62)
	at hr.javafx.energycms/hr.javafx.energycms.repository.JsonRepository.loadStandardDevices(JsonRepository.java:39)
	at hr.javafx.energycms/hr.javafx.energycms.controllers.MeasurementsController.loadData(MeasurementsController.java:69)
	at hr.javafx.energycms/hr.javafx.energycms.controllers.MeasurementsController.initialize(MeasurementsController.java:41)
	at java.base/jdk.internal.reflect.DirectMethodHandleAccessor.invoke(DirectMethodHandleAccessor.java:104)
	at java.base/java.lang.reflect.Method.invoke(Method.java:565)
	at com.sun.javafx.reflect.Trampoline.invoke(MethodUtil.java:72)
	at java.base/jdk.internal.reflect.DirectMethodHandleAccessor.invoke(DirectMethodHandleAccessor.java:104)
	at java.base/java.lang.reflect.Method.invoke(Method.java:565)
	at javafx.base@21.0.6/com.sun.javafx.reflect.MethodUtil.invoke(MethodUtil.java:270)
	at javafx.fxml@21.0.6/com.sun.javafx.fxml.MethodHelper.invoke(MethodHelper.java:84)
	at javafx.fxml@21.0.6/javafx.fxml.FXMLLoader.loadImpl(FXMLLoader.java:2688)
	at javafx.fxml@21.0.6/javafx.fxml.FXMLLoader.loadImpl(FXMLLoader.java:2563)
	at javafx.fxml@21.0.6/javafx.fxml.FXMLLoader.load(FXMLLoader.java:2531)
	at hr.javafx.energycms/hr.javafx.energycms.controllers.MenuController.showMeasurementsList(MenuController.java:19)
	at java.base/jdk.internal.reflect.DirectMethodHandleAccessor.invoke(DirectMethodHandleAccessor.java:104)
	at java.base/java.lang.reflect.Method.invoke(Method.java:565)
	at com.sun.javafx.reflect.Trampoline.invoke(MethodUtil.java:72)
	at java.base/jdk.internal.reflect.DirectMethodHandleAccessor.invoke(DirectMethodHandleAccessor.java:104)
	at java.base/java.lang.reflect.Method.invoke(Method.java:565)
	at javafx.base@21.0.6/com.sun.javafx.reflect.MethodUtil.invoke(MethodUtil.java:270)
	at javafx.fxml@21.0.6/com.sun.javafx.fxml.MethodHelper.invoke(MethodHelper.java:84)
	at javafx.fxml@21.0.6/javafx.fxml.FXMLLoader$MethodHandler.invoke(FXMLLoader.java:1855)
	at javafx.fxml@21.0.6/javafx.fxml.FXMLLoader$ControllerMethodEventHandler.handle(FXMLLoader.java:1726)
	at javafx.base@21.0.6/com.sun.javafx.event.CompositeEventHandler.dispatchBubblingEvent(CompositeEventHandler.java:86)
	at javafx.base@21.0.6/com.sun.javafx.event.EventHandlerManager.dispatchBubblingEvent(EventHandlerManager.java:232)
	at javafx.base@21.0.6/com.sun.javafx.event.EventHandlerManager.dispatchBubblingEvent(EventHandlerManager.java:189)
	at javafx.base@21.0.6/com.sun.javafx.event.BasicEventDispatcher.dispatchEvent(BasicEventDispatcher.java:58)
	at javafx.base@21.0.6/com.sun.javafx.event.EventDispatchChainImpl.dispatchEvent(EventDispatchChainImpl.java:114)
	at javafx.base@21.0.6/com.sun.javafx.event.EventUtil.fireEventImpl(EventUtil.java:74)
	at javafx.base@21.0.6/com.sun.javafx.event.EventUtil.fireEvent(EventUtil.java:49)
	at javafx.base@21.0.6/javafx.event.Event.fireEvent(Event.java:198)
	at javafx.controls@21.0.6/javafx.scene.control.MenuItem.fire(MenuItem.java:459)
	at javafx.controls@21.0.6/com.sun.javafx.scene.control.ContextMenuContent$MenuItemContainer.doSelect(ContextMenuContent.java:1415)
	at javafx.controls@21.0.6/com.sun.javafx.scene.control.ContextMenuContent$MenuItemContainer.lambda$createChildren$12(ContextMenuContent.java:1368)
	at javafx.base@21.0.6/com.sun.javafx.event.CompositeEventHandler$NormalEventHandlerRecord.handleBubblingEvent(CompositeEventHandler.java:247)
	at javafx.base@21.0.6/com.sun.javafx.event.CompositeEventHandler.dispatchBubblingEvent(CompositeEventHandler.java:80)
	at javafx.base@21.0.6/com.sun.javafx.event.EventHandlerManager.dispatchBubblingEvent(EventHandlerManager.java:232)
	at javafx.base@21.0.6/com.sun.javafx.event.EventHandlerManager.dispatchBubblingEvent(EventHandlerManager.java:189)
	at javafx.base@21.0.6/com.sun.javafx.event.CompositeEventDispatcher.dispatchBubblingEvent(CompositeEventDispatcher.java:59)
	at javafx.base@21.0.6/com.sun.javafx.event.BasicEventDispatcher.dispatchEvent(BasicEventDispatcher.java:58)
	at javafx.base@21.0.6/com.sun.javafx.event.EventDispatchChainImpl.dispatchEvent(EventDispatchChainImpl.java:114)
	at javafx.base@21.0.6/com.sun.javafx.event.BasicEventDispatcher.dispatchEvent(BasicEventDispatcher.java:56)
	at javafx.base@21.0.6/com.sun.javafx.event.EventDispatchChainImpl.dispatchEvent(EventDispatchChainImpl.java:114)
	at javafx.base@21.0.6/com.sun.javafx.event.BasicEventDispatcher.dispatchEvent(BasicEventDispatcher.java:56)
	at javafx.base@21.0.6/com.sun.javafx.event.EventDispatchChainImpl.dispatchEvent(EventDispatchChainImpl.java:114)
	at javafx.base@21.0.6/com.sun.javafx.event.BasicEventDispatcher.dispatchEvent(BasicEventDispatcher.java:56)
	at javafx.base@21.0.6/com.sun.javafx.event.EventDispatchChainImpl.dispatchEvent(EventDispatchChainImpl.java:114)
	at javafx.base@21.0.6/com.sun.javafx.event.EventUtil.fireEventImpl(EventUtil.java:74)
	at javafx.base@21.0.6/com.sun.javafx.event.EventUtil.fireEvent(EventUtil.java:54)
	at javafx.base@21.0.6/javafx.event.Event.fireEvent(Event.java:198)
	at javafx.graphics@21.0.6/javafx.scene.Scene$MouseHandler.process(Scene.java:3984)
	at javafx.graphics@21.0.6/javafx.scene.Scene.processMouseEvent(Scene.java:1890)
	at javafx.graphics@21.0.6/javafx.scene.Scene$ScenePeerListener.mouseEvent(Scene.java:2708)
	at javafx.graphics@21.0.6/com.sun.javafx.tk.quantum.GlassViewEventHandler$MouseEventNotification.run(GlassViewEventHandler.java:411)
	at javafx.graphics@21.0.6/com.sun.javafx.tk.quantum.GlassViewEventHandler$MouseEventNotification.run(GlassViewEventHandler.java:301)
	at java.base/java.security.AccessController.doPrivileged(AccessController.java:138)
	at javafx.graphics@21.0.6/com.sun.javafx.tk.quantum.GlassViewEventHandler.lambda$handleMouseEvent$2(GlassViewEventHandler.java:450)
	at javafx.graphics@21.0.6/com.sun.javafx.tk.quantum.QuantumToolkit.runWithoutRenderLock(QuantumToolkit.java:424)
	at javafx.graphics@21.0.6/com.sun.javafx.tk.quantum.GlassViewEventHandler.handleMouseEvent(GlassViewEventHandler.java:449)
	at javafx.graphics@21.0.6/com.sun.glass.ui.View.handleMouseEvent(View.java:551)
	at javafx.graphics@21.0.6/com.sun.glass.ui.View.notifyMouse(View.java:937)
	at javafx.graphics@21.0.6/com.sun.glass.ui.win.WinApplication._runLoop(Native Method)
	at javafx.graphics@21.0.6/com.sun.glass.ui.win.WinApplication.lambda$runLoop$3(WinApplication.java:185)
	at java.base/java.lang.Thread.run(Thread.java:1474)
Caused by: jakarta.json.stream.JsonParsingException: Invalid token=SQUARECLOSE at (line no=52, column no=1, offset=1151). Expected tokens are: [COMMA]
	at org.eclipse.parsson@1.1.0/org.eclipse.parsson.JsonParserImpl.parsingException(JsonParserImpl.java:464)
	at org.eclipse.parsson@1.1.0/org.eclipse.parsson.JsonParserImpl.access$1100(JsonParserImpl.java:56)
	at org.eclipse.parsson@1.1.0/org.eclipse.parsson.JsonParserImpl$ObjectContext.getNextEvent(JsonParserImpl.java:518)
	at org.eclipse.parsson@1.1.0/org.eclipse.parsson.JsonParserImpl.next(JsonParserImpl.java:382)
	at org.eclipse.yasson@3.0.3/org.eclipse.yasson.internal.deserializer.ObjectDeserializer.deserialize(ObjectDeserializer.java:63)
	at org.eclipse.yasson@3.0.3/org.eclipse.yasson.internal.deserializer.ObjectDeserializer.deserialize(ObjectDeserializer.java:31)
	at org.eclipse.yasson@3.0.3/org.eclipse.yasson.internal.deserializer.DefaultObjectInstanceCreator.deserialize(DefaultObjectInstanceCreator.java:57)
	at org.eclipse.yasson@3.0.3/org.eclipse.yasson.internal.deserializer.DefaultObjectInstanceCreator.deserialize(DefaultObjectInstanceCreator.java:29)
	at org.eclipse.yasson@3.0.3/org.eclipse.yasson.internal.deserializer.PositionChecker.deserialize(PositionChecker.java:85)
	at org.eclipse.yasson@3.0.3/org.eclipse.yasson.internal.deserializer.PositionChecker.deserialize(PositionChecker.java:34)
	at org.eclipse.yasson@3.0.3/org.eclipse.yasson.internal.deserializer.NullCheckDeserializer.deserialize(NullCheckDeserializer.java:46)
	at org.eclipse.yasson@3.0.3/org.eclipse.yasson.internal.deserializer.NullCheckDeserializer.deserialize(NullCheckDeserializer.java:26)
	at org.eclipse.yasson@3.0.3/org.eclipse.yasson.internal.deserializer.ContextSwitcher.deserialize(ContextSwitcher.java:36)
	at org.eclipse.yasson@3.0.3/org.eclipse.yasson.internal.deserializer.ContextSwitcher.deserialize(ContextSwitcher.java:22)
	at org.eclipse.yasson@3.0.3/org.eclipse.yasson.internal.deserializer.ArrayDeserializer.deserialize(ArrayDeserializer.java:49)
	at org.eclipse.yasson@3.0.3/org.eclipse.yasson.internal.deserializer.ArrayDeserializer.deserialize(ArrayDeserializer.java:26)
	at org.eclipse.yasson@3.0.3/org.eclipse.yasson.internal.deserializer.ArrayInstanceCreator.deserialize(ArrayInstanceCreator.java:68)
	at org.eclipse.yasson@3.0.3/org.eclipse.yasson.internal.deserializer.ArrayInstanceCreator$ObjectArrayCreator.deserialize(ArrayInstanceCreator.java:226)
	at org.eclipse.yasson@3.0.3/org.eclipse.yasson.internal.deserializer.PositionChecker.deserialize(PositionChecker.java:85)
	at org.eclipse.yasson@3.0.3/org.eclipse.yasson.internal.deserializer.PositionChecker.deserialize(PositionChecker.java:34)
	at org.eclipse.yasson@3.0.3/org.eclipse.yasson.internal.deserializer.NullCheckDeserializer.deserialize(NullCheckDeserializer.java:46)
	at org.eclipse.yasson@3.0.3/org.eclipse.yasson.internal.deserializer.NullCheckDeserializer.deserialize(NullCheckDeserializer.java:26)
	at org.eclipse.yasson@3.0.3/org.eclipse.yasson.internal.DeserializationContextImpl.deserializeItem(DeserializationContextImpl.java:138)
	... 67 common frames omitted
2026-02-16 00:44:05.544 [JavaFX Application Thread] ERROR h.j.e.app.MainConsoleLauncher - Greška pri učitavanju standardnih uređaja
jakarta.json.bind.JsonbException: Internal error: Invalid token=SQUARECLOSE at (line no=52, column no=1, offset=1151). Expected tokens are: [COMMA]
	at org.eclipse.yasson@3.0.3/org.eclipse.yasson.internal.DeserializationContextImpl.deserializeItem(DeserializationContextImpl.java:142)
	at org.eclipse.yasson@3.0.3/org.eclipse.yasson.internal.DeserializationContextImpl.deserialize(DeserializationContextImpl.java:127)
	at org.eclipse.yasson@3.0.3/org.eclipse.yasson.internal.JsonBinding.deserialize(JsonBinding.java:55)
	at org.eclipse.yasson@3.0.3/org.eclipse.yasson.internal.JsonBinding.fromJson(JsonBinding.java:62)
	at hr.javafx.energycms/hr.javafx.energycms.repository.JsonRepository.loadStandardDevices(JsonRepository.java:39)
	at hr.javafx.energycms/hr.javafx.energycms.controllers.MeasurementsController.loadData(MeasurementsController.java:69)
	at hr.javafx.energycms/hr.javafx.energycms.controllers.MeasurementsController.initialize(MeasurementsController.java:60)
	at java.base/jdk.internal.reflect.DirectMethodHandleAccessor.invoke(DirectMethodHandleAccessor.java:104)
	at java.base/java.lang.reflect.Method.invoke(Method.java:565)
	at com.sun.javafx.reflect.Trampoline.invoke(MethodUtil.java:72)
	at java.base/jdk.internal.reflect.DirectMethodHandleAccessor.invoke(DirectMethodHandleAccessor.java:104)
	at java.base/java.lang.reflect.Method.invoke(Method.java:565)
	at javafx.base@21.0.6/com.sun.javafx.reflect.MethodUtil.invoke(MethodUtil.java:270)
	at javafx.fxml@21.0.6/com.sun.javafx.fxml.MethodHelper.invoke(MethodHelper.java:84)
	at javafx.fxml@21.0.6/javafx.fxml.FXMLLoader.loadImpl(FXMLLoader.java:2688)
	at javafx.fxml@21.0.6/javafx.fxml.FXMLLoader.loadImpl(FXMLLoader.java:2563)
	at javafx.fxml@21.0.6/javafx.fxml.FXMLLoader.load(FXMLLoader.java:2531)
	at hr.javafx.energycms/hr.javafx.energycms.controllers.MenuController.showMeasurementsList(MenuController.java:19)
	at java.base/jdk.internal.reflect.DirectMethodHandleAccessor.invoke(DirectMethodHandleAccessor.java:104)
	at java.base/java.lang.reflect.Method.invoke(Method.java:565)
	at com.sun.javafx.reflect.Trampoline.invoke(MethodUtil.java:72)
	at java.base/jdk.internal.reflect.DirectMethodHandleAccessor.invoke(DirectMethodHandleAccessor.java:104)
	at java.base/java.lang.reflect.Method.invoke(Method.java:565)
	at javafx.base@21.0.6/com.sun.javafx.reflect.MethodUtil.invoke(MethodUtil.java:270)
	at javafx.fxml@21.0.6/com.sun.javafx.fxml.MethodHelper.invoke(MethodHelper.java:84)
	at javafx.fxml@21.0.6/javafx.fxml.FXMLLoader$MethodHandler.invoke(FXMLLoader.java:1855)
	at javafx.fxml@21.0.6/javafx.fxml.FXMLLoader$ControllerMethodEventHandler.handle(FXMLLoader.java:1726)
	at javafx.base@21.0.6/com.sun.javafx.event.CompositeEventHandler.dispatchBubblingEvent(CompositeEventHandler.java:86)
	at javafx.base@21.0.6/com.sun.javafx.event.EventHandlerManager.dispatchBubblingEvent(EventHandlerManager.java:232)
	at javafx.base@21.0.6/com.sun.javafx.event.EventHandlerManager.dispatchBubblingEvent(EventHandlerManager.java:189)
	at javafx.base@21.0.6/com.sun.javafx.event.BasicEventDispatcher.dispatchEvent(BasicEventDispatcher.java:58)
	at javafx.base@21.0.6/com.sun.javafx.event.EventDispatchChainImpl.dispatchEvent(EventDispatchChainImpl.java:114)
	at javafx.base@21.0.6/com.sun.javafx.event.EventUtil.fireEventImpl(EventUtil.java:74)
	at javafx.base@21.0.6/com.sun.javafx.event.EventUtil.fireEvent(EventUtil.java:49)
	at javafx.base@21.0.6/javafx.event.Event.fireEvent(Event.java:198)
	at javafx.controls@21.0.6/javafx.scene.control.MenuItem.fire(MenuItem.java:459)
	at javafx.controls@21.0.6/com.sun.javafx.scene.control.ContextMenuContent$MenuItemContainer.doSelect(ContextMenuContent.java:1415)
	at javafx.controls@21.0.6/com.sun.javafx.scene.control.ContextMenuContent$MenuItemContainer.lambda$createChildren$12(ContextMenuContent.java:1368)
	at javafx.base@21.0.6/com.sun.javafx.event.CompositeEventHandler$NormalEventHandlerRecord.handleBubblingEvent(CompositeEventHandler.java:247)
	at javafx.base@21.0.6/com.sun.javafx.event.CompositeEventHandler.dispatchBubblingEvent(CompositeEventHandler.java:80)
	at javafx.base@21.0.6/com.sun.javafx.event.EventHandlerManager.dispatchBubblingEvent(EventHandlerManager.java:232)
	at javafx.base@21.0.6/com.sun.javafx.event.EventHandlerManager.dispatchBubblingEvent(EventHandlerManager.java:189)
	at javafx.base@21.0.6/com.sun.javafx.event.CompositeEventDispatcher.dispatchBubblingEvent(CompositeEventDispatcher.java:59)
	at javafx.base@21.0.6/com.sun.javafx.event.BasicEventDispatcher.dispatchEvent(BasicEventDispatcher.java:58)
	at javafx.base@21.0.6/com.sun.javafx.event.EventDispatchChainImpl.dispatchEvent(EventDispatchChainImpl.java:114)
	at javafx.base@21.0.6/com.sun.javafx.event.BasicEventDispatcher.dispatchEvent(BasicEventDispatcher.java:56)
	at javafx.base@21.0.6/com.sun.javafx.event.EventDispatchChainImpl.dispatchEvent(EventDispatchChainImpl.java:114)
	at javafx.base@21.0.6/com.sun.javafx.event.BasicEventDispatcher.dispatchEvent(BasicEventDispatcher.java:56)
	at javafx.base@21.0.6/com.sun.javafx.event.EventDispatchChainImpl.dispatchEvent(EventDispatchChainImpl.java:114)
	at javafx.base@21.0.6/com.sun.javafx.event.BasicEventDispatcher.dispatchEvent(BasicEventDispatcher.java:56)
	at javafx.base@21.0.6/com.sun.javafx.event.EventDispatchChainImpl.dispatchEvent(EventDispatchChainImpl.java:114)
	at javafx.base@21.0.6/com.sun.javafx.event.EventUtil.fireEventImpl(EventUtil.java:74)
	at javafx.base@21.0.6/com.sun.javafx.event.EventUtil.fireEvent(EventUtil.java:54)
	at javafx.base@21.0.6/javafx.event.Event.fireEvent(Event.java:198)
	at javafx.graphics@21.0.6/javafx.scene.Scene$MouseHandler.process(Scene.java:3984)
	at javafx.graphics@21.0.6/javafx.scene.Scene.processMouseEvent(Scene.java:1890)
	at javafx.graphics@21.0.6/javafx.scene.Scene$ScenePeerListener.mouseEvent(Scene.java:2708)
	at javafx.graphics@21.0.6/com.sun.javafx.tk.quantum.GlassViewEventHandler$MouseEventNotification.run(GlassViewEventHandler.java:411)
	at javafx.graphics@21.0.6/com.sun.javafx.tk.quantum.GlassViewEventHandler$MouseEventNotification.run(GlassViewEventHandler.java:301)
	at java.base/java.security.AccessController.doPrivileged(AccessController.java:138)
	at javafx.graphics@21.0.6/com.sun.javafx.tk.quantum.GlassViewEventHandler.lambda$handleMouseEvent$2(GlassViewEventHandler.java:450)
	at javafx.graphics@21.0.6/com.sun.javafx.tk.quantum.QuantumToolkit.runWithoutRenderLock(QuantumToolkit.java:424)
	at javafx.graphics@21.0.6/com.sun.javafx.tk.quantum.GlassViewEventHandler.handleMouseEvent(GlassViewEventHandler.java:449)
	at javafx.graphics@21.0.6/com.sun.glass.ui.View.handleMouseEvent(View.java:551)
	at javafx.graphics@21.0.6/com.sun.glass.ui.View.notifyMouse(View.java:937)
	at javafx.graphics@21.0.6/com.sun.glass.ui.win.WinApplication._runLoop(Native Method)
	at javafx.graphics@21.0.6/com.sun.glass.ui.win.WinApplication.lambda$runLoop$3(WinApplication.java:185)
	at java.base/java.lang.Thread.run(Thread.java:1474)
Caused by: jakarta.json.stream.JsonParsingException: Invalid token=SQUARECLOSE at (line no=52, column no=1, offset=1151). Expected tokens are: [COMMA]
	at org.eclipse.parsson@1.1.0/org.eclipse.parsson.JsonParserImpl.parsingException(JsonParserImpl.java:464)
	at org.eclipse.parsson@1.1.0/org.eclipse.parsson.JsonParserImpl.access$1100(JsonParserImpl.java:56)
	at org.eclipse.parsson@1.1.0/org.eclipse.parsson.JsonParserImpl$ObjectContext.getNextEvent(JsonParserImpl.java:518)
	at org.eclipse.parsson@1.1.0/org.eclipse.parsson.JsonParserImpl.next(JsonParserImpl.java:382)
	at org.eclipse.yasson@3.0.3/org.eclipse.yasson.internal.deserializer.ObjectDeserializer.deserialize(ObjectDeserializer.java:63)
	at org.eclipse.yasson@3.0.3/org.eclipse.yasson.internal.deserializer.ObjectDeserializer.deserialize(ObjectDeserializer.java:31)
	at org.eclipse.yasson@3.0.3/org.eclipse.yasson.internal.deserializer.DefaultObjectInstanceCreator.deserialize(DefaultObjectInstanceCreator.java:57)
	at org.eclipse.yasson@3.0.3/org.eclipse.yasson.internal.deserializer.DefaultObjectInstanceCreator.deserialize(DefaultObjectInstanceCreator.java:29)
	at org.eclipse.yasson@3.0.3/org.eclipse.yasson.internal.deserializer.PositionChecker.deserialize(PositionChecker.java:85)
	at org.eclipse.yasson@3.0.3/org.eclipse.yasson.internal.deserializer.PositionChecker.deserialize(PositionChecker.java:34)
	at org.eclipse.yasson@3.0.3/org.eclipse.yasson.internal.deserializer.NullCheckDeserializer.deserialize(NullCheckDeserializer.java:46)
	at org.eclipse.yasson@3.0.3/org.eclipse.yasson.internal.deserializer.NullCheckDeserializer.deserialize(NullCheckDeserializer.java:26)
	at org.eclipse.yasson@3.0.3/org.eclipse.yasson.internal.deserializer.ContextSwitcher.deserialize(ContextSwitcher.java:36)
	at org.eclipse.yasson@3.0.3/org.eclipse.yasson.internal.deserializer.ContextSwitcher.deserialize(ContextSwitcher.java:22)
	at org.eclipse.yasson@3.0.3/org.eclipse.yasson.internal.deserializer.ArrayDeserializer.deserialize(ArrayDeserializer.java:49)
	at org.eclipse.yasson@3.0.3/org.eclipse.yasson.internal.deserializer.ArrayDeserializer.deserialize(ArrayDeserializer.java:26)
	at org.eclipse.yasson@3.0.3/org.eclipse.yasson.internal.deserializer.ArrayInstanceCreator.deserialize(ArrayInstanceCreator.java:68)
	at org.eclipse.yasson@3.0.3/org.eclipse.yasson.internal.deserializer.ArrayInstanceCreator$ObjectArrayCreator.deserialize(ArrayInstanceCreator.java:226)
	at org.eclipse.yasson@3.0.3/org.eclipse.yasson.internal.deserializer.PositionChecker.deserialize(PositionChecker.java:85)
	at org.eclipse.yasson@3.0.3/org.eclipse.yasson.internal.deserializer.PositionChecker.deserialize(PositionChecker.java:34)
	at org.eclipse.yasson@3.0.3/org.eclipse.yasson.internal.deserializer.NullCheckDeserializer.deserialize(NullCheckDeserializer.java:46)
	at org.eclipse.yasson@3.0.3/org.eclipse.yasson.internal.deserializer.NullCheckDeserializer.deserialize(NullCheckDeserializer.java:26)
	at org.eclipse.yasson@3.0.3/org.eclipse.yasson.internal.DeserializationContextImpl.deserializeItem(DeserializationContextImpl.java:138)
	... 67 common frames omitted
2026-02-16 00:44:05.551 [JavaFX Application Thread] ERROR h.j.e.app.MainConsoleLauncher - Greška prilikom učitavanja measurements-list.fxml
javafx.fxml.LoadException: 
/C:/Users/dinov/Desktop/Java%202025/Projekt%202/EnergyCMS/target/classes/hr/javafx/energycms/measurements-list.fxml

	at javafx.fxml@21.0.6/javafx.fxml.FXMLLoader.constructLoadException(FXMLLoader.java:2722)
	at javafx.fxml@21.0.6/javafx.fxml.FXMLLoader.loadImpl(FXMLLoader.java:2692)
	at javafx.fxml@21.0.6/javafx.fxml.FXMLLoader.loadImpl(FXMLLoader.java:2563)
	at javafx.fxml@21.0.6/javafx.fxml.FXMLLoader.load(FXMLLoader.java:2531)
	at hr.javafx.energycms/hr.javafx.energycms.controllers.MenuController.showMeasurementsList(MenuController.java:19)
	at java.base/jdk.internal.reflect.DirectMethodHandleAccessor.invoke(DirectMethodHandleAccessor.java:104)
	at java.base/java.lang.reflect.Method.invoke(Method.java:565)
	at com.sun.javafx.reflect.Trampoline.invoke(MethodUtil.java:72)
	at java.base/jdk.internal.reflect.DirectMethodHandleAccessor.invoke(DirectMethodHandleAccessor.java:104)
	at java.base/java.lang.reflect.Method.invoke(Method.java:565)
	at javafx.base@21.0.6/com.sun.javafx.reflect.MethodUtil.invoke(MethodUtil.java:270)
	at javafx.fxml@21.0.6/com.sun.javafx.fxml.MethodHelper.invoke(MethodHelper.java:84)
	at javafx.fxml@21.0.6/javafx.fxml.FXMLLoader$MethodHandler.invoke(FXMLLoader.java:1855)
	at javafx.fxml@21.0.6/javafx.fxml.FXMLLoader$ControllerMethodEventHandler.handle(FXMLLoader.java:1726)
	at javafx.base@21.0.6/com.sun.javafx.event.CompositeEventHandler.dispatchBubblingEvent(CompositeEventHandler.java:86)
	at javafx.base@21.0.6/com.sun.javafx.event.EventHandlerManager.dispatchBubblingEvent(EventHandlerManager.java:232)
	at javafx.base@21.0.6/com.sun.javafx.event.EventHandlerManager.dispatchBubblingEvent(EventHandlerManager.java:189)
	at javafx.base@21.0.6/com.sun.javafx.event.BasicEventDispatcher.dispatchEvent(BasicEventDispatcher.java:58)
	at javafx.base@21.0.6/com.sun.javafx.event.EventDispatchChainImpl.dispatchEvent(EventDispatchChainImpl.java:114)
	at javafx.base@21.0.6/com.sun.javafx.event.EventUtil.fireEventImpl(EventUtil.java:74)
	at javafx.base@21.0.6/com.sun.javafx.event.EventUtil.fireEvent(EventUtil.java:49)
	at javafx.base@21.0.6/javafx.event.Event.fireEvent(Event.java:198)
	at javafx.controls@21.0.6/javafx.scene.control.MenuItem.fire(MenuItem.java:459)
	at javafx.controls@21.0.6/com.sun.javafx.scene.control.ContextMenuContent$MenuItemContainer.doSelect(ContextMenuContent.java:1415)
	at javafx.controls@21.0.6/com.sun.javafx.scene.control.ContextMenuContent$MenuItemContainer.lambda$createChildren$12(ContextMenuContent.java:1368)
	at javafx.base@21.0.6/com.sun.javafx.event.CompositeEventHandler$NormalEventHandlerRecord.handleBubblingEvent(CompositeEventHandler.java:247)
	at javafx.base@21.0.6/com.sun.javafx.event.CompositeEventHandler.dispatchBubblingEvent(CompositeEventHandler.java:80)
	at javafx.base@21.0.6/com.sun.javafx.event.EventHandlerManager.dispatchBubblingEvent(EventHandlerManager.java:232)
	at javafx.base@21.0.6/com.sun.javafx.event.EventHandlerManager.dispatchBubblingEvent(EventHandlerManager.java:189)
	at javafx.base@21.0.6/com.sun.javafx.event.CompositeEventDispatcher.dispatchBubblingEvent(CompositeEventDispatcher.java:59)
	at javafx.base@21.0.6/com.sun.javafx.event.BasicEventDispatcher.dispatchEvent(BasicEventDispatcher.java:58)
	at javafx.base@21.0.6/com.sun.javafx.event.EventDispatchChainImpl.dispatchEvent(EventDispatchChainImpl.java:114)
	at javafx.base@21.0.6/com.sun.javafx.event.BasicEventDispatcher.dispatchEvent(BasicEventDispatcher.java:56)
	at javafx.base@21.0.6/com.sun.javafx.event.EventDispatchChainImpl.dispatchEvent(EventDispatchChainImpl.java:114)
	at javafx.base@21.0.6/com.sun.javafx.event.BasicEventDispatcher.dispatchEvent(BasicEventDispatcher.java:56)
	at javafx.base@21.0.6/com.sun.javafx.event.EventDispatchChainImpl.dispatchEvent(EventDispatchChainImpl.java:114)
	at javafx.base@21.0.6/com.sun.javafx.event.BasicEventDispatcher.dispatchEvent(BasicEventDispatcher.java:56)
	at javafx.base@21.0.6/com.sun.javafx.event.EventDispatchChainImpl.dispatchEvent(EventDispatchChainImpl.java:114)
	at javafx.base@21.0.6/com.sun.javafx.event.EventUtil.fireEventImpl(EventUtil.java:74)
	at javafx.base@21.0.6/com.sun.javafx.event.EventUtil.fireEvent(EventUtil.java:54)
	at javafx.base@21.0.6/javafx.event.Event.fireEvent(Event.java:198)
	at javafx.graphics@21.0.6/javafx.scene.Scene$MouseHandler.process(Scene.java:3984)
	at javafx.graphics@21.0.6/javafx.scene.Scene.processMouseEvent(Scene.java:1890)
	at javafx.graphics@21.0.6/javafx.scene.Scene$ScenePeerListener.mouseEvent(Scene.java:2708)
	at javafx.graphics@21.0.6/com.sun.javafx.tk.quantum.GlassViewEventHandler$MouseEventNotification.run(GlassViewEventHandler.java:411)
	at javafx.graphics@21.0.6/com.sun.javafx.tk.quantum.GlassViewEventHandler$MouseEventNotification.run(GlassViewEventHandler.java:301)
	at java.base/java.security.AccessController.doPrivileged(AccessController.java:138)
	at javafx.graphics@21.0.6/com.sun.javafx.tk.quantum.GlassViewEventHandler.lambda$handleMouseEvent$2(GlassViewEventHandler.java:450)
	at javafx.graphics@21.0.6/com.sun.javafx.tk.quantum.QuantumToolkit.runWithoutRenderLock(QuantumToolkit.java:424)
	at javafx.graphics@21.0.6/com.sun.javafx.tk.quantum.GlassViewEventHandler.handleMouseEvent(GlassViewEventHandler.java:449)
	at javafx.graphics@21.0.6/com.sun.glass.ui.View.handleMouseEvent(View.java:551)
	at javafx.graphics@21.0.6/com.sun.glass.ui.View.notifyMouse(View.java:937)
	at javafx.graphics@21.0.6/com.sun.glass.ui.win.WinApplication._runLoop(Native Method)
	at javafx.graphics@21.0.6/com.sun.glass.ui.win.WinApplication.lambda$runLoop$3(WinApplication.java:185)
	at java.base/java.lang.Thread.run(Thread.java:1474)
Caused by: java.lang.reflect.InvocationTargetException: null
	at java.base/jdk.internal.reflect.DirectMethodHandleAccessor.invoke(DirectMethodHandleAccessor.java:116)
	at java.base/java.lang.reflect.Method.invoke(Method.java:565)
	at com.sun.javafx.reflect.Trampoline.invoke(MethodUtil.java:72)
	at java.base/jdk.internal.reflect.DirectMethodHandleAccessor.invoke(DirectMethodHandleAccessor.java:104)
	at java.base/java.lang.reflect.Method.invoke(Method.java:565)
	at javafx.base@21.0.6/com.sun.javafx.reflect.MethodUtil.invoke(MethodUtil.java:270)
	at javafx.fxml@21.0.6/com.sun.javafx.fxml.MethodHelper.invoke(MethodHelper.java:84)
	at javafx.fxml@21.0.6/javafx.fxml.FXMLLoader.loadImpl(FXMLLoader.java:2688)
	... 53 common frames omitted
Caused by: java.lang.NullPointerException: Cannot invoke "javafx.scene.control.TableView.setItems(javafx.collections.ObservableList)" because "this.measurementTableView" is null
	at hr.javafx.energycms/hr.javafx.energycms.controllers.MeasurementsController.initialize(MeasurementsController.java:61)
	at java.base/jdk.internal.reflect.DirectMethodHandleAccessor.invoke(DirectMethodHandleAccessor.java:104)
	... 60 common frames omitted
2026-02-16 00:44:34.507 [JavaFX Application Thread] ERROR h.j.e.app.MainConsoleLauncher - Greška pri učitavanju standardnih uređaja
jakarta.json.bind.JsonbException: Internal error: Invalid token=SQUARECLOSE at (line no=52, column no=1, offset=1151). Expected tokens are: [COMMA]
	at org.eclipse.yasson@3.0.3/org.eclipse.yasson.internal.DeserializationContextImpl.deserializeItem(DeserializationContextImpl.java:142)
	at org.eclipse.yasson@3.0.3/org.eclipse.yasson.internal.DeserializationContextImpl.deserialize(DeserializationContextImpl.java:127)
	at org.eclipse.yasson@3.0.3/org.eclipse.yasson.internal.JsonBinding.deserialize(JsonBinding.java:55)
	at org.eclipse.yasson@3.0.3/org.eclipse.yasson.internal.JsonBinding.fromJson(JsonBinding.java:62)
	at hr.javafx.energycms/hr.javafx.energycms.repository.JsonRepository.loadStandardDevices(JsonRepository.java:39)
	at hr.javafx.energycms/hr.javafx.energycms.controllers.MeasurementsController.loadData(MeasurementsController.java:67)
	at hr.javafx.energycms/hr.javafx.energycms.controllers.MeasurementsController.initialize(MeasurementsController.java:41)
	at java.base/jdk.internal.reflect.DirectMethodHandleAccessor.invoke(DirectMethodHandleAccessor.java:104)
	at java.base/java.lang.reflect.Method.invoke(Method.java:565)
	at com.sun.javafx.reflect.Trampoline.invoke(MethodUtil.java:72)
	at java.base/jdk.internal.reflect.DirectMethodHandleAccessor.invoke(DirectMethodHandleAccessor.java:104)
	at java.base/java.lang.reflect.Method.invoke(Method.java:565)
	at javafx.base@21.0.6/com.sun.javafx.reflect.MethodUtil.invoke(MethodUtil.java:270)
	at javafx.fxml@21.0.6/com.sun.javafx.fxml.MethodHelper.invoke(MethodHelper.java:84)
	at javafx.fxml@21.0.6/javafx.fxml.FXMLLoader.loadImpl(FXMLLoader.java:2688)
	at javafx.fxml@21.0.6/javafx.fxml.FXMLLoader.loadImpl(FXMLLoader.java:2563)
	at javafx.fxml@21.0.6/javafx.fxml.FXMLLoader.load(FXMLLoader.java:2531)
	at hr.javafx.energycms/hr.javafx.energycms.controllers.MenuController.showMeasurementsList(MenuController.java:19)
	at java.base/jdk.internal.reflect.DirectMethodHandleAccessor.invoke(DirectMethodHandleAccessor.java:104)
	at java.base/java.lang.reflect.Method.invoke(Method.java:565)
	at com.sun.javafx.reflect.Trampoline.invoke(MethodUtil.java:72)
	at java.base/jdk.internal.reflect.DirectMethodHandleAccessor.invoke(DirectMethodHandleAccessor.java:104)
	at java.base/java.lang.reflect.Method.invoke(Method.java:565)
	at javafx.base@21.0.6/com.sun.javafx.reflect.MethodUtil.invoke(MethodUtil.java:270)
	at javafx.fxml@21.0.6/com.sun.javafx.fxml.MethodHelper.invoke(MethodHelper.java:84)
	at javafx.fxml@21.0.6/javafx.fxml.FXMLLoader$MethodHandler.invoke(FXMLLoader.java:1855)
	at javafx.fxml@21.0.6/javafx.fxml.FXMLLoader$ControllerMethodEventHandler.handle(FXMLLoader.java:1726)
	at javafx.base@21.0.6/com.sun.javafx.event.CompositeEventHandler.dispatchBubblingEvent(CompositeEventHandler.java:86)
	at javafx.base@21.0.6/com.sun.javafx.event.EventHandlerManager.dispatchBubblingEvent(EventHandlerManager.java:232)
	at javafx.base@21.0.6/com.sun.javafx.event.EventHandlerManager.dispatchBubblingEvent(EventHandlerManager.java:189)
	at javafx.base@21.0.6/com.sun.javafx.event.BasicEventDispatcher.dispatchEvent(BasicEventDispatcher.java:58)
	at javafx.base@21.0.6/com.sun.javafx.event.EventDispatchChainImpl.dispatchEvent(EventDispatchChainImpl.java:114)
	at javafx.base@21.0.6/com.sun.javafx.event.EventUtil.fireEventImpl(EventUtil.java:74)
	at javafx.base@21.0.6/com.sun.javafx.event.EventUtil.fireEvent(EventUtil.java:49)
	at javafx.base@21.0.6/javafx.event.Event.fireEvent(Event.java:198)
	at javafx.controls@21.0.6/javafx.scene.control.MenuItem.fire(MenuItem.java:459)
	at javafx.controls@21.0.6/com.sun.javafx.scene.control.ContextMenuContent$MenuItemContainer.doSelect(ContextMenuContent.java:1415)
	at javafx.controls@21.0.6/com.sun.javafx.scene.control.ContextMenuContent$MenuItemContainer.lambda$createChildren$12(ContextMenuContent.java:1368)
	at javafx.base@21.0.6/com.sun.javafx.event.CompositeEventHandler$NormalEventHandlerRecord.handleBubblingEvent(CompositeEventHandler.java:247)
	at javafx.base@21.0.6/com.sun.javafx.event.CompositeEventHandler.dispatchBubblingEvent(CompositeEventHandler.java:80)
	at javafx.base@21.0.6/com.sun.javafx.event.EventHandlerManager.dispatchBubblingEvent(EventHandlerManager.java:232)
	at javafx.base@21.0.6/com.sun.javafx.event.EventHandlerManager.dispatchBubblingEvent(EventHandlerManager.java:189)
	at javafx.base@21.0.6/com.sun.javafx.event.CompositeEventDispatcher.dispatchBubblingEvent(CompositeEventDispatcher.java:59)
	at javafx.base@21.0.6/com.sun.javafx.event.BasicEventDispatcher.dispatchEvent(BasicEventDispatcher.java:58)
	at javafx.base@21.0.6/com.sun.javafx.event.EventDispatchChainImpl.dispatchEvent(EventDispatchChainImpl.java:114)
	at javafx.base@21.0.6/com.sun.javafx.event.BasicEventDispatcher.dispatchEvent(BasicEventDispatcher.java:56)
	at javafx.base@21.0.6/com.sun.javafx.event.EventDispatchChainImpl.dispatchEvent(EventDispatchChainImpl.java:114)
	at javafx.base@21.0.6/com.sun.javafx.event.BasicEventDispatcher.dispatchEvent(BasicEventDispatcher.java:56)
	at javafx.base@21.0.6/com.sun.javafx.event.EventDispatchChainImpl.dispatchEvent(EventDispatchChainImpl.java:114)
	at javafx.base@21.0.6/com.sun.javafx.event.BasicEventDispatcher.dispatchEvent(BasicEventDispatcher.java:56)
	at javafx.base@21.0.6/com.sun.javafx.event.EventDispatchChainImpl.dispatchEvent(EventDispatchChainImpl.java:114)
	at javafx.base@21.0.6/com.sun.javafx.event.EventUtil.fireEventImpl(EventUtil.java:74)
	at javafx.base@21.0.6/com.sun.javafx.event.EventUtil.fireEvent(EventUtil.java:54)
	at javafx.base@21.0.6/javafx.event.Event.fireEvent(Event.java:198)
	at javafx.graphics@21.0.6/javafx.scene.Scene$MouseHandler.process(Scene.java:3984)
	at javafx.graphics@21.0.6/javafx.scene.Scene.processMouseEvent(Scene.java:1890)
	at javafx.graphics@21.0.6/javafx.scene.Scene$ScenePeerListener.mouseEvent(Scene.java:2708)
	at javafx.graphics@21.0.6/com.sun.javafx.tk.quantum.GlassViewEventHandler$MouseEventNotification.run(GlassViewEventHandler.java:411)
	at javafx.graphics@21.0.6/com.sun.javafx.tk.quantum.GlassViewEventHandler$MouseEventNotification.run(GlassViewEventHandler.java:301)
	at java.base/java.security.AccessController.doPrivileged(AccessController.java:138)
	at javafx.graphics@21.0.6/com.sun.javafx.tk.quantum.GlassViewEventHandler.lambda$handleMouseEvent$2(GlassViewEventHandler.java:450)
	at javafx.graphics@21.0.6/com.sun.javafx.tk.quantum.QuantumToolkit.runWithoutRenderLock(QuantumToolkit.java:424)
	at javafx.graphics@21.0.6/com.sun.javafx.tk.quantum.GlassViewEventHandler.handleMouseEvent(GlassViewEventHandler.java:449)
	at javafx.graphics@21.0.6/com.sun.glass.ui.View.handleMouseEvent(View.java:551)
	at javafx.graphics@21.0.6/com.sun.glass.ui.View.notifyMouse(View.java:937)
	at javafx.graphics@21.0.6/com.sun.glass.ui.win.WinApplication._runLoop(Native Method)
	at javafx.graphics@21.0.6/com.sun.glass.ui.win.WinApplication.lambda$runLoop$3(WinApplication.java:185)
	at java.base/java.lang.Thread.run(Thread.java:1474)
Caused by: jakarta.json.stream.JsonParsingException: Invalid token=SQUARECLOSE at (line no=52, column no=1, offset=1151). Expected tokens are: [COMMA]
	at org.eclipse.parsson@1.1.0/org.eclipse.parsson.JsonParserImpl.parsingException(JsonParserImpl.java:464)
	at org.eclipse.parsson@1.1.0/org.eclipse.parsson.JsonParserImpl.access$1100(JsonParserImpl.java:56)
	at org.eclipse.parsson@1.1.0/org.eclipse.parsson.JsonParserImpl$ObjectContext.getNextEvent(JsonParserImpl.java:518)
	at org.eclipse.parsson@1.1.0/org.eclipse.parsson.JsonParserImpl.next(JsonParserImpl.java:382)
	at org.eclipse.yasson@3.0.3/org.eclipse.yasson.internal.deserializer.ObjectDeserializer.deserialize(ObjectDeserializer.java:63)
	at org.eclipse.yasson@3.0.3/org.eclipse.yasson.internal.deserializer.ObjectDeserializer.deserialize(ObjectDeserializer.java:31)
	at org.eclipse.yasson@3.0.3/org.eclipse.yasson.internal.deserializer.DefaultObjectInstanceCreator.deserialize(DefaultObjectInstanceCreator.java:57)
	at org.eclipse.yasson@3.0.3/org.eclipse.yasson.internal.deserializer.DefaultObjectInstanceCreator.deserialize(DefaultObjectInstanceCreator.java:29)
	at org.eclipse.yasson@3.0.3/org.eclipse.yasson.internal.deserializer.PositionChecker.deserialize(PositionChecker.java:85)
	at org.eclipse.yasson@3.0.3/org.eclipse.yasson.internal.deserializer.PositionChecker.deserialize(PositionChecker.java:34)
	at org.eclipse.yasson@3.0.3/org.eclipse.yasson.internal.deserializer.NullCheckDeserializer.deserialize(NullCheckDeserializer.java:46)
	at org.eclipse.yasson@3.0.3/org.eclipse.yasson.internal.deserializer.NullCheckDeserializer.deserialize(NullCheckDeserializer.java:26)
	at org.eclipse.yasson@3.0.3/org.eclipse.yasson.internal.deserializer.ContextSwitcher.deserialize(ContextSwitcher.java:36)
	at org.eclipse.yasson@3.0.3/org.eclipse.yasson.internal.deserializer.ContextSwitcher.deserialize(ContextSwitcher.java:22)
	at org.eclipse.yasson@3.0.3/org.eclipse.yasson.internal.deserializer.ArrayDeserializer.deserialize(ArrayDeserializer.java:49)
	at org.eclipse.yasson@3.0.3/org.eclipse.yasson.internal.deserializer.ArrayDeserializer.deserialize(ArrayDeserializer.java:26)
	at org.eclipse.yasson@3.0.3/org.eclipse.yasson.internal.deserializer.ArrayInstanceCreator.deserialize(ArrayInstanceCreator.java:68)
	at org.eclipse.yasson@3.0.3/org.eclipse.yasson.internal.deserializer.ArrayInstanceCreator$ObjectArrayCreator.deserialize(ArrayInstanceCreator.java:226)
	at org.eclipse.yasson@3.0.3/org.eclipse.yasson.internal.deserializer.PositionChecker.deserialize(PositionChecker.java:85)
	at org.eclipse.yasson@3.0.3/org.eclipse.yasson.internal.deserializer.PositionChecker.deserialize(PositionChecker.java:34)
	at org.eclipse.yasson@3.0.3/org.eclipse.yasson.internal.deserializer.NullCheckDeserializer.deserialize(NullCheckDeserializer.java:46)
	at org.eclipse.yasson@3.0.3/org.eclipse.yasson.internal.deserializer.NullCheckDeserializer.deserialize(NullCheckDeserializer.java:26)
	at org.eclipse.yasson@3.0.3/org.eclipse.yasson.internal.DeserializationContextImpl.deserializeItem(DeserializationContextImpl.java:138)
	... 67 common frames omitted
2026-02-16 00:44:34.527 [JavaFX Application Thread] ERROR h.j.e.app.MainConsoleLauncher - Greška prilikom učitavanja measurements-list.fxml
javafx.fxml.LoadException: 
/C:/Users/dinov/Desktop/Java%202025/Projekt%202/EnergyCMS/target/classes/hr/javafx/energycms/measurements-list.fxml

	at javafx.fxml@21.0.6/javafx.fxml.FXMLLoader.constructLoadException(FXMLLoader.java:2722)
	at javafx.fxml@21.0.6/javafx.fxml.FXMLLoader.loadImpl(FXMLLoader.java:2692)
	at javafx.fxml@21.0.6/javafx.fxml.FXMLLoader.loadImpl(FXMLLoader.java:2563)
	at javafx.fxml@21.0.6/javafx.fxml.FXMLLoader.load(FXMLLoader.java:2531)
	at hr.javafx.energycms/hr.javafx.energycms.controllers.MenuController.showMeasurementsList(MenuController.java:19)
	at java.base/jdk.internal.reflect.DirectMethodHandleAccessor.invoke(DirectMethodHandleAccessor.java:104)
	at java.base/java.lang.reflect.Method.invoke(Method.java:565)
	at com.sun.javafx.reflect.Trampoline.invoke(MethodUtil.java:72)
	at java.base/jdk.internal.reflect.DirectMethodHandleAccessor.invoke(DirectMethodHandleAccessor.java:104)
	at java.base/java.lang.reflect.Method.invoke(Method.java:565)
	at javafx.base@21.0.6/com.sun.javafx.reflect.MethodUtil.invoke(MethodUtil.java:270)
	at javafx.fxml@21.0.6/com.sun.javafx.fxml.MethodHelper.invoke(MethodHelper.java:84)
	at javafx.fxml@21.0.6/javafx.fxml.FXMLLoader$MethodHandler.invoke(FXMLLoader.java:1855)
	at javafx.fxml@21.0.6/javafx.fxml.FXMLLoader$ControllerMethodEventHandler.handle(FXMLLoader.java:1726)
	at javafx.base@21.0.6/com.sun.javafx.event.CompositeEventHandler.dispatchBubblingEvent(CompositeEventHandler.java:86)
	at javafx.base@21.0.6/com.sun.javafx.event.EventHandlerManager.dispatchBubblingEvent(EventHandlerManager.java:232)
	at javafx.base@21.0.6/com.sun.javafx.event.EventHandlerManager.dispatchBubblingEvent(EventHandlerManager.java:189)
	at javafx.base@21.0.6/com.sun.javafx.event.BasicEventDispatcher.dispatchEvent(BasicEventDispatcher.java:58)
	at javafx.base@21.0.6/com.sun.javafx.event.EventDispatchChainImpl.dispatchEvent(EventDispatchChainImpl.java:114)
	at javafx.base@21.0.6/com.sun.javafx.event.EventUtil.fireEventImpl(EventUtil.java:74)
	at javafx.base@21.0.6/com.sun.javafx.event.EventUtil.fireEvent(EventUtil.java:49)
	at javafx.base@21.0.6/javafx.event.Event.fireEvent(Event.java:198)
	at javafx.controls@21.0.6/javafx.scene.control.MenuItem.fire(MenuItem.java:459)
	at javafx.controls@21.0.6/com.sun.javafx.scene.control.ContextMenuContent$MenuItemContainer.doSelect(ContextMenuContent.java:1415)
	at javafx.controls@21.0.6/com.sun.javafx.scene.control.ContextMenuContent$MenuItemContainer.lambda$createChildren$12(ContextMenuContent.java:1368)
	at javafx.base@21.0.6/com.sun.javafx.event.CompositeEventHandler$NormalEventHandlerRecord.handleBubblingEvent(CompositeEventHandler.java:247)
	at javafx.base@21.0.6/com.sun.javafx.event.CompositeEventHandler.dispatchBubblingEvent(CompositeEventHandler.java:80)
	at javafx.base@21.0.6/com.sun.javafx.event.EventHandlerManager.dispatchBubblingEvent(EventHandlerManager.java:232)
	at javafx.base@21.0.6/com.sun.javafx.event.EventHandlerManager.dispatchBubblingEvent(EventHandlerManager.java:189)
	at javafx.base@21.0.6/com.sun.javafx.event.CompositeEventDispatcher.dispatchBubblingEvent(CompositeEventDispatcher.java:59)
	at javafx.base@21.0.6/com.sun.javafx.event.BasicEventDispatcher.dispatchEvent(BasicEventDispatcher.java:58)
	at javafx.base@21.0.6/com.sun.javafx.event.EventDispatchChainImpl.dispatchEvent(EventDispatchChainImpl.java:114)
	at javafx.base@21.0.6/com.sun.javafx.event.BasicEventDispatcher.dispatchEvent(BasicEventDispatcher.java:56)
	at javafx.base@21.0.6/com.sun.javafx.event.EventDispatchChainImpl.dispatchEvent(EventDispatchChainImpl.java:114)
	at javafx.base@21.0.6/com.sun.javafx.event.BasicEventDispatcher.dispatchEvent(BasicEventDispatcher.java:56)
	at javafx.base@21.0.6/com.sun.javafx.event.EventDispatchChainImpl.dispatchEvent(EventDispatchChainImpl.java:114)
	at javafx.base@21.0.6/com.sun.javafx.event.BasicEventDispatcher.dispatchEvent(BasicEventDispatcher.java:56)
	at javafx.base@21.0.6/com.sun.javafx.event.EventDispatchChainImpl.dispatchEvent(EventDispatchChainImpl.java:114)
	at javafx.base@21.0.6/com.sun.javafx.event.EventUtil.fireEventImpl(EventUtil.java:74)
	at javafx.base@21.0.6/com.sun.javafx.event.EventUtil.fireEvent(EventUtil.java:54)
	at javafx.base@21.0.6/javafx.event.Event.fireEvent(Event.java:198)
	at javafx.graphics@21.0.6/javafx.scene.Scene$MouseHandler.process(Scene.java:3984)
	at javafx.graphics@21.0.6/javafx.scene.Scene.processMouseEvent(Scene.java:1890)
	at javafx.graphics@21.0.6/javafx.scene.Scene$ScenePeerListener.mouseEvent(Scene.java:2708)
	at javafx.graphics@21.0.6/com.sun.javafx.tk.quantum.GlassViewEventHandler$MouseEventNotification.run(GlassViewEventHandler.java:411)
	at javafx.graphics@21.0.6/com.sun.javafx.tk.quantum.GlassViewEventHandler$MouseEventNotification.run(GlassViewEventHandler.java:301)
	at java.base/java.security.AccessController.doPrivileged(AccessController.java:138)
	at javafx.graphics@21.0.6/com.sun.javafx.tk.quantum.GlassViewEventHandler.lambda$handleMouseEvent$2(GlassViewEventHandler.java:450)
	at javafx.graphics@21.0.6/com.sun.javafx.tk.quantum.QuantumToolkit.runWithoutRenderLock(QuantumToolkit.java:424)
	at javafx.graphics@21.0.6/com.sun.javafx.tk.quantum.GlassViewEventHandler.handleMouseEvent(GlassViewEventHandler.java:449)
	at javafx.graphics@21.0.6/com.sun.glass.ui.View.handleMouseEvent(View.java:551)
	at javafx.graphics@21.0.6/com.sun.glass.ui.View.notifyMouse(View.java:937)
	at javafx.graphics@21.0.6/com.sun.glass.ui.win.WinApplication._runLoop(Native Method)
	at javafx.graphics@21.0.6/com.sun.glass.ui.win.WinApplication.lambda$runLoop$3(WinApplication.java:185)
	at java.base/java.lang.Thread.run(Thread.java:1474)
Caused by: java.lang.reflect.InvocationTargetException: null
	at java.base/jdk.internal.reflect.DirectMethodHandleAccessor.invoke(DirectMethodHandleAccessor.java:116)
	at java.base/java.lang.reflect.Method.invoke(Method.java:565)
	at com.sun.javafx.reflect.Trampoline.invoke(MethodUtil.java:72)
	at java.base/jdk.internal.reflect.DirectMethodHandleAccessor.invoke(DirectMethodHandleAccessor.java:104)
	at java.base/java.lang.reflect.Method.invoke(Method.java:565)
	at javafx.base@21.0.6/com.sun.javafx.reflect.MethodUtil.invoke(MethodUtil.java:270)
	at javafx.fxml@21.0.6/com.sun.javafx.fxml.MethodHelper.invoke(MethodHelper.java:84)
	at javafx.fxml@21.0.6/javafx.fxml.FXMLLoader.loadImpl(FXMLLoader.java:2688)
	... 53 common frames omitted
Caused by: java.lang.NullPointerException: Cannot invoke "javafx.scene.control.TableView.setItems(javafx.collections.ObservableList)" because "this.measurementTableView" is null
	at hr.javafx.energycms/hr.javafx.energycms.controllers.MeasurementsController.loadData(MeasurementsController.java:76)
	at hr.javafx.energycms/hr.javafx.energycms.controllers.MeasurementsController.initialize(MeasurementsController.java:41)
	at java.base/jdk.internal.reflect.DirectMethodHandleAccessor.invoke(DirectMethodHandleAccessor.java:104)
	... 60 common frames omitted
2026-02-16 00:44:42.085 [JavaFX Application Thread] ERROR h.j.e.app.MainConsoleLauncher - Greška pri učitavanju standardnih uređaja
jakarta.json.bind.JsonbException: Internal error: Invalid token=SQUARECLOSE at (line no=52, column no=1, offset=1151). Expected tokens are: [COMMA]
	at org.eclipse.yasson@3.0.3/org.eclipse.yasson.internal.DeserializationContextImpl.deserializeItem(DeserializationContextImpl.java:142)
	at org.eclipse.yasson@3.0.3/org.eclipse.yasson.internal.DeserializationContextImpl.deserialize(DeserializationContextImpl.java:127)
	at org.eclipse.yasson@3.0.3/org.eclipse.yasson.internal.JsonBinding.deserialize(JsonBinding.java:55)
	at org.eclipse.yasson@3.0.3/org.eclipse.yasson.internal.JsonBinding.fromJson(JsonBinding.java:62)
	at hr.javafx.energycms/hr.javafx.energycms.repository.JsonRepository.loadStandardDevices(JsonRepository.java:39)
	at hr.javafx.energycms/hr.javafx.energycms.controllers.MeasurementsController.loadData(MeasurementsController.java:67)
	at hr.javafx.energycms/hr.javafx.energycms.controllers.MeasurementsController.initialize(MeasurementsController.java:41)
	at java.base/jdk.internal.reflect.DirectMethodHandleAccessor.invoke(DirectMethodHandleAccessor.java:104)
	at java.base/java.lang.reflect.Method.invoke(Method.java:565)
	at com.sun.javafx.reflect.Trampoline.invoke(MethodUtil.java:72)
	at java.base/jdk.internal.reflect.DirectMethodHandleAccessor.invoke(DirectMethodHandleAccessor.java:104)
	at java.base/java.lang.reflect.Method.invoke(Method.java:565)
	at javafx.base@21.0.6/com.sun.javafx.reflect.MethodUtil.invoke(MethodUtil.java:270)
	at javafx.fxml@21.0.6/com.sun.javafx.fxml.MethodHelper.invoke(MethodHelper.java:84)
	at javafx.fxml@21.0.6/javafx.fxml.FXMLLoader.loadImpl(FXMLLoader.java:2688)
	at javafx.fxml@21.0.6/javafx.fxml.FXMLLoader.loadImpl(FXMLLoader.java:2563)
	at javafx.fxml@21.0.6/javafx.fxml.FXMLLoader.load(FXMLLoader.java:2531)
	at hr.javafx.energycms/hr.javafx.energycms.controllers.MenuController.showMeasurementsList(MenuController.java:19)
	at java.base/jdk.internal.reflect.DirectMethodHandleAccessor.invoke(DirectMethodHandleAccessor.java:104)
	at java.base/java.lang.reflect.Method.invoke(Method.java:565)
	at com.sun.javafx.reflect.Trampoline.invoke(MethodUtil.java:72)
	at java.base/jdk.internal.reflect.DirectMethodHandleAccessor.invoke(DirectMethodHandleAccessor.java:104)
	at java.base/java.lang.reflect.Method.invoke(Method.java:565)
	at javafx.base@21.0.6/com.sun.javafx.reflect.MethodUtil.invoke(MethodUtil.java:270)
	at javafx.fxml@21.0.6/com.sun.javafx.fxml.MethodHelper.invoke(MethodHelper.java:84)
	at javafx.fxml@21.0.6/javafx.fxml.FXMLLoader$MethodHandler.invoke(FXMLLoader.java:1855)
	at javafx.fxml@21.0.6/javafx.fxml.FXMLLoader$ControllerMethodEventHandler.handle(FXMLLoader.java:1726)
	at javafx.base@21.0.6/com.sun.javafx.event.CompositeEventHandler.dispatchBubblingEvent(CompositeEventHandler.java:86)
	at javafx.base@21.0.6/com.sun.javafx.event.EventHandlerManager.dispatchBubblingEvent(EventHandlerManager.java:232)
	at javafx.base@21.0.6/com.sun.javafx.event.EventHandlerManager.dispatchBubblingEvent(EventHandlerManager.java:189)
	at javafx.base@21.0.6/com.sun.javafx.event.BasicEventDispatcher.dispatchEvent(BasicEventDispatcher.java:58)
	at javafx.base@21.0.6/com.sun.javafx.event.EventDispatchChainImpl.dispatchEvent(EventDispatchChainImpl.java:114)
	at javafx.base@21.0.6/com.sun.javafx.event.EventUtil.fireEventImpl(EventUtil.java:74)
	at javafx.base@21.0.6/com.sun.javafx.event.EventUtil.fireEvent(EventUtil.java:49)
	at javafx.base@21.0.6/javafx.event.Event.fireEvent(Event.java:198)
	at javafx.controls@21.0.6/javafx.scene.control.MenuItem.fire(MenuItem.java:459)
	at javafx.controls@21.0.6/com.sun.javafx.scene.control.ContextMenuContent$MenuItemContainer.doSelect(ContextMenuContent.java:1415)
	at javafx.controls@21.0.6/com.sun.javafx.scene.control.ContextMenuContent$MenuItemContainer.lambda$createChildren$12(ContextMenuContent.java:1368)
	at javafx.base@21.0.6/com.sun.javafx.event.CompositeEventHandler$NormalEventHandlerRecord.handleBubblingEvent(CompositeEventHandler.java:247)
	at javafx.base@21.0.6/com.sun.javafx.event.CompositeEventHandler.dispatchBubblingEvent(CompositeEventHandler.java:80)
	at javafx.base@21.0.6/com.sun.javafx.event.EventHandlerManager.dispatchBubblingEvent(EventHandlerManager.java:232)
	at javafx.base@21.0.6/com.sun.javafx.event.EventHandlerManager.dispatchBubblingEvent(EventHandlerManager.java:189)
	at javafx.base@21.0.6/com.sun.javafx.event.CompositeEventDispatcher.dispatchBubblingEvent(CompositeEventDispatcher.java:59)
	at javafx.base@21.0.6/com.sun.javafx.event.BasicEventDispatcher.dispatchEvent(BasicEventDispatcher.java:58)
	at javafx.base@21.0.6/com.sun.javafx.event.EventDispatchChainImpl.dispatchEvent(EventDispatchChainImpl.java:114)
	at javafx.base@21.0.6/com.sun.javafx.event.BasicEventDispatcher.dispatchEvent(BasicEventDispatcher.java:56)
	at javafx.base@21.0.6/com.sun.javafx.event.EventDispatchChainImpl.dispatchEvent(EventDispatchChainImpl.java:114)
	at javafx.base@21.0.6/com.sun.javafx.event.BasicEventDispatcher.dispatchEvent(BasicEventDispatcher.java:56)
	at javafx.base@21.0.6/com.sun.javafx.event.EventDispatchChainImpl.dispatchEvent(EventDispatchChainImpl.java:114)
	at javafx.base@21.0.6/com.sun.javafx.event.BasicEventDispatcher.dispatchEvent(BasicEventDispatcher.java:56)
	at javafx.base@21.0.6/com.sun.javafx.event.EventDispatchChainImpl.dispatchEvent(EventDispatchChainImpl.java:114)
	at javafx.base@21.0.6/com.sun.javafx.event.EventUtil.fireEventImpl(EventUtil.java:74)
	at javafx.base@21.0.6/com.sun.javafx.event.EventUtil.fireEvent(EventUtil.java:54)
	at javafx.base@21.0.6/javafx.event.Event.fireEvent(Event.java:198)
	at javafx.graphics@21.0.6/javafx.scene.Scene$MouseHandler.process(Scene.java:3984)
	at javafx.graphics@21.0.6/javafx.scene.Scene.processMouseEvent(Scene.java:1890)
	at javafx.graphics@21.0.6/javafx.scene.Scene$ScenePeerListener.mouseEvent(Scene.java:2708)
	at javafx.graphics@21.0.6/com.sun.javafx.tk.quantum.GlassViewEventHandler$MouseEventNotification.run(GlassViewEventHandler.java:411)
	at javafx.graphics@21.0.6/com.sun.javafx.tk.quantum.GlassViewEventHandler$MouseEventNotification.run(GlassViewEventHandler.java:301)
	at java.base/java.security.AccessController.doPrivileged(AccessController.java:138)
	at javafx.graphics@21.0.6/com.sun.javafx.tk.quantum.GlassViewEventHandler.lambda$handleMouseEvent$2(GlassViewEventHandler.java:450)
	at javafx.graphics@21.0.6/com.sun.javafx.tk.quantum.QuantumToolkit.runWithoutRenderLock(QuantumToolkit.java:424)
	at javafx.graphics@21.0.6/com.sun.javafx.tk.quantum.GlassViewEventHandler.handleMouseEvent(GlassViewEventHandler.java:449)
	at javafx.graphics@21.0.6/com.sun.glass.ui.View.handleMouseEvent(View.java:551)
	at javafx.graphics@21.0.6/com.sun.glass.ui.View.notifyMouse(View.java:937)
	at javafx.graphics@21.0.6/com.sun.glass.ui.win.WinApplication._runLoop(Native Method)
	at javafx.graphics@21.0.6/com.sun.glass.ui.win.WinApplication.lambda$runLoop$3(WinApplication.java:185)
	at java.base/java.lang.Thread.run(Thread.java:1474)
Caused by: jakarta.json.stream.JsonParsingException: Invalid token=SQUARECLOSE at (line no=52, column no=1, offset=1151). Expected tokens are: [COMMA]
	at org.eclipse.parsson@1.1.0/org.eclipse.parsson.JsonParserImpl.parsingException(JsonParserImpl.java:464)
	at org.eclipse.parsson@1.1.0/org.eclipse.parsson.JsonParserImpl.access$1100(JsonParserImpl.java:56)
	at org.eclipse.parsson@1.1.0/org.eclipse.parsson.JsonParserImpl$ObjectContext.getNextEvent(JsonParserImpl.java:518)
	at org.eclipse.parsson@1.1.0/org.eclipse.parsson.JsonParserImpl.next(JsonParserImpl.java:382)
	at org.eclipse.yasson@3.0.3/org.eclipse.yasson.internal.deserializer.ObjectDeserializer.deserialize(ObjectDeserializer.java:63)
	at org.eclipse.yasson@3.0.3/org.eclipse.yasson.internal.deserializer.ObjectDeserializer.deserialize(ObjectDeserializer.java:31)
	at org.eclipse.yasson@3.0.3/org.eclipse.yasson.internal.deserializer.DefaultObjectInstanceCreator.deserialize(DefaultObjectInstanceCreator.java:57)
	at org.eclipse.yasson@3.0.3/org.eclipse.yasson.internal.deserializer.DefaultObjectInstanceCreator.deserialize(DefaultObjectInstanceCreator.java:29)
	at org.eclipse.yasson@3.0.3/org.eclipse.yasson.internal.deserializer.PositionChecker.deserialize(PositionChecker.java:85)
	at org.eclipse.yasson@3.0.3/org.eclipse.yasson.internal.deserializer.PositionChecker.deserialize(PositionChecker.java:34)
	at org.eclipse.yasson@3.0.3/org.eclipse.yasson.internal.deserializer.NullCheckDeserializer.deserialize(NullCheckDeserializer.java:46)
	at org.eclipse.yasson@3.0.3/org.eclipse.yasson.internal.deserializer.NullCheckDeserializer.deserialize(NullCheckDeserializer.java:26)
	at org.eclipse.yasson@3.0.3/org.eclipse.yasson.internal.deserializer.ContextSwitcher.deserialize(ContextSwitcher.java:36)
	at org.eclipse.yasson@3.0.3/org.eclipse.yasson.internal.deserializer.ContextSwitcher.deserialize(ContextSwitcher.java:22)
	at org.eclipse.yasson@3.0.3/org.eclipse.yasson.internal.deserializer.ArrayDeserializer.deserialize(ArrayDeserializer.java:49)
	at org.eclipse.yasson@3.0.3/org.eclipse.yasson.internal.deserializer.ArrayDeserializer.deserialize(ArrayDeserializer.java:26)
	at org.eclipse.yasson@3.0.3/org.eclipse.yasson.internal.deserializer.ArrayInstanceCreator.deserialize(ArrayInstanceCreator.java:68)
	at org.eclipse.yasson@3.0.3/org.eclipse.yasson.internal.deserializer.ArrayInstanceCreator$ObjectArrayCreator.deserialize(ArrayInstanceCreator.java:226)
	at org.eclipse.yasson@3.0.3/org.eclipse.yasson.internal.deserializer.PositionChecker.deserialize(PositionChecker.java:85)
	at org.eclipse.yasson@3.0.3/org.eclipse.yasson.internal.deserializer.PositionChecker.deserialize(PositionChecker.java:34)
	at org.eclipse.yasson@3.0.3/org.eclipse.yasson.internal.deserializer.NullCheckDeserializer.deserialize(NullCheckDeserializer.java:46)
	at org.eclipse.yasson@3.0.3/org.eclipse.yasson.internal.deserializer.NullCheckDeserializer.deserialize(NullCheckDeserializer.java:26)
	at org.eclipse.yasson@3.0.3/org.eclipse.yasson.internal.DeserializationContextImpl.deserializeItem(DeserializationContextImpl.java:138)
	... 67 common frames omitted
2026-02-16 00:44:42.104 [JavaFX Application Thread] ERROR h.j.e.app.MainConsoleLauncher - Greška prilikom učitavanja measurements-list.fxml
javafx.fxml.LoadException: 
/C:/Users/dinov/Desktop/Java%202025/Projekt%202/EnergyCMS/target/classes/hr/javafx/energycms/measurements-list.fxml

	at javafx.fxml@21.0.6/javafx.fxml.FXMLLoader.constructLoadException(FXMLLoader.java:2722)
	at javafx.fxml@21.0.6/javafx.fxml.FXMLLoader.loadImpl(FXMLLoader.java:2692)
	at javafx.fxml@21.0.6/javafx.fxml.FXMLLoader.loadImpl(FXMLLoader.java:2563)
	at javafx.fxml@21.0.6/javafx.fxml.FXMLLoader.load(FXMLLoader.java:2531)
	at hr.javafx.energycms/hr.javafx.energycms.controllers.MenuController.showMeasurementsList(MenuController.java:19)
	at java.base/jdk.internal.reflect.DirectMethodHandleAccessor.invoke(DirectMethodHandleAccessor.java:104)
	at java.base/java.lang.reflect.Method.invoke(Method.java:565)
	at com.sun.javafx.reflect.Trampoline.invoke(MethodUtil.java:72)
	at java.base/jdk.internal.reflect.DirectMethodHandleAccessor.invoke(DirectMethodHandleAccessor.java:104)
	at java.base/java.lang.reflect.Method.invoke(Method.java:565)
	at javafx.base@21.0.6/com.sun.javafx.reflect.MethodUtil.invoke(MethodUtil.java:270)
	at javafx.fxml@21.0.6/com.sun.javafx.fxml.MethodHelper.invoke(MethodHelper.java:84)
	at javafx.fxml@21.0.6/javafx.fxml.FXMLLoader$MethodHandler.invoke(FXMLLoader.java:1855)
	at javafx.fxml@21.0.6/javafx.fxml.FXMLLoader$ControllerMethodEventHandler.handle(FXMLLoader.java:1726)
	at javafx.base@21.0.6/com.sun.javafx.event.CompositeEventHandler.dispatchBubblingEvent(CompositeEventHandler.java:86)
	at javafx.base@21.0.6/com.sun.javafx.event.EventHandlerManager.dispatchBubblingEvent(EventHandlerManager.java:232)
	at javafx.base@21.0.6/com.sun.javafx.event.EventHandlerManager.dispatchBubblingEvent(EventHandlerManager.java:189)
	at javafx.base@21.0.6/com.sun.javafx.event.BasicEventDispatcher.dispatchEvent(BasicEventDispatcher.java:58)
	at javafx.base@21.0.6/com.sun.javafx.event.EventDispatchChainImpl.dispatchEvent(EventDispatchChainImpl.java:114)
	at javafx.base@21.0.6/com.sun.javafx.event.EventUtil.fireEventImpl(EventUtil.java:74)
	at javafx.base@21.0.6/com.sun.javafx.event.EventUtil.fireEvent(EventUtil.java:49)
	at javafx.base@21.0.6/javafx.event.Event.fireEvent(Event.java:198)
	at javafx.controls@21.0.6/javafx.scene.control.MenuItem.fire(MenuItem.java:459)
	at javafx.controls@21.0.6/com.sun.javafx.scene.control.ContextMenuContent$MenuItemContainer.doSelect(ContextMenuContent.java:1415)
	at javafx.controls@21.0.6/com.sun.javafx.scene.control.ContextMenuContent$MenuItemContainer.lambda$createChildren$12(ContextMenuContent.java:1368)
	at javafx.base@21.0.6/com.sun.javafx.event.CompositeEventHandler$NormalEventHandlerRecord.handleBubblingEvent(CompositeEventHandler.java:247)
	at javafx.base@21.0.6/com.sun.javafx.event.CompositeEventHandler.dispatchBubblingEvent(CompositeEventHandler.java:80)
	at javafx.base@21.0.6/com.sun.javafx.event.EventHandlerManager.dispatchBubblingEvent(EventHandlerManager.java:232)
	at javafx.base@21.0.6/com.sun.javafx.event.EventHandlerManager.dispatchBubblingEvent(EventHandlerManager.java:189)
	at javafx.base@21.0.6/com.sun.javafx.event.CompositeEventDispatcher.dispatchBubblingEvent(CompositeEventDispatcher.java:59)
	at javafx.base@21.0.6/com.sun.javafx.event.BasicEventDispatcher.dispatchEvent(BasicEventDispatcher.java:58)
	at javafx.base@21.0.6/com.sun.javafx.event.EventDispatchChainImpl.dispatchEvent(EventDispatchChainImpl.java:114)
	at javafx.base@21.0.6/com.sun.javafx.event.BasicEventDispatcher.dispatchEvent(BasicEventDispatcher.java:56)
	at javafx.base@21.0.6/com.sun.javafx.event.EventDispatchChainImpl.dispatchEvent(EventDispatchChainImpl.java:114)
	at javafx.base@21.0.6/com.sun.javafx.event.BasicEventDispatcher.dispatchEvent(BasicEventDispatcher.java:56)
	at javafx.base@21.0.6/com.sun.javafx.event.EventDispatchChainImpl.dispatchEvent(EventDispatchChainImpl.java:114)
	at javafx.base@21.0.6/com.sun.javafx.event.BasicEventDispatcher.dispatchEvent(BasicEventDispatcher.java:56)
	at javafx.base@21.0.6/com.sun.javafx.event.EventDispatchChainImpl.dispatchEvent(EventDispatchChainImpl.java:114)
	at javafx.base@21.0.6/com.sun.javafx.event.EventUtil.fireEventImpl(EventUtil.java:74)
	at javafx.base@21.0.6/com.sun.javafx.event.EventUtil.fireEvent(EventUtil.java:54)
	at javafx.base@21.0.6/javafx.event.Event.fireEvent(Event.java:198)
	at javafx.graphics@21.0.6/javafx.scene.Scene$MouseHandler.process(Scene.java:3984)
	at javafx.graphics@21.0.6/javafx.scene.Scene.processMouseEvent(Scene.java:1890)
	at javafx.graphics@21.0.6/javafx.scene.Scene$ScenePeerListener.mouseEvent(Scene.java:2708)
	at javafx.graphics@21.0.6/com.sun.javafx.tk.quantum.GlassViewEventHandler$MouseEventNotification.run(GlassViewEventHandler.java:411)
	at javafx.graphics@21.0.6/com.sun.javafx.tk.quantum.GlassViewEventHandler$MouseEventNotification.run(GlassViewEventHandler.java:301)
	at java.base/java.security.AccessController.doPrivileged(AccessController.java:138)
	at javafx.graphics@21.0.6/com.sun.javafx.tk.quantum.GlassViewEventHandler.lambda$handleMouseEvent$2(GlassViewEventHandler.java:450)
	at javafx.graphics@21.0.6/com.sun.javafx.tk.quantum.QuantumToolkit.runWithoutRenderLock(QuantumToolkit.java:424)
	at javafx.graphics@21.0.6/com.sun.javafx.tk.quantum.GlassViewEventHandler.handleMouseEvent(GlassViewEventHandler.java:449)
	at javafx.graphics@21.0.6/com.sun.glass.ui.View.handleMouseEvent(View.java:551)
	at javafx.graphics@21.0.6/com.sun.glass.ui.View.notifyMouse(View.java:937)
	at javafx.graphics@21.0.6/com.sun.glass.ui.win.WinApplication._runLoop(Native Method)
	at javafx.graphics@21.0.6/com.sun.glass.ui.win.WinApplication.lambda$runLoop$3(WinApplication.java:185)
	at java.base/java.lang.Thread.run(Thread.java:1474)
Caused by: java.lang.reflect.InvocationTargetException: null
	at java.base/jdk.internal.reflect.DirectMethodHandleAccessor.invoke(DirectMethodHandleAccessor.java:116)
	at java.base/java.lang.reflect.Method.invoke(Method.java:565)
	at com.sun.javafx.reflect.Trampoline.invoke(MethodUtil.java:72)
	at java.base/jdk.internal.reflect.DirectMethodHandleAccessor.invoke(DirectMethodHandleAccessor.java:104)
	at java.base/java.lang.reflect.Method.invoke(Method.java:565)
	at javafx.base@21.0.6/com.sun.javafx.reflect.MethodUtil.invoke(MethodUtil.java:270)
	at javafx.fxml@21.0.6/com.sun.javafx.fxml.MethodHelper.invoke(MethodHelper.java:84)
	at javafx.fxml@21.0.6/javafx.fxml.FXMLLoader.loadImpl(FXMLLoader.java:2688)
	... 53 common frames omitted
Caused by: java.lang.NullPointerException: Cannot invoke "javafx.scene.control.TableView.setItems(javafx.collections.ObservableList)" because "this.measurementTableView" is null
	at hr.javafx.energycms/hr.javafx.energycms.controllers.MeasurementsController.loadData(MeasurementsController.java:76)
	at hr.javafx.energycms/hr.javafx.energycms.controllers.MeasurementsController.initialize(MeasurementsController.java:41)
	at java.base/jdk.internal.reflect.DirectMethodHandleAccessor.invoke(DirectMethodHandleAccessor.java:104)
	... 60 common frames omitted
2026-02-16 00:47:02.221 [JavaFX Application Thread] ERROR h.j.e.app.MainConsoleLauncher - Greška pri učitavanju standardnih uređaja
jakarta.json.bind.JsonbException: Internal error: Invalid token=SQUARECLOSE at (line no=52, column no=1, offset=1151). Expected tokens are: [COMMA]
	at org.eclipse.yasson@3.0.3/org.eclipse.yasson.internal.DeserializationContextImpl.deserializeItem(DeserializationContextImpl.java:142)
	at org.eclipse.yasson@3.0.3/org.eclipse.yasson.internal.DeserializationContextImpl.deserialize(DeserializationContextImpl.java:127)
	at org.eclipse.yasson@3.0.3/org.eclipse.yasson.internal.JsonBinding.deserialize(JsonBinding.java:55)
	at org.eclipse.yasson@3.0.3/org.eclipse.yasson.internal.JsonBinding.fromJson(JsonBinding.java:62)
	at hr.javafx.energycms/hr.javafx.energycms.repository.JsonRepository.loadStandardDevices(JsonRepository.java:39)
	at hr.javafx.energycms/hr.javafx.energycms.controllers.MeasurementsController.loadData(MeasurementsController.java:67)
	at hr.javafx.energycms/hr.javafx.energycms.controllers.MeasurementsController.initialize(MeasurementsController.java:41)
	at java.base/jdk.internal.reflect.DirectMethodHandleAccessor.invoke(DirectMethodHandleAccessor.java:104)
	at java.base/java.lang.reflect.Method.invoke(Method.java:565)
	at com.sun.javafx.reflect.Trampoline.invoke(MethodUtil.java:72)
	at java.base/jdk.internal.reflect.DirectMethodHandleAccessor.invoke(DirectMethodHandleAccessor.java:104)
	at java.base/java.lang.reflect.Method.invoke(Method.java:565)
	at javafx.base@21.0.6/com.sun.javafx.reflect.MethodUtil.invoke(MethodUtil.java:270)
	at javafx.fxml@21.0.6/com.sun.javafx.fxml.MethodHelper.invoke(MethodHelper.java:84)
	at javafx.fxml@21.0.6/javafx.fxml.FXMLLoader.loadImpl(FXMLLoader.java:2688)
	at javafx.fxml@21.0.6/javafx.fxml.FXMLLoader.loadImpl(FXMLLoader.java:2563)
	at javafx.fxml@21.0.6/javafx.fxml.FXMLLoader.load(FXMLLoader.java:2531)
	at hr.javafx.energycms/hr.javafx.energycms.controllers.MenuController.showMeasurementsList(MenuController.java:19)
	at java.base/jdk.internal.reflect.DirectMethodHandleAccessor.invoke(DirectMethodHandleAccessor.java:104)
	at java.base/java.lang.reflect.Method.invoke(Method.java:565)
	at com.sun.javafx.reflect.Trampoline.invoke(MethodUtil.java:72)
	at java.base/jdk.internal.reflect.DirectMethodHandleAccessor.invoke(DirectMethodHandleAccessor.java:104)
	at java.base/java.lang.reflect.Method.invoke(Method.java:565)
	at javafx.base@21.0.6/com.sun.javafx.reflect.MethodUtil.invoke(MethodUtil.java:270)
	at javafx.fxml@21.0.6/com.sun.javafx.fxml.MethodHelper.invoke(MethodHelper.java:84)
	at javafx.fxml@21.0.6/javafx.fxml.FXMLLoader$MethodHandler.invoke(FXMLLoader.java:1855)
	at javafx.fxml@21.0.6/javafx.fxml.FXMLLoader$ControllerMethodEventHandler.handle(FXMLLoader.java:1726)
	at javafx.base@21.0.6/com.sun.javafx.event.CompositeEventHandler.dispatchBubblingEvent(CompositeEventHandler.java:86)
	at javafx.base@21.0.6/com.sun.javafx.event.EventHandlerManager.dispatchBubblingEvent(EventHandlerManager.java:232)
	at javafx.base@21.0.6/com.sun.javafx.event.EventHandlerManager.dispatchBubblingEvent(EventHandlerManager.java:189)
	at javafx.base@21.0.6/com.sun.javafx.event.BasicEventDispatcher.dispatchEvent(BasicEventDispatcher.java:58)
	at javafx.base@21.0.6/com.sun.javafx.event.EventDispatchChainImpl.dispatchEvent(EventDispatchChainImpl.java:114)
	at javafx.base@21.0.6/com.sun.javafx.event.EventUtil.fireEventImpl(EventUtil.java:74)
	at javafx.base@21.0.6/com.sun.javafx.event.EventUtil.fireEvent(EventUtil.java:49)
	at javafx.base@21.0.6/javafx.event.Event.fireEvent(Event.java:198)
	at javafx.controls@21.0.6/javafx.scene.control.MenuItem.fire(MenuItem.java:459)
	at javafx.controls@21.0.6/com.sun.javafx.scene.control.ContextMenuContent$MenuItemContainer.doSelect(ContextMenuContent.java:1415)
	at javafx.controls@21.0.6/com.sun.javafx.scene.control.ContextMenuContent$MenuItemContainer.lambda$createChildren$12(ContextMenuContent.java:1368)
	at javafx.base@21.0.6/com.sun.javafx.event.CompositeEventHandler$NormalEventHandlerRecord.handleBubblingEvent(CompositeEventHandler.java:247)
	at javafx.base@21.0.6/com.sun.javafx.event.CompositeEventHandler.dispatchBubblingEvent(CompositeEventHandler.java:80)
	at javafx.base@21.0.6/com.sun.javafx.event.EventHandlerManager.dispatchBubblingEvent(EventHandlerManager.java:232)
	at javafx.base@21.0.6/com.sun.javafx.event.EventHandlerManager.dispatchBubblingEvent(EventHandlerManager.java:189)
	at javafx.base@21.0.6/com.sun.javafx.event.CompositeEventDispatcher.dispatchBubblingEvent(CompositeEventDispatcher.java:59)
	at javafx.base@21.0.6/com.sun.javafx.event.BasicEventDispatcher.dispatchEvent(BasicEventDispatcher.java:58)
	at javafx.base@21.0.6/com.sun.javafx.event.EventDispatchChainImpl.dispatchEvent(EventDispatchChainImpl.java:114)
	at javafx.base@21.0.6/com.sun.javafx.event.BasicEventDispatcher.dispatchEvent(BasicEventDispatcher.java:56)
	at javafx.base@21.0.6/com.sun.javafx.event.EventDispatchChainImpl.dispatchEvent(EventDispatchChainImpl.java:114)
	at javafx.base@21.0.6/com.sun.javafx.event.BasicEventDispatcher.dispatchEvent(BasicEventDispatcher.java:56)
	at javafx.base@21.0.6/com.sun.javafx.event.EventDispatchChainImpl.dispatchEvent(EventDispatchChainImpl.java:114)
	at javafx.base@21.0.6/com.sun.javafx.event.BasicEventDispatcher.dispatchEvent(BasicEventDispatcher.java:56)
	at javafx.base@21.0.6/com.sun.javafx.event.EventDispatchChainImpl.dispatchEvent(EventDispatchChainImpl.java:114)
	at javafx.base@21.0.6/com.sun.javafx.event.EventUtil.fireEventImpl(EventUtil.java:74)
	at javafx.base@21.0.6/com.sun.javafx.event.EventUtil.fireEvent(EventUtil.java:54)
	at javafx.base@21.0.6/javafx.event.Event.fireEvent(Event.java:198)
	at javafx.graphics@21.0.6/javafx.scene.Scene$MouseHandler.process(Scene.java:3984)
	at javafx.graphics@21.0.6/javafx.scene.Scene.processMouseEvent(Scene.java:1890)
	at javafx.graphics@21.0.6/javafx.scene.Scene$ScenePeerListener.mouseEvent(Scene.java:2708)
	at javafx.graphics@21.0.6/com.sun.javafx.tk.quantum.GlassViewEventHandler$MouseEventNotification.run(GlassViewEventHandler.java:411)
	at javafx.graphics@21.0.6/com.sun.javafx.tk.quantum.GlassViewEventHandler$MouseEventNotification.run(GlassViewEventHandler.java:301)
	at java.base/java.security.AccessController.doPrivileged(AccessController.java:138)
	at javafx.graphics@21.0.6/com.sun.javafx.tk.quantum.GlassViewEventHandler.lambda$handleMouseEvent$2(GlassViewEventHandler.java:450)
	at javafx.graphics@21.0.6/com.sun.javafx.tk.quantum.QuantumToolkit.runWithoutRenderLock(QuantumToolkit.java:424)
	at javafx.graphics@21.0.6/com.sun.javafx.tk.quantum.GlassViewEventHandler.handleMouseEvent(GlassViewEventHandler.java:449)
	at javafx.graphics@21.0.6/com.sun.glass.ui.View.handleMouseEvent(View.java:551)
	at javafx.graphics@21.0.6/com.sun.glass.ui.View.notifyMouse(View.java:937)
	at javafx.graphics@21.0.6/com.sun.glass.ui.win.WinApplication._runLoop(Native Method)
	at javafx.graphics@21.0.6/com.sun.glass.ui.win.WinApplication.lambda$runLoop$3(WinApplication.java:185)
	at java.base/java.lang.Thread.run(Thread.java:1474)
Caused by: jakarta.json.stream.JsonParsingException: Invalid token=SQUARECLOSE at (line no=52, column no=1, offset=1151). Expected tokens are: [COMMA]
	at org.eclipse.parsson@1.1.0/org.eclipse.parsson.JsonParserImpl.parsingException(JsonParserImpl.java:464)
	at org.eclipse.parsson@1.1.0/org.eclipse.parsson.JsonParserImpl.access$1100(JsonParserImpl.java:56)
	at org.eclipse.parsson@1.1.0/org.eclipse.parsson.JsonParserImpl$ObjectContext.getNextEvent(JsonParserImpl.java:518)
	at org.eclipse.parsson@1.1.0/org.eclipse.parsson.JsonParserImpl.next(JsonParserImpl.java:382)
	at org.eclipse.yasson@3.0.3/org.eclipse.yasson.internal.deserializer.ObjectDeserializer.deserialize(ObjectDeserializer.java:63)
	at org.eclipse.yasson@3.0.3/org.eclipse.yasson.internal.deserializer.ObjectDeserializer.deserialize(ObjectDeserializer.java:31)
	at org.eclipse.yasson@3.0.3/org.eclipse.yasson.internal.deserializer.DefaultObjectInstanceCreator.deserialize(DefaultObjectInstanceCreator.java:57)
	at org.eclipse.yasson@3.0.3/org.eclipse.yasson.internal.deserializer.DefaultObjectInstanceCreator.deserialize(DefaultObjectInstanceCreator.java:29)
	at org.eclipse.yasson@3.0.3/org.eclipse.yasson.internal.deserializer.PositionChecker.deserialize(PositionChecker.java:85)
	at org.eclipse.yasson@3.0.3/org.eclipse.yasson.internal.deserializer.PositionChecker.deserialize(PositionChecker.java:34)
	at org.eclipse.yasson@3.0.3/org.eclipse.yasson.internal.deserializer.NullCheckDeserializer.deserialize(NullCheckDeserializer.java:46)
	at org.eclipse.yasson@3.0.3/org.eclipse.yasson.internal.deserializer.NullCheckDeserializer.deserialize(NullCheckDeserializer.java:26)
	at org.eclipse.yasson@3.0.3/org.eclipse.yasson.internal.deserializer.ContextSwitcher.deserialize(ContextSwitcher.java:36)
	at org.eclipse.yasson@3.0.3/org.eclipse.yasson.internal.deserializer.ContextSwitcher.deserialize(ContextSwitcher.java:22)
	at org.eclipse.yasson@3.0.3/org.eclipse.yasson.internal.deserializer.ArrayDeserializer.deserialize(ArrayDeserializer.java:49)
	at org.eclipse.yasson@3.0.3/org.eclipse.yasson.internal.deserializer.ArrayDeserializer.deserialize(ArrayDeserializer.java:26)
	at org.eclipse.yasson@3.0.3/org.eclipse.yasson.internal.deserializer.ArrayInstanceCreator.deserialize(ArrayInstanceCreator.java:68)
	at org.eclipse.yasson@3.0.3/org.eclipse.yasson.internal.deserializer.ArrayInstanceCreator$ObjectArrayCreator.deserialize(ArrayInstanceCreator.java:226)
	at org.eclipse.yasson@3.0.3/org.eclipse.yasson.internal.deserializer.PositionChecker.deserialize(PositionChecker.java:85)
	at org.eclipse.yasson@3.0.3/org.eclipse.yasson.internal.deserializer.PositionChecker.deserialize(PositionChecker.java:34)
	at org.eclipse.yasson@3.0.3/org.eclipse.yasson.internal.deserializer.NullCheckDeserializer.deserialize(NullCheckDeserializer.java:46)
	at org.eclipse.yasson@3.0.3/org.eclipse.yasson.internal.deserializer.NullCheckDeserializer.deserialize(NullCheckDeserializer.java:26)
	at org.eclipse.yasson@3.0.3/org.eclipse.yasson.internal.DeserializationContextImpl.deserializeItem(DeserializationContextImpl.java:138)
	... 67 common frames omitted
2026-02-16 00:47:02.248 [JavaFX Application Thread] ERROR h.j.e.app.MainConsoleLauncher - Greška pri učitavanju standardnih uređaja
jakarta.json.bind.JsonbException: Internal error: Invalid token=SQUARECLOSE at (line no=52, column no=1, offset=1151). Expected tokens are: [COMMA]
	at org.eclipse.yasson@3.0.3/org.eclipse.yasson.internal.DeserializationContextImpl.deserializeItem(DeserializationContextImpl.java:142)
	at org.eclipse.yasson@3.0.3/org.eclipse.yasson.internal.DeserializationContextImpl.deserialize(DeserializationContextImpl.java:127)
	at org.eclipse.yasson@3.0.3/org.eclipse.yasson.internal.JsonBinding.deserialize(JsonBinding.java:55)
	at org.eclipse.yasson@3.0.3/org.eclipse.yasson.internal.JsonBinding.fromJson(JsonBinding.java:62)
	at hr.javafx.energycms/hr.javafx.energycms.repository.JsonRepository.loadStandardDevices(JsonRepository.java:39)
	at hr.javafx.energycms/hr.javafx.energycms.controllers.MeasurementsController.loadData(MeasurementsController.java:67)
	at hr.javafx.energycms/hr.javafx.energycms.controllers.MeasurementsController.initialize(MeasurementsController.java:60)
	at java.base/jdk.internal.reflect.DirectMethodHandleAccessor.invoke(DirectMethodHandleAccessor.java:104)
	at java.base/java.lang.reflect.Method.invoke(Method.java:565)
	at com.sun.javafx.reflect.Trampoline.invoke(MethodUtil.java:72)
	at java.base/jdk.internal.reflect.DirectMethodHandleAccessor.invoke(DirectMethodHandleAccessor.java:104)
	at java.base/java.lang.reflect.Method.invoke(Method.java:565)
	at javafx.base@21.0.6/com.sun.javafx.reflect.MethodUtil.invoke(MethodUtil.java:270)
	at javafx.fxml@21.0.6/com.sun.javafx.fxml.MethodHelper.invoke(MethodHelper.java:84)
	at javafx.fxml@21.0.6/javafx.fxml.FXMLLoader.loadImpl(FXMLLoader.java:2688)
	at javafx.fxml@21.0.6/javafx.fxml.FXMLLoader.loadImpl(FXMLLoader.java:2563)
	at javafx.fxml@21.0.6/javafx.fxml.FXMLLoader.load(FXMLLoader.java:2531)
	at hr.javafx.energycms/hr.javafx.energycms.controllers.MenuController.showMeasurementsList(MenuController.java:19)
	at java.base/jdk.internal.reflect.DirectMethodHandleAccessor.invoke(DirectMethodHandleAccessor.java:104)
	at java.base/java.lang.reflect.Method.invoke(Method.java:565)
	at com.sun.javafx.reflect.Trampoline.invoke(MethodUtil.java:72)
	at java.base/jdk.internal.reflect.DirectMethodHandleAccessor.invoke(DirectMethodHandleAccessor.java:104)
	at java.base/java.lang.reflect.Method.invoke(Method.java:565)
	at javafx.base@21.0.6/com.sun.javafx.reflect.MethodUtil.invoke(MethodUtil.java:270)
	at javafx.fxml@21.0.6/com.sun.javafx.fxml.MethodHelper.invoke(MethodHelper.java:84)
	at javafx.fxml@21.0.6/javafx.fxml.FXMLLoader$MethodHandler.invoke(FXMLLoader.java:1855)
	at javafx.fxml@21.0.6/javafx.fxml.FXMLLoader$ControllerMethodEventHandler.handle(FXMLLoader.java:1726)
	at javafx.base@21.0.6/com.sun.javafx.event.CompositeEventHandler.dispatchBubblingEvent(CompositeEventHandler.java:86)
	at javafx.base@21.0.6/com.sun.javafx.event.EventHandlerManager.dispatchBubblingEvent(EventHandlerManager.java:232)
	at javafx.base@21.0.6/com.sun.javafx.event.EventHandlerManager.dispatchBubblingEvent(EventHandlerManager.java:189)
	at javafx.base@21.0.6/com.sun.javafx.event.BasicEventDispatcher.dispatchEvent(BasicEventDispatcher.java:58)
	at javafx.base@21.0.6/com.sun.javafx.event.EventDispatchChainImpl.dispatchEvent(EventDispatchChainImpl.java:114)
	at javafx.base@21.0.6/com.sun.javafx.event.EventUtil.fireEventImpl(EventUtil.java:74)
	at javafx.base@21.0.6/com.sun.javafx.event.EventUtil.fireEvent(EventUtil.java:49)
	at javafx.base@21.0.6/javafx.event.Event.fireEvent(Event.java:198)
	at javafx.controls@21.0.6/javafx.scene.control.MenuItem.fire(MenuItem.java:459)
	at javafx.controls@21.0.6/com.sun.javafx.scene.control.ContextMenuContent$MenuItemContainer.doSelect(ContextMenuContent.java:1415)
	at javafx.controls@21.0.6/com.sun.javafx.scene.control.ContextMenuContent$MenuItemContainer.lambda$createChildren$12(ContextMenuContent.java:1368)
	at javafx.base@21.0.6/com.sun.javafx.event.CompositeEventHandler$NormalEventHandlerRecord.handleBubblingEvent(CompositeEventHandler.java:247)
	at javafx.base@21.0.6/com.sun.javafx.event.CompositeEventHandler.dispatchBubblingEvent(CompositeEventHandler.java:80)
	at javafx.base@21.0.6/com.sun.javafx.event.EventHandlerManager.dispatchBubblingEvent(EventHandlerManager.java:232)
	at javafx.base@21.0.6/com.sun.javafx.event.EventHandlerManager.dispatchBubblingEvent(EventHandlerManager.java:189)
	at javafx.base@21.0.6/com.sun.javafx.event.CompositeEventDispatcher.dispatchBubblingEvent(CompositeEventDispatcher.java:59)
	at javafx.base@21.0.6/com.sun.javafx.event.BasicEventDispatcher.dispatchEvent(BasicEventDispatcher.java:58)
	at javafx.base@21.0.6/com.sun.javafx.event.EventDispatchChainImpl.dispatchEvent(EventDispatchChainImpl.java:114)
	at javafx.base@21.0.6/com.sun.javafx.event.BasicEventDispatcher.dispatchEvent(BasicEventDispatcher.java:56)
	at javafx.base@21.0.6/com.sun.javafx.event.EventDispatchChainImpl.dispatchEvent(EventDispatchChainImpl.java:114)
	at javafx.base@21.0.6/com.sun.javafx.event.BasicEventDispatcher.dispatchEvent(BasicEventDispatcher.java:56)
	at javafx.base@21.0.6/com.sun.javafx.event.EventDispatchChainImpl.dispatchEvent(EventDispatchChainImpl.java:114)
	at javafx.base@21.0.6/com.sun.javafx.event.BasicEventDispatcher.dispatchEvent(BasicEventDispatcher.java:56)
	at javafx.base@21.0.6/com.sun.javafx.event.EventDispatchChainImpl.dispatchEvent(EventDispatchChainImpl.java:114)
	at javafx.base@21.0.6/com.sun.javafx.event.EventUtil.fireEventImpl(EventUtil.java:74)
	at javafx.base@21.0.6/com.sun.javafx.event.EventUtil.fireEvent(EventUtil.java:54)
	at javafx.base@21.0.6/javafx.event.Event.fireEvent(Event.java:198)
	at javafx.graphics@21.0.6/javafx.scene.Scene$MouseHandler.process(Scene.java:3984)
	at javafx.graphics@21.0.6/javafx.scene.Scene.processMouseEvent(Scene.java:1890)
	at javafx.graphics@21.0.6/javafx.scene.Scene$ScenePeerListener.mouseEvent(Scene.java:2708)
	at javafx.graphics@21.0.6/com.sun.javafx.tk.quantum.GlassViewEventHandler$MouseEventNotification.run(GlassViewEventHandler.java:411)
	at javafx.graphics@21.0.6/com.sun.javafx.tk.quantum.GlassViewEventHandler$MouseEventNotification.run(GlassViewEventHandler.java:301)
	at java.base/java.security.AccessController.doPrivileged(AccessController.java:138)
	at javafx.graphics@21.0.6/com.sun.javafx.tk.quantum.GlassViewEventHandler.lambda$handleMouseEvent$2(GlassViewEventHandler.java:450)
	at javafx.graphics@21.0.6/com.sun.javafx.tk.quantum.QuantumToolkit.runWithoutRenderLock(QuantumToolkit.java:424)
	at javafx.graphics@21.0.6/com.sun.javafx.tk.quantum.GlassViewEventHandler.handleMouseEvent(GlassViewEventHandler.java:449)
	at javafx.graphics@21.0.6/com.sun.glass.ui.View.handleMouseEvent(View.java:551)
	at javafx.graphics@21.0.6/com.sun.glass.ui.View.notifyMouse(View.java:937)
	at javafx.graphics@21.0.6/com.sun.glass.ui.win.WinApplication._runLoop(Native Method)
	at javafx.graphics@21.0.6/com.sun.glass.ui.win.WinApplication.lambda$runLoop$3(WinApplication.java:185)
	at java.base/java.lang.Thread.run(Thread.java:1474)
Caused by: jakarta.json.stream.JsonParsingException: Invalid token=SQUARECLOSE at (line no=52, column no=1, offset=1151). Expected tokens are: [COMMA]
	at org.eclipse.parsson@1.1.0/org.eclipse.parsson.JsonParserImpl.parsingException(JsonParserImpl.java:464)
	at org.eclipse.parsson@1.1.0/org.eclipse.parsson.JsonParserImpl.access$1100(JsonParserImpl.java:56)
	at org.eclipse.parsson@1.1.0/org.eclipse.parsson.JsonParserImpl$ObjectContext.getNextEvent(JsonParserImpl.java:518)
	at org.eclipse.parsson@1.1.0/org.eclipse.parsson.JsonParserImpl.next(JsonParserImpl.java:382)
	at org.eclipse.yasson@3.0.3/org.eclipse.yasson.internal.deserializer.ObjectDeserializer.deserialize(ObjectDeserializer.java:63)
	at org.eclipse.yasson@3.0.3/org.eclipse.yasson.internal.deserializer.ObjectDeserializer.deserialize(ObjectDeserializer.java:31)
	at org.eclipse.yasson@3.0.3/org.eclipse.yasson.internal.deserializer.DefaultObjectInstanceCreator.deserialize(DefaultObjectInstanceCreator.java:57)
	at org.eclipse.yasson@3.0.3/org.eclipse.yasson.internal.deserializer.DefaultObjectInstanceCreator.deserialize(DefaultObjectInstanceCreator.java:29)
	at org.eclipse.yasson@3.0.3/org.eclipse.yasson.internal.deserializer.PositionChecker.deserialize(PositionChecker.java:85)
	at org.eclipse.yasson@3.0.3/org.eclipse.yasson.internal.deserializer.PositionChecker.deserialize(PositionChecker.java:34)
	at org.eclipse.yasson@3.0.3/org.eclipse.yasson.internal.deserializer.NullCheckDeserializer.deserialize(NullCheckDeserializer.java:46)
	at org.eclipse.yasson@3.0.3/org.eclipse.yasson.internal.deserializer.NullCheckDeserializer.deserialize(NullCheckDeserializer.java:26)
	at org.eclipse.yasson@3.0.3/org.eclipse.yasson.internal.deserializer.ContextSwitcher.deserialize(ContextSwitcher.java:36)
	at org.eclipse.yasson@3.0.3/org.eclipse.yasson.internal.deserializer.ContextSwitcher.deserialize(ContextSwitcher.java:22)
	at org.eclipse.yasson@3.0.3/org.eclipse.yasson.internal.deserializer.ArrayDeserializer.deserialize(ArrayDeserializer.java:49)
	at org.eclipse.yasson@3.0.3/org.eclipse.yasson.internal.deserializer.ArrayDeserializer.deserialize(ArrayDeserializer.java:26)
	at org.eclipse.yasson@3.0.3/org.eclipse.yasson.internal.deserializer.ArrayInstanceCreator.deserialize(ArrayInstanceCreator.java:68)
	at org.eclipse.yasson@3.0.3/org.eclipse.yasson.internal.deserializer.ArrayInstanceCreator$ObjectArrayCreator.deserialize(ArrayInstanceCreator.java:226)
	at org.eclipse.yasson@3.0.3/org.eclipse.yasson.internal.deserializer.PositionChecker.deserialize(PositionChecker.java:85)
	at org.eclipse.yasson@3.0.3/org.eclipse.yasson.internal.deserializer.PositionChecker.deserialize(PositionChecker.java:34)
	at org.eclipse.yasson@3.0.3/org.eclipse.yasson.internal.deserializer.NullCheckDeserializer.deserialize(NullCheckDeserializer.java:46)
	at org.eclipse.yasson@3.0.3/org.eclipse.yasson.internal.deserializer.NullCheckDeserializer.deserialize(NullCheckDeserializer.java:26)
	at org.eclipse.yasson@3.0.3/org.eclipse.yasson.internal.DeserializationContextImpl.deserializeItem(DeserializationContextImpl.java:138)
	... 67 common frames omitted
2026-02-16 00:47:58.340 [JavaFX Application Thread] ERROR h.j.e.app.MainConsoleLauncher - Greška pri učitavanju standardnih uređaja
jakarta.json.bind.JsonbException: Internal error: Invalid token=SQUARECLOSE at (line no=52, column no=1, offset=1151). Expected tokens are: [COMMA]
	at org.eclipse.yasson@3.0.3/org.eclipse.yasson.internal.DeserializationContextImpl.deserializeItem(DeserializationContextImpl.java:142)
	at org.eclipse.yasson@3.0.3/org.eclipse.yasson.internal.DeserializationContextImpl.deserialize(DeserializationContextImpl.java:127)
	at org.eclipse.yasson@3.0.3/org.eclipse.yasson.internal.JsonBinding.deserialize(JsonBinding.java:55)
	at org.eclipse.yasson@3.0.3/org.eclipse.yasson.internal.JsonBinding.fromJson(JsonBinding.java:62)
	at hr.javafx.energycms/hr.javafx.energycms.repository.JsonRepository.loadStandardDevices(JsonRepository.java:39)
	at hr.javafx.energycms/hr.javafx.energycms.controllers.MeasurementsController.loadData(MeasurementsController.java:67)
	at hr.javafx.energycms/hr.javafx.energycms.controllers.MeasurementsController.initialize(MeasurementsController.java:41)
	at java.base/jdk.internal.reflect.DirectMethodHandleAccessor.invoke(DirectMethodHandleAccessor.java:104)
	at java.base/java.lang.reflect.Method.invoke(Method.java:565)
	at com.sun.javafx.reflect.Trampoline.invoke(MethodUtil.java:72)
	at java.base/jdk.internal.reflect.DirectMethodHandleAccessor.invoke(DirectMethodHandleAccessor.java:104)
	at java.base/java.lang.reflect.Method.invoke(Method.java:565)
	at javafx.base@21.0.6/com.sun.javafx.reflect.MethodUtil.invoke(MethodUtil.java:270)
	at javafx.fxml@21.0.6/com.sun.javafx.fxml.MethodHelper.invoke(MethodHelper.java:84)
	at javafx.fxml@21.0.6/javafx.fxml.FXMLLoader.loadImpl(FXMLLoader.java:2688)
	at javafx.fxml@21.0.6/javafx.fxml.FXMLLoader.loadImpl(FXMLLoader.java:2563)
	at javafx.fxml@21.0.6/javafx.fxml.FXMLLoader.load(FXMLLoader.java:2531)
	at hr.javafx.energycms/hr.javafx.energycms.controllers.MenuController.showMeasurementsList(MenuController.java:19)
	at java.base/jdk.internal.reflect.DirectMethodHandleAccessor.invoke(DirectMethodHandleAccessor.java:104)
	at java.base/java.lang.reflect.Method.invoke(Method.java:565)
	at com.sun.javafx.reflect.Trampoline.invoke(MethodUtil.java:72)
	at java.base/jdk.internal.reflect.DirectMethodHandleAccessor.invoke(DirectMethodHandleAccessor.java:104)
	at java.base/java.lang.reflect.Method.invoke(Method.java:565)
	at javafx.base@21.0.6/com.sun.javafx.reflect.MethodUtil.invoke(MethodUtil.java:270)
	at javafx.fxml@21.0.6/com.sun.javafx.fxml.MethodHelper.invoke(MethodHelper.java:84)
	at javafx.fxml@21.0.6/javafx.fxml.FXMLLoader$MethodHandler.invoke(FXMLLoader.java:1855)
	at javafx.fxml@21.0.6/javafx.fxml.FXMLLoader$ControllerMethodEventHandler.handle(FXMLLoader.java:1726)
	at javafx.base@21.0.6/com.sun.javafx.event.CompositeEventHandler.dispatchBubblingEvent(CompositeEventHandler.java:86)
	at javafx.base@21.0.6/com.sun.javafx.event.EventHandlerManager.dispatchBubblingEvent(EventHandlerManager.java:232)
	at javafx.base@21.0.6/com.sun.javafx.event.EventHandlerManager.dispatchBubblingEvent(EventHandlerManager.java:189)
	at javafx.base@21.0.6/com.sun.javafx.event.BasicEventDispatcher.dispatchEvent(BasicEventDispatcher.java:58)
	at javafx.base@21.0.6/com.sun.javafx.event.EventDispatchChainImpl.dispatchEvent(EventDispatchChainImpl.java:114)
	at javafx.base@21.0.6/com.sun.javafx.event.EventUtil.fireEventImpl(EventUtil.java:74)
	at javafx.base@21.0.6/com.sun.javafx.event.EventUtil.fireEvent(EventUtil.java:49)
	at javafx.base@21.0.6/javafx.event.Event.fireEvent(Event.java:198)
	at javafx.controls@21.0.6/javafx.scene.control.MenuItem.fire(MenuItem.java:459)
	at javafx.controls@21.0.6/com.sun.javafx.scene.control.ContextMenuContent$MenuItemContainer.doSelect(ContextMenuContent.java:1415)
	at javafx.controls@21.0.6/com.sun.javafx.scene.control.ContextMenuContent$MenuItemContainer.lambda$createChildren$12(ContextMenuContent.java:1368)
	at javafx.base@21.0.6/com.sun.javafx.event.CompositeEventHandler$NormalEventHandlerRecord.handleBubblingEvent(CompositeEventHandler.java:247)
	at javafx.base@21.0.6/com.sun.javafx.event.CompositeEventHandler.dispatchBubblingEvent(CompositeEventHandler.java:80)
	at javafx.base@21.0.6/com.sun.javafx.event.EventHandlerManager.dispatchBubblingEvent(EventHandlerManager.java:232)
	at javafx.base@21.0.6/com.sun.javafx.event.EventHandlerManager.dispatchBubblingEvent(EventHandlerManager.java:189)
	at javafx.base@21.0.6/com.sun.javafx.event.CompositeEventDispatcher.dispatchBubblingEvent(CompositeEventDispatcher.java:59)
	at javafx.base@21.0.6/com.sun.javafx.event.BasicEventDispatcher.dispatchEvent(BasicEventDispatcher.java:58)
	at javafx.base@21.0.6/com.sun.javafx.event.EventDispatchChainImpl.dispatchEvent(EventDispatchChainImpl.java:114)
	at javafx.base@21.0.6/com.sun.javafx.event.BasicEventDispatcher.dispatchEvent(BasicEventDispatcher.java:56)
	at javafx.base@21.0.6/com.sun.javafx.event.EventDispatchChainImpl.dispatchEvent(EventDispatchChainImpl.java:114)
	at javafx.base@21.0.6/com.sun.javafx.event.BasicEventDispatcher.dispatchEvent(BasicEventDispatcher.java:56)
	at javafx.base@21.0.6/com.sun.javafx.event.EventDispatchChainImpl.dispatchEvent(EventDispatchChainImpl.java:114)
	at javafx.base@21.0.6/com.sun.javafx.event.BasicEventDispatcher.dispatchEvent(BasicEventDispatcher.java:56)
	at javafx.base@21.0.6/com.sun.javafx.event.EventDispatchChainImpl.dispatchEvent(EventDispatchChainImpl.java:114)
	at javafx.base@21.0.6/com.sun.javafx.event.EventUtil.fireEventImpl(EventUtil.java:74)
	at javafx.base@21.0.6/com.sun.javafx.event.EventUtil.fireEvent(EventUtil.java:54)
	at javafx.base@21.0.6/javafx.event.Event.fireEvent(Event.java:198)
	at javafx.graphics@21.0.6/javafx.scene.Scene$MouseHandler.process(Scene.java:3984)
	at javafx.graphics@21.0.6/javafx.scene.Scene.processMouseEvent(Scene.java:1890)
	at javafx.graphics@21.0.6/javafx.scene.Scene$ScenePeerListener.mouseEvent(Scene.java:2708)
	at javafx.graphics@21.0.6/com.sun.javafx.tk.quantum.GlassViewEventHandler$MouseEventNotification.run(GlassViewEventHandler.java:411)
	at javafx.graphics@21.0.6/com.sun.javafx.tk.quantum.GlassViewEventHandler$MouseEventNotification.run(GlassViewEventHandler.java:301)
	at java.base/java.security.AccessController.doPrivileged(AccessController.java:138)
	at javafx.graphics@21.0.6/com.sun.javafx.tk.quantum.GlassViewEventHandler.lambda$handleMouseEvent$2(GlassViewEventHandler.java:450)
	at javafx.graphics@21.0.6/com.sun.javafx.tk.quantum.QuantumToolkit.runWithoutRenderLock(QuantumToolkit.java:424)
	at javafx.graphics@21.0.6/com.sun.javafx.tk.quantum.GlassViewEventHandler.handleMouseEvent(GlassViewEventHandler.java:449)
	at javafx.graphics@21.0.6/com.sun.glass.ui.View.handleMouseEvent(View.java:551)
	at javafx.graphics@21.0.6/com.sun.glass.ui.View.notifyMouse(View.java:937)
	at javafx.graphics@21.0.6/com.sun.glass.ui.win.WinApplication._runLoop(Native Method)
	at javafx.graphics@21.0.6/com.sun.glass.ui.win.WinApplication.lambda$runLoop$3(WinApplication.java:185)
	at java.base/java.lang.Thread.run(Thread.java:1474)
Caused by: jakarta.json.stream.JsonParsingException: Invalid token=SQUARECLOSE at (line no=52, column no=1, offset=1151). Expected tokens are: [COMMA]
	at org.eclipse.parsson@1.1.0/org.eclipse.parsson.JsonParserImpl.parsingException(JsonParserImpl.java:464)
	at org.eclipse.parsson@1.1.0/org.eclipse.parsson.JsonParserImpl.access$1100(JsonParserImpl.java:56)
	at org.eclipse.parsson@1.1.0/org.eclipse.parsson.JsonParserImpl$ObjectContext.getNextEvent(JsonParserImpl.java:518)
	at org.eclipse.parsson@1.1.0/org.eclipse.parsson.JsonParserImpl.next(JsonParserImpl.java:382)
	at org.eclipse.yasson@3.0.3/org.eclipse.yasson.internal.deserializer.ObjectDeserializer.deserialize(ObjectDeserializer.java:63)
	at org.eclipse.yasson@3.0.3/org.eclipse.yasson.internal.deserializer.ObjectDeserializer.deserialize(ObjectDeserializer.java:31)
	at org.eclipse.yasson@3.0.3/org.eclipse.yasson.internal.deserializer.DefaultObjectInstanceCreator.deserialize(DefaultObjectInstanceCreator.java:57)
	at org.eclipse.yasson@3.0.3/org.eclipse.yasson.internal.deserializer.DefaultObjectInstanceCreator.deserialize(DefaultObjectInstanceCreator.java:29)
	at org.eclipse.yasson@3.0.3/org.eclipse.yasson.internal.deserializer.PositionChecker.deserialize(PositionChecker.java:85)
	at org.eclipse.yasson@3.0.3/org.eclipse.yasson.internal.deserializer.PositionChecker.deserialize(PositionChecker.java:34)
	at org.eclipse.yasson@3.0.3/org.eclipse.yasson.internal.deserializer.NullCheckDeserializer.deserialize(NullCheckDeserializer.java:46)
	at org.eclipse.yasson@3.0.3/org.eclipse.yasson.internal.deserializer.NullCheckDeserializer.deserialize(NullCheckDeserializer.java:26)
	at org.eclipse.yasson@3.0.3/org.eclipse.yasson.internal.deserializer.ContextSwitcher.deserialize(ContextSwitcher.java:36)
	at org.eclipse.yasson@3.0.3/org.eclipse.yasson.internal.deserializer.ContextSwitcher.deserialize(ContextSwitcher.java:22)
	at org.eclipse.yasson@3.0.3/org.eclipse.yasson.internal.deserializer.ArrayDeserializer.deserialize(ArrayDeserializer.java:49)
	at org.eclipse.yasson@3.0.3/org.eclipse.yasson.internal.deserializer.ArrayDeserializer.deserialize(ArrayDeserializer.java:26)
	at org.eclipse.yasson@3.0.3/org.eclipse.yasson.internal.deserializer.ArrayInstanceCreator.deserialize(ArrayInstanceCreator.java:68)
	at org.eclipse.yasson@3.0.3/org.eclipse.yasson.internal.deserializer.ArrayInstanceCreator$ObjectArrayCreator.deserialize(ArrayInstanceCreator.java:226)
	at org.eclipse.yasson@3.0.3/org.eclipse.yasson.internal.deserializer.PositionChecker.deserialize(PositionChecker.java:85)
	at org.eclipse.yasson@3.0.3/org.eclipse.yasson.internal.deserializer.PositionChecker.deserialize(PositionChecker.java:34)
	at org.eclipse.yasson@3.0.3/org.eclipse.yasson.internal.deserializer.NullCheckDeserializer.deserialize(NullCheckDeserializer.java:46)
	at org.eclipse.yasson@3.0.3/org.eclipse.yasson.internal.deserializer.NullCheckDeserializer.deserialize(NullCheckDeserializer.java:26)
	at org.eclipse.yasson@3.0.3/org.eclipse.yasson.internal.DeserializationContextImpl.deserializeItem(DeserializationContextImpl.java:138)
	... 67 common frames omitted
2026-02-16 00:47:58.368 [JavaFX Application Thread] ERROR h.j.e.app.MainConsoleLauncher - Greška pri učitavanju standardnih uređaja
jakarta.json.bind.JsonbException: Internal error: Invalid token=SQUARECLOSE at (line no=52, column no=1, offset=1151). Expected tokens are: [COMMA]
	at org.eclipse.yasson@3.0.3/org.eclipse.yasson.internal.DeserializationContextImpl.deserializeItem(DeserializationContextImpl.java:142)
	at org.eclipse.yasson@3.0.3/org.eclipse.yasson.internal.DeserializationContextImpl.deserialize(DeserializationContextImpl.java:127)
	at org.eclipse.yasson@3.0.3/org.eclipse.yasson.internal.JsonBinding.deserialize(JsonBinding.java:55)
	at org.eclipse.yasson@3.0.3/org.eclipse.yasson.internal.JsonBinding.fromJson(JsonBinding.java:62)
	at hr.javafx.energycms/hr.javafx.energycms.repository.JsonRepository.loadStandardDevices(JsonRepository.java:39)
	at hr.javafx.energycms/hr.javafx.energycms.controllers.MeasurementsController.loadData(MeasurementsController.java:67)
	at hr.javafx.energycms/hr.javafx.energycms.controllers.MeasurementsController.initialize(MeasurementsController.java:60)
	at java.base/jdk.internal.reflect.DirectMethodHandleAccessor.invoke(DirectMethodHandleAccessor.java:104)
	at java.base/java.lang.reflect.Method.invoke(Method.java:565)
	at com.sun.javafx.reflect.Trampoline.invoke(MethodUtil.java:72)
	at java.base/jdk.internal.reflect.DirectMethodHandleAccessor.invoke(DirectMethodHandleAccessor.java:104)
	at java.base/java.lang.reflect.Method.invoke(Method.java:565)
	at javafx.base@21.0.6/com.sun.javafx.reflect.MethodUtil.invoke(MethodUtil.java:270)
	at javafx.fxml@21.0.6/com.sun.javafx.fxml.MethodHelper.invoke(MethodHelper.java:84)
	at javafx.fxml@21.0.6/javafx.fxml.FXMLLoader.loadImpl(FXMLLoader.java:2688)
	at javafx.fxml@21.0.6/javafx.fxml.FXMLLoader.loadImpl(FXMLLoader.java:2563)
	at javafx.fxml@21.0.6/javafx.fxml.FXMLLoader.load(FXMLLoader.java:2531)
	at hr.javafx.energycms/hr.javafx.energycms.controllers.MenuController.showMeasurementsList(MenuController.java:19)
	at java.base/jdk.internal.reflect.DirectMethodHandleAccessor.invoke(DirectMethodHandleAccessor.java:104)
	at java.base/java.lang.reflect.Method.invoke(Method.java:565)
	at com.sun.javafx.reflect.Trampoline.invoke(MethodUtil.java:72)
	at java.base/jdk.internal.reflect.DirectMethodHandleAccessor.invoke(DirectMethodHandleAccessor.java:104)
	at java.base/java.lang.reflect.Method.invoke(Method.java:565)
	at javafx.base@21.0.6/com.sun.javafx.reflect.MethodUtil.invoke(MethodUtil.java:270)
	at javafx.fxml@21.0.6/com.sun.javafx.fxml.MethodHelper.invoke(MethodHelper.java:84)
	at javafx.fxml@21.0.6/javafx.fxml.FXMLLoader$MethodHandler.invoke(FXMLLoader.java:1855)
	at javafx.fxml@21.0.6/javafx.fxml.FXMLLoader$ControllerMethodEventHandler.handle(FXMLLoader.java:1726)
	at javafx.base@21.0.6/com.sun.javafx.event.CompositeEventHandler.dispatchBubblingEvent(CompositeEventHandler.java:86)
	at javafx.base@21.0.6/com.sun.javafx.event.EventHandlerManager.dispatchBubblingEvent(EventHandlerManager.java:232)
	at javafx.base@21.0.6/com.sun.javafx.event.EventHandlerManager.dispatchBubblingEvent(EventHandlerManager.java:189)
	at javafx.base@21.0.6/com.sun.javafx.event.BasicEventDispatcher.dispatchEvent(BasicEventDispatcher.java:58)
	at javafx.base@21.0.6/com.sun.javafx.event.EventDispatchChainImpl.dispatchEvent(EventDispatchChainImpl.java:114)
	at javafx.base@21.0.6/com.sun.javafx.event.EventUtil.fireEventImpl(EventUtil.java:74)
	at javafx.base@21.0.6/com.sun.javafx.event.EventUtil.fireEvent(EventUtil.java:49)
	at javafx.base@21.0.6/javafx.event.Event.fireEvent(Event.java:198)
	at javafx.controls@21.0.6/javafx.scene.control.MenuItem.fire(MenuItem.java:459)
	at javafx.controls@21.0.6/com.sun.javafx.scene.control.ContextMenuContent$MenuItemContainer.doSelect(ContextMenuContent.java:1415)
	at javafx.controls@21.0.6/com.sun.javafx.scene.control.ContextMenuContent$MenuItemContainer.lambda$createChildren$12(ContextMenuContent.java:1368)
	at javafx.base@21.0.6/com.sun.javafx.event.CompositeEventHandler$NormalEventHandlerRecord.handleBubblingEvent(CompositeEventHandler.java:247)
	at javafx.base@21.0.6/com.sun.javafx.event.CompositeEventHandler.dispatchBubblingEvent(CompositeEventHandler.java:80)
	at javafx.base@21.0.6/com.sun.javafx.event.EventHandlerManager.dispatchBubblingEvent(EventHandlerManager.java:232)
	at javafx.base@21.0.6/com.sun.javafx.event.EventHandlerManager.dispatchBubblingEvent(EventHandlerManager.java:189)
	at javafx.base@21.0.6/com.sun.javafx.event.CompositeEventDispatcher.dispatchBubblingEvent(CompositeEventDispatcher.java:59)
	at javafx.base@21.0.6/com.sun.javafx.event.BasicEventDispatcher.dispatchEvent(BasicEventDispatcher.java:58)
	at javafx.base@21.0.6/com.sun.javafx.event.EventDispatchChainImpl.dispatchEvent(EventDispatchChainImpl.java:114)
	at javafx.base@21.0.6/com.sun.javafx.event.BasicEventDispatcher.dispatchEvent(BasicEventDispatcher.java:56)
	at javafx.base@21.0.6/com.sun.javafx.event.EventDispatchChainImpl.dispatchEvent(EventDispatchChainImpl.java:114)
	at javafx.base@21.0.6/com.sun.javafx.event.BasicEventDispatcher.dispatchEvent(BasicEventDispatcher.java:56)
	at javafx.base@21.0.6/com.sun.javafx.event.EventDispatchChainImpl.dispatchEvent(EventDispatchChainImpl.java:114)
	at javafx.base@21.0.6/com.sun.javafx.event.BasicEventDispatcher.dispatchEvent(BasicEventDispatcher.java:56)
	at javafx.base@21.0.6/com.sun.javafx.event.EventDispatchChainImpl.dispatchEvent(EventDispatchChainImpl.java:114)
	at javafx.base@21.0.6/com.sun.javafx.event.EventUtil.fireEventImpl(EventUtil.java:74)
	at javafx.base@21.0.6/com.sun.javafx.event.EventUtil.fireEvent(EventUtil.java:54)
	at javafx.base@21.0.6/javafx.event.Event.fireEvent(Event.java:198)
	at javafx.graphics@21.0.6/javafx.scene.Scene$MouseHandler.process(Scene.java:3984)
	at javafx.graphics@21.0.6/javafx.scene.Scene.processMouseEvent(Scene.java:1890)
	at javafx.graphics@21.0.6/javafx.scene.Scene$ScenePeerListener.mouseEvent(Scene.java:2708)
	at javafx.graphics@21.0.6/com.sun.javafx.tk.quantum.GlassViewEventHandler$MouseEventNotification.run(GlassViewEventHandler.java:411)
	at javafx.graphics@21.0.6/com.sun.javafx.tk.quantum.GlassViewEventHandler$MouseEventNotification.run(GlassViewEventHandler.java:301)
	at java.base/java.security.AccessController.doPrivileged(AccessController.java:138)
	at javafx.graphics@21.0.6/com.sun.javafx.tk.quantum.GlassViewEventHandler.lambda$handleMouseEvent$2(GlassViewEventHandler.java:450)
	at javafx.graphics@21.0.6/com.sun.javafx.tk.quantum.QuantumToolkit.runWithoutRenderLock(QuantumToolkit.java:424)
	at javafx.graphics@21.0.6/com.sun.javafx.tk.quantum.GlassViewEventHandler.handleMouseEvent(GlassViewEventHandler.java:449)
	at javafx.graphics@21.0.6/com.sun.glass.ui.View.handleMouseEvent(View.java:551)
	at javafx.graphics@21.0.6/com.sun.glass.ui.View.notifyMouse(View.java:937)
	at javafx.graphics@21.0.6/com.sun.glass.ui.win.WinApplication._runLoop(Native Method)
	at javafx.graphics@21.0.6/com.sun.glass.ui.win.WinApplication.lambda$runLoop$3(WinApplication.java:185)
	at java.base/java.lang.Thread.run(Thread.java:1474)
Caused by: jakarta.json.stream.JsonParsingException: Invalid token=SQUARECLOSE at (line no=52, column no=1, offset=1151). Expected tokens are: [COMMA]
	at org.eclipse.parsson@1.1.0/org.eclipse.parsson.JsonParserImpl.parsingException(JsonParserImpl.java:464)
	at org.eclipse.parsson@1.1.0/org.eclipse.parsson.JsonParserImpl.access$1100(JsonParserImpl.java:56)
	at org.eclipse.parsson@1.1.0/org.eclipse.parsson.JsonParserImpl$ObjectContext.getNextEvent(JsonParserImpl.java:518)
	at org.eclipse.parsson@1.1.0/org.eclipse.parsson.JsonParserImpl.next(JsonParserImpl.java:382)
	at org.eclipse.yasson@3.0.3/org.eclipse.yasson.internal.deserializer.ObjectDeserializer.deserialize(ObjectDeserializer.java:63)
	at org.eclipse.yasson@3.0.3/org.eclipse.yasson.internal.deserializer.ObjectDeserializer.deserialize(ObjectDeserializer.java:31)
	at org.eclipse.yasson@3.0.3/org.eclipse.yasson.internal.deserializer.DefaultObjectInstanceCreator.deserialize(DefaultObjectInstanceCreator.java:57)
	at org.eclipse.yasson@3.0.3/org.eclipse.yasson.internal.deserializer.DefaultObjectInstanceCreator.deserialize(DefaultObjectInstanceCreator.java:29)
	at org.eclipse.yasson@3.0.3/org.eclipse.yasson.internal.deserializer.PositionChecker.deserialize(PositionChecker.java:85)
	at org.eclipse.yasson@3.0.3/org.eclipse.yasson.internal.deserializer.PositionChecker.deserialize(PositionChecker.java:34)
	at org.eclipse.yasson@3.0.3/org.eclipse.yasson.internal.deserializer.NullCheckDeserializer.deserialize(NullCheckDeserializer.java:46)
	at org.eclipse.yasson@3.0.3/org.eclipse.yasson.internal.deserializer.NullCheckDeserializer.deserialize(NullCheckDeserializer.java:26)
	at org.eclipse.yasson@3.0.3/org.eclipse.yasson.internal.deserializer.ContextSwitcher.deserialize(ContextSwitcher.java:36)
	at org.eclipse.yasson@3.0.3/org.eclipse.yasson.internal.deserializer.ContextSwitcher.deserialize(ContextSwitcher.java:22)
	at org.eclipse.yasson@3.0.3/org.eclipse.yasson.internal.deserializer.ArrayDeserializer.deserialize(ArrayDeserializer.java:49)
	at org.eclipse.yasson@3.0.3/org.eclipse.yasson.internal.deserializer.ArrayDeserializer.deserialize(ArrayDeserializer.java:26)
	at org.eclipse.yasson@3.0.3/org.eclipse.yasson.internal.deserializer.ArrayInstanceCreator.deserialize(ArrayInstanceCreator.java:68)
	at org.eclipse.yasson@3.0.3/org.eclipse.yasson.internal.deserializer.ArrayInstanceCreator$ObjectArrayCreator.deserialize(ArrayInstanceCreator.java:226)
	at org.eclipse.yasson@3.0.3/org.eclipse.yasson.internal.deserializer.PositionChecker.deserialize(PositionChecker.java:85)
	at org.eclipse.yasson@3.0.3/org.eclipse.yasson.internal.deserializer.PositionChecker.deserialize(PositionChecker.java:34)
	at org.eclipse.yasson@3.0.3/org.eclipse.yasson.internal.deserializer.NullCheckDeserializer.deserialize(NullCheckDeserializer.java:46)
	at org.eclipse.yasson@3.0.3/org.eclipse.yasson.internal.deserializer.NullCheckDeserializer.deserialize(NullCheckDeserializer.java:26)
	at org.eclipse.yasson@3.0.3/org.eclipse.yasson.internal.DeserializationContextImpl.deserializeItem(DeserializationContextImpl.java:138)
	... 67 common frames omitted
2026-02-16 00:49:58.758 [JavaFX Application Thread] ERROR h.j.e.app.MainConsoleLauncher - Greška pri učitavanju standardnih uređaja
jakarta.json.bind.JsonbException: Internal error: Invalid token=SQUARECLOSE at (line no=52, column no=1, offset=1151). Expected tokens are: [COMMA]
	at org.eclipse.yasson@3.0.3/org.eclipse.yasson.internal.DeserializationContextImpl.deserializeItem(DeserializationContextImpl.java:142)
	at org.eclipse.yasson@3.0.3/org.eclipse.yasson.internal.DeserializationContextImpl.deserialize(DeserializationContextImpl.java:127)
	at org.eclipse.yasson@3.0.3/org.eclipse.yasson.internal.JsonBinding.deserialize(JsonBinding.java:55)
	at org.eclipse.yasson@3.0.3/org.eclipse.yasson.internal.JsonBinding.fromJson(JsonBinding.java:62)
	at hr.javafx.energycms/hr.javafx.energycms.repository.JsonRepository.loadStandardDevices(JsonRepository.java:39)
	at hr.javafx.energycms/hr.javafx.energycms.controllers.MeasurementsController.loadData(MeasurementsController.java:69)
	at hr.javafx.energycms/hr.javafx.energycms.controllers.MeasurementsController.initialize(MeasurementsController.java:43)
	at java.base/jdk.internal.reflect.DirectMethodHandleAccessor.invoke(DirectMethodHandleAccessor.java:104)
	at java.base/java.lang.reflect.Method.invoke(Method.java:565)
	at com.sun.javafx.reflect.Trampoline.invoke(MethodUtil.java:72)
	at java.base/jdk.internal.reflect.DirectMethodHandleAccessor.invoke(DirectMethodHandleAccessor.java:104)
	at java.base/java.lang.reflect.Method.invoke(Method.java:565)
	at javafx.base@21.0.6/com.sun.javafx.reflect.MethodUtil.invoke(MethodUtil.java:270)
	at javafx.fxml@21.0.6/com.sun.javafx.fxml.MethodHelper.invoke(MethodHelper.java:84)
	at javafx.fxml@21.0.6/javafx.fxml.FXMLLoader.loadImpl(FXMLLoader.java:2688)
	at javafx.fxml@21.0.6/javafx.fxml.FXMLLoader.loadImpl(FXMLLoader.java:2563)
	at javafx.fxml@21.0.6/javafx.fxml.FXMLLoader.load(FXMLLoader.java:2531)
	at hr.javafx.energycms/hr.javafx.energycms.controllers.MenuController.showMeasurementsList(MenuController.java:19)
	at java.base/jdk.internal.reflect.DirectMethodHandleAccessor.invoke(DirectMethodHandleAccessor.java:104)
	at java.base/java.lang.reflect.Method.invoke(Method.java:565)
	at com.sun.javafx.reflect.Trampoline.invoke(MethodUtil.java:72)
	at java.base/jdk.internal.reflect.DirectMethodHandleAccessor.invoke(DirectMethodHandleAccessor.java:104)
	at java.base/java.lang.reflect.Method.invoke(Method.java:565)
	at javafx.base@21.0.6/com.sun.javafx.reflect.MethodUtil.invoke(MethodUtil.java:270)
	at javafx.fxml@21.0.6/com.sun.javafx.fxml.MethodHelper.invoke(MethodHelper.java:84)
	at javafx.fxml@21.0.6/javafx.fxml.FXMLLoader$MethodHandler.invoke(FXMLLoader.java:1855)
	at javafx.fxml@21.0.6/javafx.fxml.FXMLLoader$ControllerMethodEventHandler.handle(FXMLLoader.java:1726)
	at javafx.base@21.0.6/com.sun.javafx.event.CompositeEventHandler.dispatchBubblingEvent(CompositeEventHandler.java:86)
	at javafx.base@21.0.6/com.sun.javafx.event.EventHandlerManager.dispatchBubblingEvent(EventHandlerManager.java:232)
	at javafx.base@21.0.6/com.sun.javafx.event.EventHandlerManager.dispatchBubblingEvent(EventHandlerManager.java:189)
	at javafx.base@21.0.6/com.sun.javafx.event.BasicEventDispatcher.dispatchEvent(BasicEventDispatcher.java:58)
	at javafx.base@21.0.6/com.sun.javafx.event.EventDispatchChainImpl.dispatchEvent(EventDispatchChainImpl.java:114)
	at javafx.base@21.0.6/com.sun.javafx.event.EventUtil.fireEventImpl(EventUtil.java:74)
	at javafx.base@21.0.6/com.sun.javafx.event.EventUtil.fireEvent(EventUtil.java:49)
	at javafx.base@21.0.6/javafx.event.Event.fireEvent(Event.java:198)
	at javafx.controls@21.0.6/javafx.scene.control.MenuItem.fire(MenuItem.java:459)
	at javafx.controls@21.0.6/com.sun.javafx.scene.control.ContextMenuContent$MenuItemContainer.doSelect(ContextMenuContent.java:1415)
	at javafx.controls@21.0.6/com.sun.javafx.scene.control.ContextMenuContent$MenuItemContainer.lambda$createChildren$12(ContextMenuContent.java:1368)
	at javafx.base@21.0.6/com.sun.javafx.event.CompositeEventHandler$NormalEventHandlerRecord.handleBubblingEvent(CompositeEventHandler.java:247)
	at javafx.base@21.0.6/com.sun.javafx.event.CompositeEventHandler.dispatchBubblingEvent(CompositeEventHandler.java:80)
	at javafx.base@21.0.6/com.sun.javafx.event.EventHandlerManager.dispatchBubblingEvent(EventHandlerManager.java:232)
	at javafx.base@21.0.6/com.sun.javafx.event.EventHandlerManager.dispatchBubblingEvent(EventHandlerManager.java:189)
	at javafx.base@21.0.6/com.sun.javafx.event.CompositeEventDispatcher.dispatchBubblingEvent(CompositeEventDispatcher.java:59)
	at javafx.base@21.0.6/com.sun.javafx.event.BasicEventDispatcher.dispatchEvent(BasicEventDispatcher.java:58)
	at javafx.base@21.0.6/com.sun.javafx.event.EventDispatchChainImpl.dispatchEvent(EventDispatchChainImpl.java:114)
	at javafx.base@21.0.6/com.sun.javafx.event.BasicEventDispatcher.dispatchEvent(BasicEventDispatcher.java:56)
	at javafx.base@21.0.6/com.sun.javafx.event.EventDispatchChainImpl.dispatchEvent(EventDispatchChainImpl.java:114)
	at javafx.base@21.0.6/com.sun.javafx.event.BasicEventDispatcher.dispatchEvent(BasicEventDispatcher.java:56)
	at javafx.base@21.0.6/com.sun.javafx.event.EventDispatchChainImpl.dispatchEvent(EventDispatchChainImpl.java:114)
	at javafx.base@21.0.6/com.sun.javafx.event.BasicEventDispatcher.dispatchEvent(BasicEventDispatcher.java:56)
	at javafx.base@21.0.6/com.sun.javafx.event.EventDispatchChainImpl.dispatchEvent(EventDispatchChainImpl.java:114)
	at javafx.base@21.0.6/com.sun.javafx.event.EventUtil.fireEventImpl(EventUtil.java:74)
	at javafx.base@21.0.6/com.sun.javafx.event.EventUtil.fireEvent(EventUtil.java:54)
	at javafx.base@21.0.6/javafx.event.Event.fireEvent(Event.java:198)
	at javafx.graphics@21.0.6/javafx.scene.Scene$MouseHandler.process(Scene.java:3984)
	at javafx.graphics@21.0.6/javafx.scene.Scene.processMouseEvent(Scene.java:1890)
	at javafx.graphics@21.0.6/javafx.scene.Scene$ScenePeerListener.mouseEvent(Scene.java:2708)
	at javafx.graphics@21.0.6/com.sun.javafx.tk.quantum.GlassViewEventHandler$MouseEventNotification.run(GlassViewEventHandler.java:411)
	at javafx.graphics@21.0.6/com.sun.javafx.tk.quantum.GlassViewEventHandler$MouseEventNotification.run(GlassViewEventHandler.java:301)
	at java.base/java.security.AccessController.doPrivileged(AccessController.java:138)
	at javafx.graphics@21.0.6/com.sun.javafx.tk.quantum.GlassViewEventHandler.lambda$handleMouseEvent$2(GlassViewEventHandler.java:450)
	at javafx.graphics@21.0.6/com.sun.javafx.tk.quantum.QuantumToolkit.runWithoutRenderLock(QuantumToolkit.java:424)
	at javafx.graphics@21.0.6/com.sun.javafx.tk.quantum.GlassViewEventHandler.handleMouseEvent(GlassViewEventHandler.java:449)
	at javafx.graphics@21.0.6/com.sun.glass.ui.View.handleMouseEvent(View.java:551)
	at javafx.graphics@21.0.6/com.sun.glass.ui.View.notifyMouse(View.java:937)
	at javafx.graphics@21.0.6/com.sun.glass.ui.win.WinApplication._runLoop(Native Method)
	at javafx.graphics@21.0.6/com.sun.glass.ui.win.WinApplication.lambda$runLoop$3(WinApplication.java:185)
	at java.base/java.lang.Thread.run(Thread.java:1474)
Caused by: jakarta.json.stream.JsonParsingException: Invalid token=SQUARECLOSE at (line no=52, column no=1, offset=1151). Expected tokens are: [COMMA]
	at org.eclipse.parsson@1.1.0/org.eclipse.parsson.JsonParserImpl.parsingException(JsonParserImpl.java:464)
	at org.eclipse.parsson@1.1.0/org.eclipse.parsson.JsonParserImpl.access$1100(JsonParserImpl.java:56)
	at org.eclipse.parsson@1.1.0/org.eclipse.parsson.JsonParserImpl$ObjectContext.getNextEvent(JsonParserImpl.java:518)
	at org.eclipse.parsson@1.1.0/org.eclipse.parsson.JsonParserImpl.next(JsonParserImpl.java:382)
	at org.eclipse.yasson@3.0.3/org.eclipse.yasson.internal.deserializer.ObjectDeserializer.deserialize(ObjectDeserializer.java:63)
	at org.eclipse.yasson@3.0.3/org.eclipse.yasson.internal.deserializer.ObjectDeserializer.deserialize(ObjectDeserializer.java:31)
	at org.eclipse.yasson@3.0.3/org.eclipse.yasson.internal.deserializer.DefaultObjectInstanceCreator.deserialize(DefaultObjectInstanceCreator.java:57)
	at org.eclipse.yasson@3.0.3/org.eclipse.yasson.internal.deserializer.DefaultObjectInstanceCreator.deserialize(DefaultObjectInstanceCreator.java:29)
	at org.eclipse.yasson@3.0.3/org.eclipse.yasson.internal.deserializer.PositionChecker.deserialize(PositionChecker.java:85)
	at org.eclipse.yasson@3.0.3/org.eclipse.yasson.internal.deserializer.PositionChecker.deserialize(PositionChecker.java:34)
	at org.eclipse.yasson@3.0.3/org.eclipse.yasson.internal.deserializer.NullCheckDeserializer.deserialize(NullCheckDeserializer.java:46)
	at org.eclipse.yasson@3.0.3/org.eclipse.yasson.internal.deserializer.NullCheckDeserializer.deserialize(NullCheckDeserializer.java:26)
	at org.eclipse.yasson@3.0.3/org.eclipse.yasson.internal.deserializer.ContextSwitcher.deserialize(ContextSwitcher.java:36)
	at org.eclipse.yasson@3.0.3/org.eclipse.yasson.internal.deserializer.ContextSwitcher.deserialize(ContextSwitcher.java:22)
	at org.eclipse.yasson@3.0.3/org.eclipse.yasson.internal.deserializer.ArrayDeserializer.deserialize(ArrayDeserializer.java:49)
	at org.eclipse.yasson@3.0.3/org.eclipse.yasson.internal.deserializer.ArrayDeserializer.deserialize(ArrayDeserializer.java:26)
	at org.eclipse.yasson@3.0.3/org.eclipse.yasson.internal.deserializer.ArrayInstanceCreator.deserialize(ArrayInstanceCreator.java:68)
	at org.eclipse.yasson@3.0.3/org.eclipse.yasson.internal.deserializer.ArrayInstanceCreator$ObjectArrayCreator.deserialize(ArrayInstanceCreator.java:226)
	at org.eclipse.yasson@3.0.3/org.eclipse.yasson.internal.deserializer.PositionChecker.deserialize(PositionChecker.java:85)
	at org.eclipse.yasson@3.0.3/org.eclipse.yasson.internal.deserializer.PositionChecker.deserialize(PositionChecker.java:34)
	at org.eclipse.yasson@3.0.3/org.eclipse.yasson.internal.deserializer.NullCheckDeserializer.deserialize(NullCheckDeserializer.java:46)
	at org.eclipse.yasson@3.0.3/org.eclipse.yasson.internal.deserializer.NullCheckDeserializer.deserialize(NullCheckDeserializer.java:26)
	at org.eclipse.yasson@3.0.3/org.eclipse.yasson.internal.DeserializationContextImpl.deserializeItem(DeserializationContextImpl.java:138)
	... 67 common frames omitted
2026-02-16 00:49:58.788 [JavaFX Application Thread] ERROR h.j.e.app.MainConsoleLauncher - Greška pri učitavanju standardnih uređaja
jakarta.json.bind.JsonbException: Internal error: Invalid token=SQUARECLOSE at (line no=52, column no=1, offset=1151). Expected tokens are: [COMMA]
	at org.eclipse.yasson@3.0.3/org.eclipse.yasson.internal.DeserializationContextImpl.deserializeItem(DeserializationContextImpl.java:142)
	at org.eclipse.yasson@3.0.3/org.eclipse.yasson.internal.DeserializationContextImpl.deserialize(DeserializationContextImpl.java:127)
	at org.eclipse.yasson@3.0.3/org.eclipse.yasson.internal.JsonBinding.deserialize(JsonBinding.java:55)
	at org.eclipse.yasson@3.0.3/org.eclipse.yasson.internal.JsonBinding.fromJson(JsonBinding.java:62)
	at hr.javafx.energycms/hr.javafx.energycms.repository.JsonRepository.loadStandardDevices(JsonRepository.java:39)
	at hr.javafx.energycms/hr.javafx.energycms.controllers.MeasurementsController.loadData(MeasurementsController.java:69)
	at hr.javafx.energycms/hr.javafx.energycms.controllers.MeasurementsController.initialize(MeasurementsController.java:62)
	at java.base/jdk.internal.reflect.DirectMethodHandleAccessor.invoke(DirectMethodHandleAccessor.java:104)
	at java.base/java.lang.reflect.Method.invoke(Method.java:565)
	at com.sun.javafx.reflect.Trampoline.invoke(MethodUtil.java:72)
	at java.base/jdk.internal.reflect.DirectMethodHandleAccessor.invoke(DirectMethodHandleAccessor.java:104)
	at java.base/java.lang.reflect.Method.invoke(Method.java:565)
	at javafx.base@21.0.6/com.sun.javafx.reflect.MethodUtil.invoke(MethodUtil.java:270)
	at javafx.fxml@21.0.6/com.sun.javafx.fxml.MethodHelper.invoke(MethodHelper.java:84)
	at javafx.fxml@21.0.6/javafx.fxml.FXMLLoader.loadImpl(FXMLLoader.java:2688)
	at javafx.fxml@21.0.6/javafx.fxml.FXMLLoader.loadImpl(FXMLLoader.java:2563)
	at javafx.fxml@21.0.6/javafx.fxml.FXMLLoader.load(FXMLLoader.java:2531)
	at hr.javafx.energycms/hr.javafx.energycms.controllers.MenuController.showMeasurementsList(MenuController.java:19)
	at java.base/jdk.internal.reflect.DirectMethodHandleAccessor.invoke(DirectMethodHandleAccessor.java:104)
	at java.base/java.lang.reflect.Method.invoke(Method.java:565)
	at com.sun.javafx.reflect.Trampoline.invoke(MethodUtil.java:72)
	at java.base/jdk.internal.reflect.DirectMethodHandleAccessor.invoke(DirectMethodHandleAccessor.java:104)
	at java.base/java.lang.reflect.Method.invoke(Method.java:565)
	at javafx.base@21.0.6/com.sun.javafx.reflect.MethodUtil.invoke(MethodUtil.java:270)
	at javafx.fxml@21.0.6/com.sun.javafx.fxml.MethodHelper.invoke(MethodHelper.java:84)
	at javafx.fxml@21.0.6/javafx.fxml.FXMLLoader$MethodHandler.invoke(FXMLLoader.java:1855)
	at javafx.fxml@21.0.6/javafx.fxml.FXMLLoader$ControllerMethodEventHandler.handle(FXMLLoader.java:1726)
	at javafx.base@21.0.6/com.sun.javafx.event.CompositeEventHandler.dispatchBubblingEvent(CompositeEventHandler.java:86)
	at javafx.base@21.0.6/com.sun.javafx.event.EventHandlerManager.dispatchBubblingEvent(EventHandlerManager.java:232)
	at javafx.base@21.0.6/com.sun.javafx.event.EventHandlerManager.dispatchBubblingEvent(EventHandlerManager.java:189)
	at javafx.base@21.0.6/com.sun.javafx.event.BasicEventDispatcher.dispatchEvent(BasicEventDispatcher.java:58)
	at javafx.base@21.0.6/com.sun.javafx.event.EventDispatchChainImpl.dispatchEvent(EventDispatchChainImpl.java:114)
	at javafx.base@21.0.6/com.sun.javafx.event.EventUtil.fireEventImpl(EventUtil.java:74)
	at javafx.base@21.0.6/com.sun.javafx.event.EventUtil.fireEvent(EventUtil.java:49)
	at javafx.base@21.0.6/javafx.event.Event.fireEvent(Event.java:198)
	at javafx.controls@21.0.6/javafx.scene.control.MenuItem.fire(MenuItem.java:459)
	at javafx.controls@21.0.6/com.sun.javafx.scene.control.ContextMenuContent$MenuItemContainer.doSelect(ContextMenuContent.java:1415)
	at javafx.controls@21.0.6/com.sun.javafx.scene.control.ContextMenuContent$MenuItemContainer.lambda$createChildren$12(ContextMenuContent.java:1368)
	at javafx.base@21.0.6/com.sun.javafx.event.CompositeEventHandler$NormalEventHandlerRecord.handleBubblingEvent(CompositeEventHandler.java:247)
	at javafx.base@21.0.6/com.sun.javafx.event.CompositeEventHandler.dispatchBubblingEvent(CompositeEventHandler.java:80)
	at javafx.base@21.0.6/com.sun.javafx.event.EventHandlerManager.dispatchBubblingEvent(EventHandlerManager.java:232)
	at javafx.base@21.0.6/com.sun.javafx.event.EventHandlerManager.dispatchBubblingEvent(EventHandlerManager.java:189)
	at javafx.base@21.0.6/com.sun.javafx.event.CompositeEventDispatcher.dispatchBubblingEvent(CompositeEventDispatcher.java:59)
	at javafx.base@21.0.6/com.sun.javafx.event.BasicEventDispatcher.dispatchEvent(BasicEventDispatcher.java:58)
	at javafx.base@21.0.6/com.sun.javafx.event.EventDispatchChainImpl.dispatchEvent(EventDispatchChainImpl.java:114)
	at javafx.base@21.0.6/com.sun.javafx.event.BasicEventDispatcher.dispatchEvent(BasicEventDispatcher.java:56)
	at javafx.base@21.0.6/com.sun.javafx.event.EventDispatchChainImpl.dispatchEvent(EventDispatchChainImpl.java:114)
	at javafx.base@21.0.6/com.sun.javafx.event.BasicEventDispatcher.dispatchEvent(BasicEventDispatcher.java:56)
	at javafx.base@21.0.6/com.sun.javafx.event.EventDispatchChainImpl.dispatchEvent(EventDispatchChainImpl.java:114)
	at javafx.base@21.0.6/com.sun.javafx.event.BasicEventDispatcher.dispatchEvent(BasicEventDispatcher.java:56)
	at javafx.base@21.0.6/com.sun.javafx.event.EventDispatchChainImpl.dispatchEvent(EventDispatchChainImpl.java:114)
	at javafx.base@21.0.6/com.sun.javafx.event.EventUtil.fireEventImpl(EventUtil.java:74)
	at javafx.base@21.0.6/com.sun.javafx.event.EventUtil.fireEvent(EventUtil.java:54)
	at javafx.base@21.0.6/javafx.event.Event.fireEvent(Event.java:198)
	at javafx.graphics@21.0.6/javafx.scene.Scene$MouseHandler.process(Scene.java:3984)
	at javafx.graphics@21.0.6/javafx.scene.Scene.processMouseEvent(Scene.java:1890)
	at javafx.graphics@21.0.6/javafx.scene.Scene$ScenePeerListener.mouseEvent(Scene.java:2708)
	at javafx.graphics@21.0.6/com.sun.javafx.tk.quantum.GlassViewEventHandler$MouseEventNotification.run(GlassViewEventHandler.java:411)
	at javafx.graphics@21.0.6/com.sun.javafx.tk.quantum.GlassViewEventHandler$MouseEventNotification.run(GlassViewEventHandler.java:301)
	at java.base/java.security.AccessController.doPrivileged(AccessController.java:138)
	at javafx.graphics@21.0.6/com.sun.javafx.tk.quantum.GlassViewEventHandler.lambda$handleMouseEvent$2(GlassViewEventHandler.java:450)
	at javafx.graphics@21.0.6/com.sun.javafx.tk.quantum.QuantumToolkit.runWithoutRenderLock(QuantumToolkit.java:424)
	at javafx.graphics@21.0.6/com.sun.javafx.tk.quantum.GlassViewEventHandler.handleMouseEvent(GlassViewEventHandler.java:449)
	at javafx.graphics@21.0.6/com.sun.glass.ui.View.handleMouseEvent(View.java:551)
	at javafx.graphics@21.0.6/com.sun.glass.ui.View.notifyMouse(View.java:937)
	at javafx.graphics@21.0.6/com.sun.glass.ui.win.WinApplication._runLoop(Native Method)
	at javafx.graphics@21.0.6/com.sun.glass.ui.win.WinApplication.lambda$runLoop$3(WinApplication.java:185)
	at java.base/java.lang.Thread.run(Thread.java:1474)
Caused by: jakarta.json.stream.JsonParsingException: Invalid token=SQUARECLOSE at (line no=52, column no=1, offset=1151). Expected tokens are: [COMMA]
	at org.eclipse.parsson@1.1.0/org.eclipse.parsson.JsonParserImpl.parsingException(JsonParserImpl.java:464)
	at org.eclipse.parsson@1.1.0/org.eclipse.parsson.JsonParserImpl.access$1100(JsonParserImpl.java:56)
	at org.eclipse.parsson@1.1.0/org.eclipse.parsson.JsonParserImpl$ObjectContext.getNextEvent(JsonParserImpl.java:518)
	at org.eclipse.parsson@1.1.0/org.eclipse.parsson.JsonParserImpl.next(JsonParserImpl.java:382)
	at org.eclipse.yasson@3.0.3/org.eclipse.yasson.internal.deserializer.ObjectDeserializer.deserialize(ObjectDeserializer.java:63)
	at org.eclipse.yasson@3.0.3/org.eclipse.yasson.internal.deserializer.ObjectDeserializer.deserialize(ObjectDeserializer.java:31)
	at org.eclipse.yasson@3.0.3/org.eclipse.yasson.internal.deserializer.DefaultObjectInstanceCreator.deserialize(DefaultObjectInstanceCreator.java:57)
	at org.eclipse.yasson@3.0.3/org.eclipse.yasson.internal.deserializer.DefaultObjectInstanceCreator.deserialize(DefaultObjectInstanceCreator.java:29)
	at org.eclipse.yasson@3.0.3/org.eclipse.yasson.internal.deserializer.PositionChecker.deserialize(PositionChecker.java:85)
	at org.eclipse.yasson@3.0.3/org.eclipse.yasson.internal.deserializer.PositionChecker.deserialize(PositionChecker.java:34)
	at org.eclipse.yasson@3.0.3/org.eclipse.yasson.internal.deserializer.NullCheckDeserializer.deserialize(NullCheckDeserializer.java:46)
	at org.eclipse.yasson@3.0.3/org.eclipse.yasson.internal.deserializer.NullCheckDeserializer.deserialize(NullCheckDeserializer.java:26)
	at org.eclipse.yasson@3.0.3/org.eclipse.yasson.internal.deserializer.ContextSwitcher.deserialize(ContextSwitcher.java:36)
	at org.eclipse.yasson@3.0.3/org.eclipse.yasson.internal.deserializer.ContextSwitcher.deserialize(ContextSwitcher.java:22)
	at org.eclipse.yasson@3.0.3/org.eclipse.yasson.internal.deserializer.ArrayDeserializer.deserialize(ArrayDeserializer.java:49)
	at org.eclipse.yasson@3.0.3/org.eclipse.yasson.internal.deserializer.ArrayDeserializer.deserialize(ArrayDeserializer.java:26)
	at org.eclipse.yasson@3.0.3/org.eclipse.yasson.internal.deserializer.ArrayInstanceCreator.deserialize(ArrayInstanceCreator.java:68)
	at org.eclipse.yasson@3.0.3/org.eclipse.yasson.internal.deserializer.ArrayInstanceCreator$ObjectArrayCreator.deserialize(ArrayInstanceCreator.java:226)
	at org.eclipse.yasson@3.0.3/org.eclipse.yasson.internal.deserializer.PositionChecker.deserialize(PositionChecker.java:85)
	at org.eclipse.yasson@3.0.3/org.eclipse.yasson.internal.deserializer.PositionChecker.deserialize(PositionChecker.java:34)
	at org.eclipse.yasson@3.0.3/org.eclipse.yasson.internal.deserializer.NullCheckDeserializer.deserialize(NullCheckDeserializer.java:46)
	at org.eclipse.yasson@3.0.3/org.eclipse.yasson.internal.deserializer.NullCheckDeserializer.deserialize(NullCheckDeserializer.java:26)
	at org.eclipse.yasson@3.0.3/org.eclipse.yasson.internal.DeserializationContextImpl.deserializeItem(DeserializationContextImpl.java:138)
	... 67 common frames omitted
2026-02-16 00:50:29.682 [JavaFX Application Thread] ERROR h.j.e.app.MainConsoleLauncher - Greška pri učitavanju standardnih uređaja
jakarta.json.bind.JsonbException: Internal error: Invalid token=SQUARECLOSE at (line no=52, column no=1, offset=1151). Expected tokens are: [COMMA]
	at org.eclipse.yasson@3.0.3/org.eclipse.yasson.internal.DeserializationContextImpl.deserializeItem(DeserializationContextImpl.java:142)
	at org.eclipse.yasson@3.0.3/org.eclipse.yasson.internal.DeserializationContextImpl.deserialize(DeserializationContextImpl.java:127)
	at org.eclipse.yasson@3.0.3/org.eclipse.yasson.internal.JsonBinding.deserialize(JsonBinding.java:55)
	at org.eclipse.yasson@3.0.3/org.eclipse.yasson.internal.JsonBinding.fromJson(JsonBinding.java:62)
	at hr.javafx.energycms/hr.javafx.energycms.repository.JsonRepository.loadStandardDevices(JsonRepository.java:39)
	at hr.javafx.energycms/hr.javafx.energycms.controllers.MeasurementsController.loadData(MeasurementsController.java:69)
	at hr.javafx.energycms/hr.javafx.energycms.controllers.MeasurementsController.initialize(MeasurementsController.java:43)
	at java.base/jdk.internal.reflect.DirectMethodHandleAccessor.invoke(DirectMethodHandleAccessor.java:104)
	at java.base/java.lang.reflect.Method.invoke(Method.java:565)
	at com.sun.javafx.reflect.Trampoline.invoke(MethodUtil.java:72)
	at java.base/jdk.internal.reflect.DirectMethodHandleAccessor.invoke(DirectMethodHandleAccessor.java:104)
	at java.base/java.lang.reflect.Method.invoke(Method.java:565)
	at javafx.base@21.0.6/com.sun.javafx.reflect.MethodUtil.invoke(MethodUtil.java:270)
	at javafx.fxml@21.0.6/com.sun.javafx.fxml.MethodHelper.invoke(MethodHelper.java:84)
	at javafx.fxml@21.0.6/javafx.fxml.FXMLLoader.loadImpl(FXMLLoader.java:2688)
	at javafx.fxml@21.0.6/javafx.fxml.FXMLLoader.loadImpl(FXMLLoader.java:2563)
	at javafx.fxml@21.0.6/javafx.fxml.FXMLLoader.load(FXMLLoader.java:2531)
	at hr.javafx.energycms/hr.javafx.energycms.controllers.MenuController.showMeasurementsList(MenuController.java:19)
	at java.base/jdk.internal.reflect.DirectMethodHandleAccessor.invoke(DirectMethodHandleAccessor.java:104)
	at java.base/java.lang.reflect.Method.invoke(Method.java:565)
	at com.sun.javafx.reflect.Trampoline.invoke(MethodUtil.java:72)
	at java.base/jdk.internal.reflect.DirectMethodHandleAccessor.invoke(DirectMethodHandleAccessor.java:104)
	at java.base/java.lang.reflect.Method.invoke(Method.java:565)
	at javafx.base@21.0.6/com.sun.javafx.reflect.MethodUtil.invoke(MethodUtil.java:270)
	at javafx.fxml@21.0.6/com.sun.javafx.fxml.MethodHelper.invoke(MethodHelper.java:84)
	at javafx.fxml@21.0.6/javafx.fxml.FXMLLoader$MethodHandler.invoke(FXMLLoader.java:1855)
	at javafx.fxml@21.0.6/javafx.fxml.FXMLLoader$ControllerMethodEventHandler.handle(FXMLLoader.java:1726)
	at javafx.base@21.0.6/com.sun.javafx.event.CompositeEventHandler.dispatchBubblingEvent(CompositeEventHandler.java:86)
	at javafx.base@21.0.6/com.sun.javafx.event.EventHandlerManager.dispatchBubblingEvent(EventHandlerManager.java:232)
	at javafx.base@21.0.6/com.sun.javafx.event.EventHandlerManager.dispatchBubblingEvent(EventHandlerManager.java:189)
	at javafx.base@21.0.6/com.sun.javafx.event.BasicEventDispatcher.dispatchEvent(BasicEventDispatcher.java:58)
	at javafx.base@21.0.6/com.sun.javafx.event.EventDispatchChainImpl.dispatchEvent(EventDispatchChainImpl.java:114)
	at javafx.base@21.0.6/com.sun.javafx.event.EventUtil.fireEventImpl(EventUtil.java:74)
	at javafx.base@21.0.6/com.sun.javafx.event.EventUtil.fireEvent(EventUtil.java:49)
	at javafx.base@21.0.6/javafx.event.Event.fireEvent(Event.java:198)
	at javafx.controls@21.0.6/javafx.scene.control.MenuItem.fire(MenuItem.java:459)
	at javafx.controls@21.0.6/com.sun.javafx.scene.control.ContextMenuContent$MenuItemContainer.doSelect(ContextMenuContent.java:1415)
	at javafx.controls@21.0.6/com.sun.javafx.scene.control.ContextMenuContent$MenuItemContainer.lambda$createChildren$12(ContextMenuContent.java:1368)
	at javafx.base@21.0.6/com.sun.javafx.event.CompositeEventHandler$NormalEventHandlerRecord.handleBubblingEvent(CompositeEventHandler.java:247)
	at javafx.base@21.0.6/com.sun.javafx.event.CompositeEventHandler.dispatchBubblingEvent(CompositeEventHandler.java:80)
	at javafx.base@21.0.6/com.sun.javafx.event.EventHandlerManager.dispatchBubblingEvent(EventHandlerManager.java:232)
	at javafx.base@21.0.6/com.sun.javafx.event.EventHandlerManager.dispatchBubblingEvent(EventHandlerManager.java:189)
	at javafx.base@21.0.6/com.sun.javafx.event.CompositeEventDispatcher.dispatchBubblingEvent(CompositeEventDispatcher.java:59)
	at javafx.base@21.0.6/com.sun.javafx.event.BasicEventDispatcher.dispatchEvent(BasicEventDispatcher.java:58)
	at javafx.base@21.0.6/com.sun.javafx.event.EventDispatchChainImpl.dispatchEvent(EventDispatchChainImpl.java:114)
	at javafx.base@21.0.6/com.sun.javafx.event.BasicEventDispatcher.dispatchEvent(BasicEventDispatcher.java:56)
	at javafx.base@21.0.6/com.sun.javafx.event.EventDispatchChainImpl.dispatchEvent(EventDispatchChainImpl.java:114)
	at javafx.base@21.0.6/com.sun.javafx.event.BasicEventDispatcher.dispatchEvent(BasicEventDispatcher.java:56)
	at javafx.base@21.0.6/com.sun.javafx.event.EventDispatchChainImpl.dispatchEvent(EventDispatchChainImpl.java:114)
	at javafx.base@21.0.6/com.sun.javafx.event.BasicEventDispatcher.dispatchEvent(BasicEventDispatcher.java:56)
	at javafx.base@21.0.6/com.sun.javafx.event.EventDispatchChainImpl.dispatchEvent(EventDispatchChainImpl.java:114)
	at javafx.base@21.0.6/com.sun.javafx.event.EventUtil.fireEventImpl(EventUtil.java:74)
	at javafx.base@21.0.6/com.sun.javafx.event.EventUtil.fireEvent(EventUtil.java:54)
	at javafx.base@21.0.6/javafx.event.Event.fireEvent(Event.java:198)
	at javafx.graphics@21.0.6/javafx.scene.Scene$MouseHandler.process(Scene.java:3984)
	at javafx.graphics@21.0.6/javafx.scene.Scene.processMouseEvent(Scene.java:1890)
	at javafx.graphics@21.0.6/javafx.scene.Scene$ScenePeerListener.mouseEvent(Scene.java:2708)
	at javafx.graphics@21.0.6/com.sun.javafx.tk.quantum.GlassViewEventHandler$MouseEventNotification.run(GlassViewEventHandler.java:411)
	at javafx.graphics@21.0.6/com.sun.javafx.tk.quantum.GlassViewEventHandler$MouseEventNotification.run(GlassViewEventHandler.java:301)
	at java.base/java.security.AccessController.doPrivileged(AccessController.java:138)
	at javafx.graphics@21.0.6/com.sun.javafx.tk.quantum.GlassViewEventHandler.lambda$handleMouseEvent$2(GlassViewEventHandler.java:450)
	at javafx.graphics@21.0.6/com.sun.javafx.tk.quantum.QuantumToolkit.runWithoutRenderLock(QuantumToolkit.java:424)
	at javafx.graphics@21.0.6/com.sun.javafx.tk.quantum.GlassViewEventHandler.handleMouseEvent(GlassViewEventHandler.java:449)
	at javafx.graphics@21.0.6/com.sun.glass.ui.View.handleMouseEvent(View.java:551)
	at javafx.graphics@21.0.6/com.sun.glass.ui.View.notifyMouse(View.java:937)
	at javafx.graphics@21.0.6/com.sun.glass.ui.win.WinApplication._runLoop(Native Method)
	at javafx.graphics@21.0.6/com.sun.glass.ui.win.WinApplication.lambda$runLoop$3(WinApplication.java:185)
	at java.base/java.lang.Thread.run(Thread.java:1474)
Caused by: jakarta.json.stream.JsonParsingException: Invalid token=SQUARECLOSE at (line no=52, column no=1, offset=1151). Expected tokens are: [COMMA]
	at org.eclipse.parsson@1.1.0/org.eclipse.parsson.JsonParserImpl.parsingException(JsonParserImpl.java:464)
	at org.eclipse.parsson@1.1.0/org.eclipse.parsson.JsonParserImpl.access$1100(JsonParserImpl.java:56)
	at org.eclipse.parsson@1.1.0/org.eclipse.parsson.JsonParserImpl$ObjectContext.getNextEvent(JsonParserImpl.java:518)
	at org.eclipse.parsson@1.1.0/org.eclipse.parsson.JsonParserImpl.next(JsonParserImpl.java:382)
	at org.eclipse.yasson@3.0.3/org.eclipse.yasson.internal.deserializer.ObjectDeserializer.deserialize(ObjectDeserializer.java:63)
	at org.eclipse.yasson@3.0.3/org.eclipse.yasson.internal.deserializer.ObjectDeserializer.deserialize(ObjectDeserializer.java:31)
	at org.eclipse.yasson@3.0.3/org.eclipse.yasson.internal.deserializer.DefaultObjectInstanceCreator.deserialize(DefaultObjectInstanceCreator.java:57)
	at org.eclipse.yasson@3.0.3/org.eclipse.yasson.internal.deserializer.DefaultObjectInstanceCreator.deserialize(DefaultObjectInstanceCreator.java:29)
	at org.eclipse.yasson@3.0.3/org.eclipse.yasson.internal.deserializer.PositionChecker.deserialize(PositionChecker.java:85)
	at org.eclipse.yasson@3.0.3/org.eclipse.yasson.internal.deserializer.PositionChecker.deserialize(PositionChecker.java:34)
	at org.eclipse.yasson@3.0.3/org.eclipse.yasson.internal.deserializer.NullCheckDeserializer.deserialize(NullCheckDeserializer.java:46)
	at org.eclipse.yasson@3.0.3/org.eclipse.yasson.internal.deserializer.NullCheckDeserializer.deserialize(NullCheckDeserializer.java:26)
	at org.eclipse.yasson@3.0.3/org.eclipse.yasson.internal.deserializer.ContextSwitcher.deserialize(ContextSwitcher.java:36)
	at org.eclipse.yasson@3.0.3/org.eclipse.yasson.internal.deserializer.ContextSwitcher.deserialize(ContextSwitcher.java:22)
	at org.eclipse.yasson@3.0.3/org.eclipse.yasson.internal.deserializer.ArrayDeserializer.deserialize(ArrayDeserializer.java:49)
	at org.eclipse.yasson@3.0.3/org.eclipse.yasson.internal.deserializer.ArrayDeserializer.deserialize(ArrayDeserializer.java:26)
	at org.eclipse.yasson@3.0.3/org.eclipse.yasson.internal.deserializer.ArrayInstanceCreator.deserialize(ArrayInstanceCreator.java:68)
	at org.eclipse.yasson@3.0.3/org.eclipse.yasson.internal.deserializer.ArrayInstanceCreator$ObjectArrayCreator.deserialize(ArrayInstanceCreator.java:226)
	at org.eclipse.yasson@3.0.3/org.eclipse.yasson.internal.deserializer.PositionChecker.deserialize(PositionChecker.java:85)
	at org.eclipse.yasson@3.0.3/org.eclipse.yasson.internal.deserializer.PositionChecker.deserialize(PositionChecker.java:34)
	at org.eclipse.yasson@3.0.3/org.eclipse.yasson.internal.deserializer.NullCheckDeserializer.deserialize(NullCheckDeserializer.java:46)
	at org.eclipse.yasson@3.0.3/org.eclipse.yasson.internal.deserializer.NullCheckDeserializer.deserialize(NullCheckDeserializer.java:26)
	at org.eclipse.yasson@3.0.3/org.eclipse.yasson.internal.DeserializationContextImpl.deserializeItem(DeserializationContextImpl.java:138)
	... 67 common frames omitted
2026-02-16 00:50:29.713 [JavaFX Application Thread] ERROR h.j.e.app.MainConsoleLauncher - Greška pri učitavanju standardnih uređaja
jakarta.json.bind.JsonbException: Internal error: Invalid token=SQUARECLOSE at (line no=52, column no=1, offset=1151). Expected tokens are: [COMMA]
	at org.eclipse.yasson@3.0.3/org.eclipse.yasson.internal.DeserializationContextImpl.deserializeItem(DeserializationContextImpl.java:142)
	at org.eclipse.yasson@3.0.3/org.eclipse.yasson.internal.DeserializationContextImpl.deserialize(DeserializationContextImpl.java:127)
	at org.eclipse.yasson@3.0.3/org.eclipse.yasson.internal.JsonBinding.deserialize(JsonBinding.java:55)
	at org.eclipse.yasson@3.0.3/org.eclipse.yasson.internal.JsonBinding.fromJson(JsonBinding.java:62)
	at hr.javafx.energycms/hr.javafx.energycms.repository.JsonRepository.loadStandardDevices(JsonRepository.java:39)
	at hr.javafx.energycms/hr.javafx.energycms.controllers.MeasurementsController.loadData(MeasurementsController.java:69)
	at hr.javafx.energycms/hr.javafx.energycms.controllers.MeasurementsController.initialize(MeasurementsController.java:62)
	at java.base/jdk.internal.reflect.DirectMethodHandleAccessor.invoke(DirectMethodHandleAccessor.java:104)
	at java.base/java.lang.reflect.Method.invoke(Method.java:565)
	at com.sun.javafx.reflect.Trampoline.invoke(MethodUtil.java:72)
	at java.base/jdk.internal.reflect.DirectMethodHandleAccessor.invoke(DirectMethodHandleAccessor.java:104)
	at java.base/java.lang.reflect.Method.invoke(Method.java:565)
	at javafx.base@21.0.6/com.sun.javafx.reflect.MethodUtil.invoke(MethodUtil.java:270)
	at javafx.fxml@21.0.6/com.sun.javafx.fxml.MethodHelper.invoke(MethodHelper.java:84)
	at javafx.fxml@21.0.6/javafx.fxml.FXMLLoader.loadImpl(FXMLLoader.java:2688)
	at javafx.fxml@21.0.6/javafx.fxml.FXMLLoader.loadImpl(FXMLLoader.java:2563)
	at javafx.fxml@21.0.6/javafx.fxml.FXMLLoader.load(FXMLLoader.java:2531)
	at hr.javafx.energycms/hr.javafx.energycms.controllers.MenuController.showMeasurementsList(MenuController.java:19)
	at java.base/jdk.internal.reflect.DirectMethodHandleAccessor.invoke(DirectMethodHandleAccessor.java:104)
	at java.base/java.lang.reflect.Method.invoke(Method.java:565)
	at com.sun.javafx.reflect.Trampoline.invoke(MethodUtil.java:72)
	at java.base/jdk.internal.reflect.DirectMethodHandleAccessor.invoke(DirectMethodHandleAccessor.java:104)
	at java.base/java.lang.reflect.Method.invoke(Method.java:565)
	at javafx.base@21.0.6/com.sun.javafx.reflect.MethodUtil.invoke(MethodUtil.java:270)
	at javafx.fxml@21.0.6/com.sun.javafx.fxml.MethodHelper.invoke(MethodHelper.java:84)
	at javafx.fxml@21.0.6/javafx.fxml.FXMLLoader$MethodHandler.invoke(FXMLLoader.java:1855)
	at javafx.fxml@21.0.6/javafx.fxml.FXMLLoader$ControllerMethodEventHandler.handle(FXMLLoader.java:1726)
	at javafx.base@21.0.6/com.sun.javafx.event.CompositeEventHandler.dispatchBubblingEvent(CompositeEventHandler.java:86)
	at javafx.base@21.0.6/com.sun.javafx.event.EventHandlerManager.dispatchBubblingEvent(EventHandlerManager.java:232)
	at javafx.base@21.0.6/com.sun.javafx.event.EventHandlerManager.dispatchBubblingEvent(EventHandlerManager.java:189)
	at javafx.base@21.0.6/com.sun.javafx.event.BasicEventDispatcher.dispatchEvent(BasicEventDispatcher.java:58)
	at javafx.base@21.0.6/com.sun.javafx.event.EventDispatchChainImpl.dispatchEvent(EventDispatchChainImpl.java:114)
	at javafx.base@21.0.6/com.sun.javafx.event.EventUtil.fireEventImpl(EventUtil.java:74)
	at javafx.base@21.0.6/com.sun.javafx.event.EventUtil.fireEvent(EventUtil.java:49)
	at javafx.base@21.0.6/javafx.event.Event.fireEvent(Event.java:198)
	at javafx.controls@21.0.6/javafx.scene.control.MenuItem.fire(MenuItem.java:459)
	at javafx.controls@21.0.6/com.sun.javafx.scene.control.ContextMenuContent$MenuItemContainer.doSelect(ContextMenuContent.java:1415)
	at javafx.controls@21.0.6/com.sun.javafx.scene.control.ContextMenuContent$MenuItemContainer.lambda$createChildren$12(ContextMenuContent.java:1368)
	at javafx.base@21.0.6/com.sun.javafx.event.CompositeEventHandler$NormalEventHandlerRecord.handleBubblingEvent(CompositeEventHandler.java:247)
	at javafx.base@21.0.6/com.sun.javafx.event.CompositeEventHandler.dispatchBubblingEvent(CompositeEventHandler.java:80)
	at javafx.base@21.0.6/com.sun.javafx.event.EventHandlerManager.dispatchBubblingEvent(EventHandlerManager.java:232)
	at javafx.base@21.0.6/com.sun.javafx.event.EventHandlerManager.dispatchBubblingEvent(EventHandlerManager.java:189)
	at javafx.base@21.0.6/com.sun.javafx.event.CompositeEventDispatcher.dispatchBubblingEvent(CompositeEventDispatcher.java:59)
	at javafx.base@21.0.6/com.sun.javafx.event.BasicEventDispatcher.dispatchEvent(BasicEventDispatcher.java:58)
	at javafx.base@21.0.6/com.sun.javafx.event.EventDispatchChainImpl.dispatchEvent(EventDispatchChainImpl.java:114)
	at javafx.base@21.0.6/com.sun.javafx.event.BasicEventDispatcher.dispatchEvent(BasicEventDispatcher.java:56)
	at javafx.base@21.0.6/com.sun.javafx.event.EventDispatchChainImpl.dispatchEvent(EventDispatchChainImpl.java:114)
	at javafx.base@21.0.6/com.sun.javafx.event.BasicEventDispatcher.dispatchEvent(BasicEventDispatcher.java:56)
	at javafx.base@21.0.6/com.sun.javafx.event.EventDispatchChainImpl.dispatchEvent(EventDispatchChainImpl.java:114)
	at javafx.base@21.0.6/com.sun.javafx.event.BasicEventDispatcher.dispatchEvent(BasicEventDispatcher.java:56)
	at javafx.base@21.0.6/com.sun.javafx.event.EventDispatchChainImpl.dispatchEvent(EventDispatchChainImpl.java:114)
	at javafx.base@21.0.6/com.sun.javafx.event.EventUtil.fireEventImpl(EventUtil.java:74)
	at javafx.base@21.0.6/com.sun.javafx.event.EventUtil.fireEvent(EventUtil.java:54)
	at javafx.base@21.0.6/javafx.event.Event.fireEvent(Event.java:198)
	at javafx.graphics@21.0.6/javafx.scene.Scene$MouseHandler.process(Scene.java:3984)
	at javafx.graphics@21.0.6/javafx.scene.Scene.processMouseEvent(Scene.java:1890)
	at javafx.graphics@21.0.6/javafx.scene.Scene$ScenePeerListener.mouseEvent(Scene.java:2708)
	at javafx.graphics@21.0.6/com.sun.javafx.tk.quantum.GlassViewEventHandler$MouseEventNotification.run(GlassViewEventHandler.java:411)
	at javafx.graphics@21.0.6/com.sun.javafx.tk.quantum.GlassViewEventHandler$MouseEventNotification.run(GlassViewEventHandler.java:301)
	at java.base/java.security.AccessController.doPrivileged(AccessController.java:138)
	at javafx.graphics@21.0.6/com.sun.javafx.tk.quantum.GlassViewEventHandler.lambda$handleMouseEvent$2(GlassViewEventHandler.java:450)
	at javafx.graphics@21.0.6/com.sun.javafx.tk.quantum.QuantumToolkit.runWithoutRenderLock(QuantumToolkit.java:424)
	at javafx.graphics@21.0.6/com.sun.javafx.tk.quantum.GlassViewEventHandler.handleMouseEvent(GlassViewEventHandler.java:449)
	at javafx.graphics@21.0.6/com.sun.glass.ui.View.handleMouseEvent(View.java:551)
	at javafx.graphics@21.0.6/com.sun.glass.ui.View.notifyMouse(View.java:937)
	at javafx.graphics@21.0.6/com.sun.glass.ui.win.WinApplication._runLoop(Native Method)
	at javafx.graphics@21.0.6/com.sun.glass.ui.win.WinApplication.lambda$runLoop$3(WinApplication.java:185)
	at java.base/java.lang.Thread.run(Thread.java:1474)
Caused by: jakarta.json.stream.JsonParsingException: Invalid token=SQUARECLOSE at (line no=52, column no=1, offset=1151). Expected tokens are: [COMMA]
	at org.eclipse.parsson@1.1.0/org.eclipse.parsson.JsonParserImpl.parsingException(JsonParserImpl.java:464)
	at org.eclipse.parsson@1.1.0/org.eclipse.parsson.JsonParserImpl.access$1100(JsonParserImpl.java:56)
	at org.eclipse.parsson@1.1.0/org.eclipse.parsson.JsonParserImpl$ObjectContext.getNextEvent(JsonParserImpl.java:518)
	at org.eclipse.parsson@1.1.0/org.eclipse.parsson.JsonParserImpl.next(JsonParserImpl.java:382)
	at org.eclipse.yasson@3.0.3/org.eclipse.yasson.internal.deserializer.ObjectDeserializer.deserialize(ObjectDeserializer.java:63)
	at org.eclipse.yasson@3.0.3/org.eclipse.yasson.internal.deserializer.ObjectDeserializer.deserialize(ObjectDeserializer.java:31)
	at org.eclipse.yasson@3.0.3/org.eclipse.yasson.internal.deserializer.DefaultObjectInstanceCreator.deserialize(DefaultObjectInstanceCreator.java:57)
	at org.eclipse.yasson@3.0.3/org.eclipse.yasson.internal.deserializer.DefaultObjectInstanceCreator.deserialize(DefaultObjectInstanceCreator.java:29)
	at org.eclipse.yasson@3.0.3/org.eclipse.yasson.internal.deserializer.PositionChecker.deserialize(PositionChecker.java:85)
	at org.eclipse.yasson@3.0.3/org.eclipse.yasson.internal.deserializer.PositionChecker.deserialize(PositionChecker.java:34)
	at org.eclipse.yasson@3.0.3/org.eclipse.yasson.internal.deserializer.NullCheckDeserializer.deserialize(NullCheckDeserializer.java:46)
	at org.eclipse.yasson@3.0.3/org.eclipse.yasson.internal.deserializer.NullCheckDeserializer.deserialize(NullCheckDeserializer.java:26)
	at org.eclipse.yasson@3.0.3/org.eclipse.yasson.internal.deserializer.ContextSwitcher.deserialize(ContextSwitcher.java:36)
	at org.eclipse.yasson@3.0.3/org.eclipse.yasson.internal.deserializer.ContextSwitcher.deserialize(ContextSwitcher.java:22)
	at org.eclipse.yasson@3.0.3/org.eclipse.yasson.internal.deserializer.ArrayDeserializer.deserialize(ArrayDeserializer.java:49)
	at org.eclipse.yasson@3.0.3/org.eclipse.yasson.internal.deserializer.ArrayDeserializer.deserialize(ArrayDeserializer.java:26)
	at org.eclipse.yasson@3.0.3/org.eclipse.yasson.internal.deserializer.ArrayInstanceCreator.deserialize(ArrayInstanceCreator.java:68)
	at org.eclipse.yasson@3.0.3/org.eclipse.yasson.internal.deserializer.ArrayInstanceCreator$ObjectArrayCreator.deserialize(ArrayInstanceCreator.java:226)
	at org.eclipse.yasson@3.0.3/org.eclipse.yasson.internal.deserializer.PositionChecker.deserialize(PositionChecker.java:85)
	at org.eclipse.yasson@3.0.3/org.eclipse.yasson.internal.deserializer.PositionChecker.deserialize(PositionChecker.java:34)
	at org.eclipse.yasson@3.0.3/org.eclipse.yasson.internal.deserializer.NullCheckDeserializer.deserialize(NullCheckDeserializer.java:46)
	at org.eclipse.yasson@3.0.3/org.eclipse.yasson.internal.deserializer.NullCheckDeserializer.deserialize(NullCheckDeserializer.java:26)
	at org.eclipse.yasson@3.0.3/org.eclipse.yasson.internal.DeserializationContextImpl.deserializeItem(DeserializationContextImpl.java:138)
	... 67 common frames omitted
2026-02-16 00:50:57.435 [JavaFX Application Thread] ERROR h.j.e.app.MainConsoleLauncher - Greška pri učitavanju standardnih uređaja
jakarta.json.bind.JsonbException: Internal error: Invalid token=SQUARECLOSE at (line no=52, column no=1, offset=1151). Expected tokens are: [COMMA]
	at org.eclipse.yasson@3.0.3/org.eclipse.yasson.internal.DeserializationContextImpl.deserializeItem(DeserializationContextImpl.java:142)
	at org.eclipse.yasson@3.0.3/org.eclipse.yasson.internal.DeserializationContextImpl.deserialize(DeserializationContextImpl.java:127)
	at org.eclipse.yasson@3.0.3/org.eclipse.yasson.internal.JsonBinding.deserialize(JsonBinding.java:55)
	at org.eclipse.yasson@3.0.3/org.eclipse.yasson.internal.JsonBinding.fromJson(JsonBinding.java:62)
	at hr.javafx.energycms/hr.javafx.energycms.repository.JsonRepository.loadStandardDevices(JsonRepository.java:39)
	at hr.javafx.energycms/hr.javafx.energycms.controllers.MeasurementsController.loadData(MeasurementsController.java:69)
	at hr.javafx.energycms/hr.javafx.energycms.controllers.MeasurementsController.initialize(MeasurementsController.java:43)
	at java.base/jdk.internal.reflect.DirectMethodHandleAccessor.invoke(DirectMethodHandleAccessor.java:104)
	at java.base/java.lang.reflect.Method.invoke(Method.java:565)
	at com.sun.javafx.reflect.Trampoline.invoke(MethodUtil.java:72)
	at java.base/jdk.internal.reflect.DirectMethodHandleAccessor.invoke(DirectMethodHandleAccessor.java:104)
	at java.base/java.lang.reflect.Method.invoke(Method.java:565)
	at javafx.base@21.0.6/com.sun.javafx.reflect.MethodUtil.invoke(MethodUtil.java:270)
	at javafx.fxml@21.0.6/com.sun.javafx.fxml.MethodHelper.invoke(MethodHelper.java:84)
	at javafx.fxml@21.0.6/javafx.fxml.FXMLLoader.loadImpl(FXMLLoader.java:2688)
	at javafx.fxml@21.0.6/javafx.fxml.FXMLLoader.loadImpl(FXMLLoader.java:2563)
	at javafx.fxml@21.0.6/javafx.fxml.FXMLLoader.load(FXMLLoader.java:2531)
	at hr.javafx.energycms/hr.javafx.energycms.controllers.MenuController.showMeasurementsList(MenuController.java:19)
	at java.base/jdk.internal.reflect.DirectMethodHandleAccessor.invoke(DirectMethodHandleAccessor.java:104)
	at java.base/java.lang.reflect.Method.invoke(Method.java:565)
	at com.sun.javafx.reflect.Trampoline.invoke(MethodUtil.java:72)
	at java.base/jdk.internal.reflect.DirectMethodHandleAccessor.invoke(DirectMethodHandleAccessor.java:104)
	at java.base/java.lang.reflect.Method.invoke(Method.java:565)
	at javafx.base@21.0.6/com.sun.javafx.reflect.MethodUtil.invoke(MethodUtil.java:270)
	at javafx.fxml@21.0.6/com.sun.javafx.fxml.MethodHelper.invoke(MethodHelper.java:84)
	at javafx.fxml@21.0.6/javafx.fxml.FXMLLoader$MethodHandler.invoke(FXMLLoader.java:1855)
	at javafx.fxml@21.0.6/javafx.fxml.FXMLLoader$ControllerMethodEventHandler.handle(FXMLLoader.java:1726)
	at javafx.base@21.0.6/com.sun.javafx.event.CompositeEventHandler.dispatchBubblingEvent(CompositeEventHandler.java:86)
	at javafx.base@21.0.6/com.sun.javafx.event.EventHandlerManager.dispatchBubblingEvent(EventHandlerManager.java:232)
	at javafx.base@21.0.6/com.sun.javafx.event.EventHandlerManager.dispatchBubblingEvent(EventHandlerManager.java:189)
	at javafx.base@21.0.6/com.sun.javafx.event.BasicEventDispatcher.dispatchEvent(BasicEventDispatcher.java:58)
	at javafx.base@21.0.6/com.sun.javafx.event.EventDispatchChainImpl.dispatchEvent(EventDispatchChainImpl.java:114)
	at javafx.base@21.0.6/com.sun.javafx.event.EventUtil.fireEventImpl(EventUtil.java:74)
	at javafx.base@21.0.6/com.sun.javafx.event.EventUtil.fireEvent(EventUtil.java:49)
	at javafx.base@21.0.6/javafx.event.Event.fireEvent(Event.java:198)
	at javafx.controls@21.0.6/javafx.scene.control.MenuItem.fire(MenuItem.java:459)
	at javafx.controls@21.0.6/com.sun.javafx.scene.control.ContextMenuContent$MenuItemContainer.doSelect(ContextMenuContent.java:1415)
	at javafx.controls@21.0.6/com.sun.javafx.scene.control.ContextMenuContent$MenuItemContainer.lambda$createChildren$12(ContextMenuContent.java:1368)
	at javafx.base@21.0.6/com.sun.javafx.event.CompositeEventHandler$NormalEventHandlerRecord.handleBubblingEvent(CompositeEventHandler.java:247)
	at javafx.base@21.0.6/com.sun.javafx.event.CompositeEventHandler.dispatchBubblingEvent(CompositeEventHandler.java:80)
	at javafx.base@21.0.6/com.sun.javafx.event.EventHandlerManager.dispatchBubblingEvent(EventHandlerManager.java:232)
	at javafx.base@21.0.6/com.sun.javafx.event.EventHandlerManager.dispatchBubblingEvent(EventHandlerManager.java:189)
	at javafx.base@21.0.6/com.sun.javafx.event.CompositeEventDispatcher.dispatchBubblingEvent(CompositeEventDispatcher.java:59)
	at javafx.base@21.0.6/com.sun.javafx.event.BasicEventDispatcher.dispatchEvent(BasicEventDispatcher.java:58)
	at javafx.base@21.0.6/com.sun.javafx.event.EventDispatchChainImpl.dispatchEvent(EventDispatchChainImpl.java:114)
	at javafx.base@21.0.6/com.sun.javafx.event.BasicEventDispatcher.dispatchEvent(BasicEventDispatcher.java:56)
	at javafx.base@21.0.6/com.sun.javafx.event.EventDispatchChainImpl.dispatchEvent(EventDispatchChainImpl.java:114)
	at javafx.base@21.0.6/com.sun.javafx.event.BasicEventDispatcher.dispatchEvent(BasicEventDispatcher.java:56)
	at javafx.base@21.0.6/com.sun.javafx.event.EventDispatchChainImpl.dispatchEvent(EventDispatchChainImpl.java:114)
	at javafx.base@21.0.6/com.sun.javafx.event.BasicEventDispatcher.dispatchEvent(BasicEventDispatcher.java:56)
	at javafx.base@21.0.6/com.sun.javafx.event.EventDispatchChainImpl.dispatchEvent(EventDispatchChainImpl.java:114)
	at javafx.base@21.0.6/com.sun.javafx.event.EventUtil.fireEventImpl(EventUtil.java:74)
	at javafx.base@21.0.6/com.sun.javafx.event.EventUtil.fireEvent(EventUtil.java:54)
	at javafx.base@21.0.6/javafx.event.Event.fireEvent(Event.java:198)
	at javafx.graphics@21.0.6/javafx.scene.Scene$MouseHandler.process(Scene.java:3984)
	at javafx.graphics@21.0.6/javafx.scene.Scene.processMouseEvent(Scene.java:1890)
	at javafx.graphics@21.0.6/javafx.scene.Scene$ScenePeerListener.mouseEvent(Scene.java:2708)
	at javafx.graphics@21.0.6/com.sun.javafx.tk.quantum.GlassViewEventHandler$MouseEventNotification.run(GlassViewEventHandler.java:411)
	at javafx.graphics@21.0.6/com.sun.javafx.tk.quantum.GlassViewEventHandler$MouseEventNotification.run(GlassViewEventHandler.java:301)
	at java.base/java.security.AccessController.doPrivileged(AccessController.java:138)
	at javafx.graphics@21.0.6/com.sun.javafx.tk.quantum.GlassViewEventHandler.lambda$handleMouseEvent$2(GlassViewEventHandler.java:450)
	at javafx.graphics@21.0.6/com.sun.javafx.tk.quantum.QuantumToolkit.runWithoutRenderLock(QuantumToolkit.java:424)
	at javafx.graphics@21.0.6/com.sun.javafx.tk.quantum.GlassViewEventHandler.handleMouseEvent(GlassViewEventHandler.java:449)
	at javafx.graphics@21.0.6/com.sun.glass.ui.View.handleMouseEvent(View.java:551)
	at javafx.graphics@21.0.6/com.sun.glass.ui.View.notifyMouse(View.java:937)
	at javafx.graphics@21.0.6/com.sun.glass.ui.win.WinApplication._runLoop(Native Method)
	at javafx.graphics@21.0.6/com.sun.glass.ui.win.WinApplication.lambda$runLoop$3(WinApplication.java:185)
	at java.base/java.lang.Thread.run(Thread.java:1474)
Caused by: jakarta.json.stream.JsonParsingException: Invalid token=SQUARECLOSE at (line no=52, column no=1, offset=1151). Expected tokens are: [COMMA]
	at org.eclipse.parsson@1.1.0/org.eclipse.parsson.JsonParserImpl.parsingException(JsonParserImpl.java:464)
	at org.eclipse.parsson@1.1.0/org.eclipse.parsson.JsonParserImpl.access$1100(JsonParserImpl.java:56)
	at org.eclipse.parsson@1.1.0/org.eclipse.parsson.JsonParserImpl$ObjectContext.getNextEvent(JsonParserImpl.java:518)
	at org.eclipse.parsson@1.1.0/org.eclipse.parsson.JsonParserImpl.next(JsonParserImpl.java:382)
	at org.eclipse.yasson@3.0.3/org.eclipse.yasson.internal.deserializer.ObjectDeserializer.deserialize(ObjectDeserializer.java:63)
	at org.eclipse.yasson@3.0.3/org.eclipse.yasson.internal.deserializer.ObjectDeserializer.deserialize(ObjectDeserializer.java:31)
	at org.eclipse.yasson@3.0.3/org.eclipse.yasson.internal.deserializer.DefaultObjectInstanceCreator.deserialize(DefaultObjectInstanceCreator.java:57)
	at org.eclipse.yasson@3.0.3/org.eclipse.yasson.internal.deserializer.DefaultObjectInstanceCreator.deserialize(DefaultObjectInstanceCreator.java:29)
	at org.eclipse.yasson@3.0.3/org.eclipse.yasson.internal.deserializer.PositionChecker.deserialize(PositionChecker.java:85)
	at org.eclipse.yasson@3.0.3/org.eclipse.yasson.internal.deserializer.PositionChecker.deserialize(PositionChecker.java:34)
	at org.eclipse.yasson@3.0.3/org.eclipse.yasson.internal.deserializer.NullCheckDeserializer.deserialize(NullCheckDeserializer.java:46)
	at org.eclipse.yasson@3.0.3/org.eclipse.yasson.internal.deserializer.NullCheckDeserializer.deserialize(NullCheckDeserializer.java:26)
	at org.eclipse.yasson@3.0.3/org.eclipse.yasson.internal.deserializer.ContextSwitcher.deserialize(ContextSwitcher.java:36)
	at org.eclipse.yasson@3.0.3/org.eclipse.yasson.internal.deserializer.ContextSwitcher.deserialize(ContextSwitcher.java:22)
	at org.eclipse.yasson@3.0.3/org.eclipse.yasson.internal.deserializer.ArrayDeserializer.deserialize(ArrayDeserializer.java:49)
	at org.eclipse.yasson@3.0.3/org.eclipse.yasson.internal.deserializer.ArrayDeserializer.deserialize(ArrayDeserializer.java:26)
	at org.eclipse.yasson@3.0.3/org.eclipse.yasson.internal.deserializer.ArrayInstanceCreator.deserialize(ArrayInstanceCreator.java:68)
	at org.eclipse.yasson@3.0.3/org.eclipse.yasson.internal.deserializer.ArrayInstanceCreator$ObjectArrayCreator.deserialize(ArrayInstanceCreator.java:226)
	at org.eclipse.yasson@3.0.3/org.eclipse.yasson.internal.deserializer.PositionChecker.deserialize(PositionChecker.java:85)
	at org.eclipse.yasson@3.0.3/org.eclipse.yasson.internal.deserializer.PositionChecker.deserialize(PositionChecker.java:34)
	at org.eclipse.yasson@3.0.3/org.eclipse.yasson.internal.deserializer.NullCheckDeserializer.deserialize(NullCheckDeserializer.java:46)
	at org.eclipse.yasson@3.0.3/org.eclipse.yasson.internal.deserializer.NullCheckDeserializer.deserialize(NullCheckDeserializer.java:26)
	at org.eclipse.yasson@3.0.3/org.eclipse.yasson.internal.DeserializationContextImpl.deserializeItem(DeserializationContextImpl.java:138)
	... 67 common frames omitted
2026-02-16 00:50:57.464 [JavaFX Application Thread] ERROR h.j.e.app.MainConsoleLauncher - Greška pri učitavanju standardnih uređaja
jakarta.json.bind.JsonbException: Internal error: Invalid token=SQUARECLOSE at (line no=52, column no=1, offset=1151). Expected tokens are: [COMMA]
	at org.eclipse.yasson@3.0.3/org.eclipse.yasson.internal.DeserializationContextImpl.deserializeItem(DeserializationContextImpl.java:142)
	at org.eclipse.yasson@3.0.3/org.eclipse.yasson.internal.DeserializationContextImpl.deserialize(DeserializationContextImpl.java:127)
	at org.eclipse.yasson@3.0.3/org.eclipse.yasson.internal.JsonBinding.deserialize(JsonBinding.java:55)
	at org.eclipse.yasson@3.0.3/org.eclipse.yasson.internal.JsonBinding.fromJson(JsonBinding.java:62)
	at hr.javafx.energycms/hr.javafx.energycms.repository.JsonRepository.loadStandardDevices(JsonRepository.java:39)
	at hr.javafx.energycms/hr.javafx.energycms.controllers.MeasurementsController.loadData(MeasurementsController.java:69)
	at hr.javafx.energycms/hr.javafx.energycms.controllers.MeasurementsController.initialize(MeasurementsController.java:62)
	at java.base/jdk.internal.reflect.DirectMethodHandleAccessor.invoke(DirectMethodHandleAccessor.java:104)
	at java.base/java.lang.reflect.Method.invoke(Method.java:565)
	at com.sun.javafx.reflect.Trampoline.invoke(MethodUtil.java:72)
	at java.base/jdk.internal.reflect.DirectMethodHandleAccessor.invoke(DirectMethodHandleAccessor.java:104)
	at java.base/java.lang.reflect.Method.invoke(Method.java:565)
	at javafx.base@21.0.6/com.sun.javafx.reflect.MethodUtil.invoke(MethodUtil.java:270)
	at javafx.fxml@21.0.6/com.sun.javafx.fxml.MethodHelper.invoke(MethodHelper.java:84)
	at javafx.fxml@21.0.6/javafx.fxml.FXMLLoader.loadImpl(FXMLLoader.java:2688)
	at javafx.fxml@21.0.6/javafx.fxml.FXMLLoader.loadImpl(FXMLLoader.java:2563)
	at javafx.fxml@21.0.6/javafx.fxml.FXMLLoader.load(FXMLLoader.java:2531)
	at hr.javafx.energycms/hr.javafx.energycms.controllers.MenuController.showMeasurementsList(MenuController.java:19)
	at java.base/jdk.internal.reflect.DirectMethodHandleAccessor.invoke(DirectMethodHandleAccessor.java:104)
	at java.base/java.lang.reflect.Method.invoke(Method.java:565)
	at com.sun.javafx.reflect.Trampoline.invoke(MethodUtil.java:72)
	at java.base/jdk.internal.reflect.DirectMethodHandleAccessor.invoke(DirectMethodHandleAccessor.java:104)
	at java.base/java.lang.reflect.Method.invoke(Method.java:565)
	at javafx.base@21.0.6/com.sun.javafx.reflect.MethodUtil.invoke(MethodUtil.java:270)
	at javafx.fxml@21.0.6/com.sun.javafx.fxml.MethodHelper.invoke(MethodHelper.java:84)
	at javafx.fxml@21.0.6/javafx.fxml.FXMLLoader$MethodHandler.invoke(FXMLLoader.java:1855)
	at javafx.fxml@21.0.6/javafx.fxml.FXMLLoader$ControllerMethodEventHandler.handle(FXMLLoader.java:1726)
	at javafx.base@21.0.6/com.sun.javafx.event.CompositeEventHandler.dispatchBubblingEvent(CompositeEventHandler.java:86)
	at javafx.base@21.0.6/com.sun.javafx.event.EventHandlerManager.dispatchBubblingEvent(EventHandlerManager.java:232)
	at javafx.base@21.0.6/com.sun.javafx.event.EventHandlerManager.dispatchBubblingEvent(EventHandlerManager.java:189)
	at javafx.base@21.0.6/com.sun.javafx.event.BasicEventDispatcher.dispatchEvent(BasicEventDispatcher.java:58)
	at javafx.base@21.0.6/com.sun.javafx.event.EventDispatchChainImpl.dispatchEvent(EventDispatchChainImpl.java:114)
	at javafx.base@21.0.6/com.sun.javafx.event.EventUtil.fireEventImpl(EventUtil.java:74)
	at javafx.base@21.0.6/com.sun.javafx.event.EventUtil.fireEvent(EventUtil.java:49)
	at javafx.base@21.0.6/javafx.event.Event.fireEvent(Event.java:198)
	at javafx.controls@21.0.6/javafx.scene.control.MenuItem.fire(MenuItem.java:459)
	at javafx.controls@21.0.6/com.sun.javafx.scene.control.ContextMenuContent$MenuItemContainer.doSelect(ContextMenuContent.java:1415)
	at javafx.controls@21.0.6/com.sun.javafx.scene.control.ContextMenuContent$MenuItemContainer.lambda$createChildren$12(ContextMenuContent.java:1368)
	at javafx.base@21.0.6/com.sun.javafx.event.CompositeEventHandler$NormalEventHandlerRecord.handleBubblingEvent(CompositeEventHandler.java:247)
	at javafx.base@21.0.6/com.sun.javafx.event.CompositeEventHandler.dispatchBubblingEvent(CompositeEventHandler.java:80)
	at javafx.base@21.0.6/com.sun.javafx.event.EventHandlerManager.dispatchBubblingEvent(EventHandlerManager.java:232)
	at javafx.base@21.0.6/com.sun.javafx.event.EventHandlerManager.dispatchBubblingEvent(EventHandlerManager.java:189)
	at javafx.base@21.0.6/com.sun.javafx.event.CompositeEventDispatcher.dispatchBubblingEvent(CompositeEventDispatcher.java:59)
	at javafx.base@21.0.6/com.sun.javafx.event.BasicEventDispatcher.dispatchEvent(BasicEventDispatcher.java:58)
	at javafx.base@21.0.6/com.sun.javafx.event.EventDispatchChainImpl.dispatchEvent(EventDispatchChainImpl.java:114)
	at javafx.base@21.0.6/com.sun.javafx.event.BasicEventDispatcher.dispatchEvent(BasicEventDispatcher.java:56)
	at javafx.base@21.0.6/com.sun.javafx.event.EventDispatchChainImpl.dispatchEvent(EventDispatchChainImpl.java:114)
	at javafx.base@21.0.6/com.sun.javafx.event.BasicEventDispatcher.dispatchEvent(BasicEventDispatcher.java:56)
	at javafx.base@21.0.6/com.sun.javafx.event.EventDispatchChainImpl.dispatchEvent(EventDispatchChainImpl.java:114)
	at javafx.base@21.0.6/com.sun.javafx.event.BasicEventDispatcher.dispatchEvent(BasicEventDispatcher.java:56)
	at javafx.base@21.0.6/com.sun.javafx.event.EventDispatchChainImpl.dispatchEvent(EventDispatchChainImpl.java:114)
	at javafx.base@21.0.6/com.sun.javafx.event.EventUtil.fireEventImpl(EventUtil.java:74)
	at javafx.base@21.0.6/com.sun.javafx.event.EventUtil.fireEvent(EventUtil.java:54)
	at javafx.base@21.0.6/javafx.event.Event.fireEvent(Event.java:198)
	at javafx.graphics@21.0.6/javafx.scene.Scene$MouseHandler.process(Scene.java:3984)
	at javafx.graphics@21.0.6/javafx.scene.Scene.processMouseEvent(Scene.java:1890)
	at javafx.graphics@21.0.6/javafx.scene.Scene$ScenePeerListener.mouseEvent(Scene.java:2708)
	at javafx.graphics@21.0.6/com.sun.javafx.tk.quantum.GlassViewEventHandler$MouseEventNotification.run(GlassViewEventHandler.java:411)
	at javafx.graphics@21.0.6/com.sun.javafx.tk.quantum.GlassViewEventHandler$MouseEventNotification.run(GlassViewEventHandler.java:301)
	at java.base/java.security.AccessController.doPrivileged(AccessController.java:138)
	at javafx.graphics@21.0.6/com.sun.javafx.tk.quantum.GlassViewEventHandler.lambda$handleMouseEvent$2(GlassViewEventHandler.java:450)
	at javafx.graphics@21.0.6/com.sun.javafx.tk.quantum.QuantumToolkit.runWithoutRenderLock(QuantumToolkit.java:424)
	at javafx.graphics@21.0.6/com.sun.javafx.tk.quantum.GlassViewEventHandler.handleMouseEvent(GlassViewEventHandler.java:449)
	at javafx.graphics@21.0.6/com.sun.glass.ui.View.handleMouseEvent(View.java:551)
	at javafx.graphics@21.0.6/com.sun.glass.ui.View.notifyMouse(View.java:937)
	at javafx.graphics@21.0.6/com.sun.glass.ui.win.WinApplication._runLoop(Native Method)
	at javafx.graphics@21.0.6/com.sun.glass.ui.win.WinApplication.lambda$runLoop$3(WinApplication.java:185)
	at java.base/java.lang.Thread.run(Thread.java:1474)
Caused by: jakarta.json.stream.JsonParsingException: Invalid token=SQUARECLOSE at (line no=52, column no=1, offset=1151). Expected tokens are: [COMMA]
	at org.eclipse.parsson@1.1.0/org.eclipse.parsson.JsonParserImpl.parsingException(JsonParserImpl.java:464)
	at org.eclipse.parsson@1.1.0/org.eclipse.parsson.JsonParserImpl.access$1100(JsonParserImpl.java:56)
	at org.eclipse.parsson@1.1.0/org.eclipse.parsson.JsonParserImpl$ObjectContext.getNextEvent(JsonParserImpl.java:518)
	at org.eclipse.parsson@1.1.0/org.eclipse.parsson.JsonParserImpl.next(JsonParserImpl.java:382)
	at org.eclipse.yasson@3.0.3/org.eclipse.yasson.internal.deserializer.ObjectDeserializer.deserialize(ObjectDeserializer.java:63)
	at org.eclipse.yasson@3.0.3/org.eclipse.yasson.internal.deserializer.ObjectDeserializer.deserialize(ObjectDeserializer.java:31)
	at org.eclipse.yasson@3.0.3/org.eclipse.yasson.internal.deserializer.DefaultObjectInstanceCreator.deserialize(DefaultObjectInstanceCreator.java:57)
	at org.eclipse.yasson@3.0.3/org.eclipse.yasson.internal.deserializer.DefaultObjectInstanceCreator.deserialize(DefaultObjectInstanceCreator.java:29)
	at org.eclipse.yasson@3.0.3/org.eclipse.yasson.internal.deserializer.PositionChecker.deserialize(PositionChecker.java:85)
	at org.eclipse.yasson@3.0.3/org.eclipse.yasson.internal.deserializer.PositionChecker.deserialize(PositionChecker.java:34)
	at org.eclipse.yasson@3.0.3/org.eclipse.yasson.internal.deserializer.NullCheckDeserializer.deserialize(NullCheckDeserializer.java:46)
	at org.eclipse.yasson@3.0.3/org.eclipse.yasson.internal.deserializer.NullCheckDeserializer.deserialize(NullCheckDeserializer.java:26)
	at org.eclipse.yasson@3.0.3/org.eclipse.yasson.internal.deserializer.ContextSwitcher.deserialize(ContextSwitcher.java:36)
	at org.eclipse.yasson@3.0.3/org.eclipse.yasson.internal.deserializer.ContextSwitcher.deserialize(ContextSwitcher.java:22)
	at org.eclipse.yasson@3.0.3/org.eclipse.yasson.internal.deserializer.ArrayDeserializer.deserialize(ArrayDeserializer.java:49)
	at org.eclipse.yasson@3.0.3/org.eclipse.yasson.internal.deserializer.ArrayDeserializer.deserialize(ArrayDeserializer.java:26)
	at org.eclipse.yasson@3.0.3/org.eclipse.yasson.internal.deserializer.ArrayInstanceCreator.deserialize(ArrayInstanceCreator.java:68)
	at org.eclipse.yasson@3.0.3/org.eclipse.yasson.internal.deserializer.ArrayInstanceCreator$ObjectArrayCreator.deserialize(ArrayInstanceCreator.java:226)
	at org.eclipse.yasson@3.0.3/org.eclipse.yasson.internal.deserializer.PositionChecker.deserialize(PositionChecker.java:85)
	at org.eclipse.yasson@3.0.3/org.eclipse.yasson.internal.deserializer.PositionChecker.deserialize(PositionChecker.java:34)
	at org.eclipse.yasson@3.0.3/org.eclipse.yasson.internal.deserializer.NullCheckDeserializer.deserialize(NullCheckDeserializer.java:46)
	at org.eclipse.yasson@3.0.3/org.eclipse.yasson.internal.deserializer.NullCheckDeserializer.deserialize(NullCheckDeserializer.java:26)
	at org.eclipse.yasson@3.0.3/org.eclipse.yasson.internal.DeserializationContextImpl.deserializeItem(DeserializationContextImpl.java:138)
	... 67 common frames omitted
2026-02-16 00:53:32.555 [JavaFX Application Thread] ERROR h.j.e.app.MainConsoleLauncher - Greška pri učitavanju standardnih uređaja
jakarta.json.bind.JsonbException: Internal error: Invalid token=SQUARECLOSE at (line no=52, column no=1, offset=1151). Expected tokens are: [COMMA]
	at org.eclipse.yasson@3.0.3/org.eclipse.yasson.internal.DeserializationContextImpl.deserializeItem(DeserializationContextImpl.java:142)
	at org.eclipse.yasson@3.0.3/org.eclipse.yasson.internal.DeserializationContextImpl.deserialize(DeserializationContextImpl.java:127)
	at org.eclipse.yasson@3.0.3/org.eclipse.yasson.internal.JsonBinding.deserialize(JsonBinding.java:55)
	at org.eclipse.yasson@3.0.3/org.eclipse.yasson.internal.JsonBinding.fromJson(JsonBinding.java:62)
	at hr.javafx.energycms/hr.javafx.energycms.repository.JsonRepository.loadStandardDevices(JsonRepository.java:39)
	at hr.javafx.energycms/hr.javafx.energycms.controllers.MeasurementsController.loadData(MeasurementsController.java:69)
	at hr.javafx.energycms/hr.javafx.energycms.controllers.MeasurementsController.initialize(MeasurementsController.java:43)
	at java.base/jdk.internal.reflect.DirectMethodHandleAccessor.invoke(DirectMethodHandleAccessor.java:104)
	at java.base/java.lang.reflect.Method.invoke(Method.java:565)
	at com.sun.javafx.reflect.Trampoline.invoke(MethodUtil.java:72)
	at java.base/jdk.internal.reflect.DirectMethodHandleAccessor.invoke(DirectMethodHandleAccessor.java:104)
	at java.base/java.lang.reflect.Method.invoke(Method.java:565)
	at javafx.base@21.0.6/com.sun.javafx.reflect.MethodUtil.invoke(MethodUtil.java:270)
	at javafx.fxml@21.0.6/com.sun.javafx.fxml.MethodHelper.invoke(MethodHelper.java:84)
	at javafx.fxml@21.0.6/javafx.fxml.FXMLLoader.loadImpl(FXMLLoader.java:2688)
	at javafx.fxml@21.0.6/javafx.fxml.FXMLLoader.loadImpl(FXMLLoader.java:2563)
	at javafx.fxml@21.0.6/javafx.fxml.FXMLLoader.load(FXMLLoader.java:2531)
	at hr.javafx.energycms/hr.javafx.energycms.controllers.MenuController.showMeasurementsList(MenuController.java:19)
	at java.base/jdk.internal.reflect.DirectMethodHandleAccessor.invoke(DirectMethodHandleAccessor.java:104)
	at java.base/java.lang.reflect.Method.invoke(Method.java:565)
	at com.sun.javafx.reflect.Trampoline.invoke(MethodUtil.java:72)
	at java.base/jdk.internal.reflect.DirectMethodHandleAccessor.invoke(DirectMethodHandleAccessor.java:104)
	at java.base/java.lang.reflect.Method.invoke(Method.java:565)
	at javafx.base@21.0.6/com.sun.javafx.reflect.MethodUtil.invoke(MethodUtil.java:270)
	at javafx.fxml@21.0.6/com.sun.javafx.fxml.MethodHelper.invoke(MethodHelper.java:84)
	at javafx.fxml@21.0.6/javafx.fxml.FXMLLoader$MethodHandler.invoke(FXMLLoader.java:1855)
	at javafx.fxml@21.0.6/javafx.fxml.FXMLLoader$ControllerMethodEventHandler.handle(FXMLLoader.java:1726)
	at javafx.base@21.0.6/com.sun.javafx.event.CompositeEventHandler.dispatchBubblingEvent(CompositeEventHandler.java:86)
	at javafx.base@21.0.6/com.sun.javafx.event.EventHandlerManager.dispatchBubblingEvent(EventHandlerManager.java:232)
	at javafx.base@21.0.6/com.sun.javafx.event.EventHandlerManager.dispatchBubblingEvent(EventHandlerManager.java:189)
	at javafx.base@21.0.6/com.sun.javafx.event.BasicEventDispatcher.dispatchEvent(BasicEventDispatcher.java:58)
	at javafx.base@21.0.6/com.sun.javafx.event.EventDispatchChainImpl.dispatchEvent(EventDispatchChainImpl.java:114)
	at javafx.base@21.0.6/com.sun.javafx.event.EventUtil.fireEventImpl(EventUtil.java:74)
	at javafx.base@21.0.6/com.sun.javafx.event.EventUtil.fireEvent(EventUtil.java:49)
	at javafx.base@21.0.6/javafx.event.Event.fireEvent(Event.java:198)
	at javafx.controls@21.0.6/javafx.scene.control.MenuItem.fire(MenuItem.java:459)
	at javafx.controls@21.0.6/com.sun.javafx.scene.control.ContextMenuContent$MenuItemContainer.doSelect(ContextMenuContent.java:1415)
	at javafx.controls@21.0.6/com.sun.javafx.scene.control.ContextMenuContent$MenuItemContainer.lambda$createChildren$12(ContextMenuContent.java:1368)
	at javafx.base@21.0.6/com.sun.javafx.event.CompositeEventHandler$NormalEventHandlerRecord.handleBubblingEvent(CompositeEventHandler.java:247)
	at javafx.base@21.0.6/com.sun.javafx.event.CompositeEventHandler.dispatchBubblingEvent(CompositeEventHandler.java:80)
	at javafx.base@21.0.6/com.sun.javafx.event.EventHandlerManager.dispatchBubblingEvent(EventHandlerManager.java:232)
	at javafx.base@21.0.6/com.sun.javafx.event.EventHandlerManager.dispatchBubblingEvent(EventHandlerManager.java:189)
	at javafx.base@21.0.6/com.sun.javafx.event.CompositeEventDispatcher.dispatchBubblingEvent(CompositeEventDispatcher.java:59)
	at javafx.base@21.0.6/com.sun.javafx.event.BasicEventDispatcher.dispatchEvent(BasicEventDispatcher.java:58)
	at javafx.base@21.0.6/com.sun.javafx.event.EventDispatchChainImpl.dispatchEvent(EventDispatchChainImpl.java:114)
	at javafx.base@21.0.6/com.sun.javafx.event.BasicEventDispatcher.dispatchEvent(BasicEventDispatcher.java:56)
	at javafx.base@21.0.6/com.sun.javafx.event.EventDispatchChainImpl.dispatchEvent(EventDispatchChainImpl.java:114)
	at javafx.base@21.0.6/com.sun.javafx.event.BasicEventDispatcher.dispatchEvent(BasicEventDispatcher.java:56)
	at javafx.base@21.0.6/com.sun.javafx.event.EventDispatchChainImpl.dispatchEvent(EventDispatchChainImpl.java:114)
	at javafx.base@21.0.6/com.sun.javafx.event.BasicEventDispatcher.dispatchEvent(BasicEventDispatcher.java:56)
	at javafx.base@21.0.6/com.sun.javafx.event.EventDispatchChainImpl.dispatchEvent(EventDispatchChainImpl.java:114)
	at javafx.base@21.0.6/com.sun.javafx.event.EventUtil.fireEventImpl(EventUtil.java:74)
	at javafx.base@21.0.6/com.sun.javafx.event.EventUtil.fireEvent(EventUtil.java:54)
	at javafx.base@21.0.6/javafx.event.Event.fireEvent(Event.java:198)
	at javafx.graphics@21.0.6/javafx.scene.Scene$MouseHandler.process(Scene.java:3984)
	at javafx.graphics@21.0.6/javafx.scene.Scene.processMouseEvent(Scene.java:1890)
	at javafx.graphics@21.0.6/javafx.scene.Scene$ScenePeerListener.mouseEvent(Scene.java:2708)
	at javafx.graphics@21.0.6/com.sun.javafx.tk.quantum.GlassViewEventHandler$MouseEventNotification.run(GlassViewEventHandler.java:411)
	at javafx.graphics@21.0.6/com.sun.javafx.tk.quantum.GlassViewEventHandler$MouseEventNotification.run(GlassViewEventHandler.java:301)
	at java.base/java.security.AccessController.doPrivileged(AccessController.java:138)
	at javafx.graphics@21.0.6/com.sun.javafx.tk.quantum.GlassViewEventHandler.lambda$handleMouseEvent$2(GlassViewEventHandler.java:450)
	at javafx.graphics@21.0.6/com.sun.javafx.tk.quantum.QuantumToolkit.runWithoutRenderLock(QuantumToolkit.java:424)
	at javafx.graphics@21.0.6/com.sun.javafx.tk.quantum.GlassViewEventHandler.handleMouseEvent(GlassViewEventHandler.java:449)
	at javafx.graphics@21.0.6/com.sun.glass.ui.View.handleMouseEvent(View.java:551)
	at javafx.graphics@21.0.6/com.sun.glass.ui.View.notifyMouse(View.java:937)
	at javafx.graphics@21.0.6/com.sun.glass.ui.win.WinApplication._runLoop(Native Method)
	at javafx.graphics@21.0.6/com.sun.glass.ui.win.WinApplication.lambda$runLoop$3(WinApplication.java:185)
	at java.base/java.lang.Thread.run(Thread.java:1474)
Caused by: jakarta.json.stream.JsonParsingException: Invalid token=SQUARECLOSE at (line no=52, column no=1, offset=1151). Expected tokens are: [COMMA]
	at org.eclipse.parsson@1.1.0/org.eclipse.parsson.JsonParserImpl.parsingException(JsonParserImpl.java:464)
	at org.eclipse.parsson@1.1.0/org.eclipse.parsson.JsonParserImpl.access$1100(JsonParserImpl.java:56)
	at org.eclipse.parsson@1.1.0/org.eclipse.parsson.JsonParserImpl$ObjectContext.getNextEvent(JsonParserImpl.java:518)
	at org.eclipse.parsson@1.1.0/org.eclipse.parsson.JsonParserImpl.next(JsonParserImpl.java:382)
	at org.eclipse.yasson@3.0.3/org.eclipse.yasson.internal.deserializer.ObjectDeserializer.deserialize(ObjectDeserializer.java:63)
	at org.eclipse.yasson@3.0.3/org.eclipse.yasson.internal.deserializer.ObjectDeserializer.deserialize(ObjectDeserializer.java:31)
	at org.eclipse.yasson@3.0.3/org.eclipse.yasson.internal.deserializer.DefaultObjectInstanceCreator.deserialize(DefaultObjectInstanceCreator.java:57)
	at org.eclipse.yasson@3.0.3/org.eclipse.yasson.internal.deserializer.DefaultObjectInstanceCreator.deserialize(DefaultObjectInstanceCreator.java:29)
	at org.eclipse.yasson@3.0.3/org.eclipse.yasson.internal.deserializer.PositionChecker.deserialize(PositionChecker.java:85)
	at org.eclipse.yasson@3.0.3/org.eclipse.yasson.internal.deserializer.PositionChecker.deserialize(PositionChecker.java:34)
	at org.eclipse.yasson@3.0.3/org.eclipse.yasson.internal.deserializer.NullCheckDeserializer.deserialize(NullCheckDeserializer.java:46)
	at org.eclipse.yasson@3.0.3/org.eclipse.yasson.internal.deserializer.NullCheckDeserializer.deserialize(NullCheckDeserializer.java:26)
	at org.eclipse.yasson@3.0.3/org.eclipse.yasson.internal.deserializer.ContextSwitcher.deserialize(ContextSwitcher.java:36)
	at org.eclipse.yasson@3.0.3/org.eclipse.yasson.internal.deserializer.ContextSwitcher.deserialize(ContextSwitcher.java:22)
	at org.eclipse.yasson@3.0.3/org.eclipse.yasson.internal.deserializer.ArrayDeserializer.deserialize(ArrayDeserializer.java:49)
	at org.eclipse.yasson@3.0.3/org.eclipse.yasson.internal.deserializer.ArrayDeserializer.deserialize(ArrayDeserializer.java:26)
	at org.eclipse.yasson@3.0.3/org.eclipse.yasson.internal.deserializer.ArrayInstanceCreator.deserialize(ArrayInstanceCreator.java:68)
	at org.eclipse.yasson@3.0.3/org.eclipse.yasson.internal.deserializer.ArrayInstanceCreator$ObjectArrayCreator.deserialize(ArrayInstanceCreator.java:226)
	at org.eclipse.yasson@3.0.3/org.eclipse.yasson.internal.deserializer.PositionChecker.deserialize(PositionChecker.java:85)
	at org.eclipse.yasson@3.0.3/org.eclipse.yasson.internal.deserializer.PositionChecker.deserialize(PositionChecker.java:34)
	at org.eclipse.yasson@3.0.3/org.eclipse.yasson.internal.deserializer.NullCheckDeserializer.deserialize(NullCheckDeserializer.java:46)
	at org.eclipse.yasson@3.0.3/org.eclipse.yasson.internal.deserializer.NullCheckDeserializer.deserialize(NullCheckDeserializer.java:26)
	at org.eclipse.yasson@3.0.3/org.eclipse.yasson.internal.DeserializationContextImpl.deserializeItem(DeserializationContextImpl.java:138)
	... 67 common frames omitted
2026-02-16 00:53:32.583 [JavaFX Application Thread] ERROR h.j.e.app.MainConsoleLauncher - Greška pri učitavanju standardnih uređaja
jakarta.json.bind.JsonbException: Internal error: Invalid token=SQUARECLOSE at (line no=52, column no=1, offset=1151). Expected tokens are: [COMMA]
	at org.eclipse.yasson@3.0.3/org.eclipse.yasson.internal.DeserializationContextImpl.deserializeItem(DeserializationContextImpl.java:142)
	at org.eclipse.yasson@3.0.3/org.eclipse.yasson.internal.DeserializationContextImpl.deserialize(DeserializationContextImpl.java:127)
	at org.eclipse.yasson@3.0.3/org.eclipse.yasson.internal.JsonBinding.deserialize(JsonBinding.java:55)
	at org.eclipse.yasson@3.0.3/org.eclipse.yasson.internal.JsonBinding.fromJson(JsonBinding.java:62)
	at hr.javafx.energycms/hr.javafx.energycms.repository.JsonRepository.loadStandardDevices(JsonRepository.java:39)
	at hr.javafx.energycms/hr.javafx.energycms.controllers.MeasurementsController.loadData(MeasurementsController.java:69)
	at hr.javafx.energycms/hr.javafx.energycms.controllers.MeasurementsController.initialize(MeasurementsController.java:62)
	at java.base/jdk.internal.reflect.DirectMethodHandleAccessor.invoke(DirectMethodHandleAccessor.java:104)
	at java.base/java.lang.reflect.Method.invoke(Method.java:565)
	at com.sun.javafx.reflect.Trampoline.invoke(MethodUtil.java:72)
	at java.base/jdk.internal.reflect.DirectMethodHandleAccessor.invoke(DirectMethodHandleAccessor.java:104)
	at java.base/java.lang.reflect.Method.invoke(Method.java:565)
	at javafx.base@21.0.6/com.sun.javafx.reflect.MethodUtil.invoke(MethodUtil.java:270)
	at javafx.fxml@21.0.6/com.sun.javafx.fxml.MethodHelper.invoke(MethodHelper.java:84)
	at javafx.fxml@21.0.6/javafx.fxml.FXMLLoader.loadImpl(FXMLLoader.java:2688)
	at javafx.fxml@21.0.6/javafx.fxml.FXMLLoader.loadImpl(FXMLLoader.java:2563)
	at javafx.fxml@21.0.6/javafx.fxml.FXMLLoader.load(FXMLLoader.java:2531)
	at hr.javafx.energycms/hr.javafx.energycms.controllers.MenuController.showMeasurementsList(MenuController.java:19)
	at java.base/jdk.internal.reflect.DirectMethodHandleAccessor.invoke(DirectMethodHandleAccessor.java:104)
	at java.base/java.lang.reflect.Method.invoke(Method.java:565)
	at com.sun.javafx.reflect.Trampoline.invoke(MethodUtil.java:72)
	at java.base/jdk.internal.reflect.DirectMethodHandleAccessor.invoke(DirectMethodHandleAccessor.java:104)
	at java.base/java.lang.reflect.Method.invoke(Method.java:565)
	at javafx.base@21.0.6/com.sun.javafx.reflect.MethodUtil.invoke(MethodUtil.java:270)
	at javafx.fxml@21.0.6/com.sun.javafx.fxml.MethodHelper.invoke(MethodHelper.java:84)
	at javafx.fxml@21.0.6/javafx.fxml.FXMLLoader$MethodHandler.invoke(FXMLLoader.java:1855)
	at javafx.fxml@21.0.6/javafx.fxml.FXMLLoader$ControllerMethodEventHandler.handle(FXMLLoader.java:1726)
	at javafx.base@21.0.6/com.sun.javafx.event.CompositeEventHandler.dispatchBubblingEvent(CompositeEventHandler.java:86)
	at javafx.base@21.0.6/com.sun.javafx.event.EventHandlerManager.dispatchBubblingEvent(EventHandlerManager.java:232)
	at javafx.base@21.0.6/com.sun.javafx.event.EventHandlerManager.dispatchBubblingEvent(EventHandlerManager.java:189)
	at javafx.base@21.0.6/com.sun.javafx.event.BasicEventDispatcher.dispatchEvent(BasicEventDispatcher.java:58)
	at javafx.base@21.0.6/com.sun.javafx.event.EventDispatchChainImpl.dispatchEvent(EventDispatchChainImpl.java:114)
	at javafx.base@21.0.6/com.sun.javafx.event.EventUtil.fireEventImpl(EventUtil.java:74)
	at javafx.base@21.0.6/com.sun.javafx.event.EventUtil.fireEvent(EventUtil.java:49)
	at javafx.base@21.0.6/javafx.event.Event.fireEvent(Event.java:198)
	at javafx.controls@21.0.6/javafx.scene.control.MenuItem.fire(MenuItem.java:459)
	at javafx.controls@21.0.6/com.sun.javafx.scene.control.ContextMenuContent$MenuItemContainer.doSelect(ContextMenuContent.java:1415)
	at javafx.controls@21.0.6/com.sun.javafx.scene.control.ContextMenuContent$MenuItemContainer.lambda$createChildren$12(ContextMenuContent.java:1368)
	at javafx.base@21.0.6/com.sun.javafx.event.CompositeEventHandler$NormalEventHandlerRecord.handleBubblingEvent(CompositeEventHandler.java:247)
	at javafx.base@21.0.6/com.sun.javafx.event.CompositeEventHandler.dispatchBubblingEvent(CompositeEventHandler.java:80)
	at javafx.base@21.0.6/com.sun.javafx.event.EventHandlerManager.dispatchBubblingEvent(EventHandlerManager.java:232)
	at javafx.base@21.0.6/com.sun.javafx.event.EventHandlerManager.dispatchBubblingEvent(EventHandlerManager.java:189)
	at javafx.base@21.0.6/com.sun.javafx.event.CompositeEventDispatcher.dispatchBubblingEvent(CompositeEventDispatcher.java:59)
	at javafx.base@21.0.6/com.sun.javafx.event.BasicEventDispatcher.dispatchEvent(BasicEventDispatcher.java:58)
	at javafx.base@21.0.6/com.sun.javafx.event.EventDispatchChainImpl.dispatchEvent(EventDispatchChainImpl.java:114)
	at javafx.base@21.0.6/com.sun.javafx.event.BasicEventDispatcher.dispatchEvent(BasicEventDispatcher.java:56)
	at javafx.base@21.0.6/com.sun.javafx.event.EventDispatchChainImpl.dispatchEvent(EventDispatchChainImpl.java:114)
	at javafx.base@21.0.6/com.sun.javafx.event.BasicEventDispatcher.dispatchEvent(BasicEventDispatcher.java:56)
	at javafx.base@21.0.6/com.sun.javafx.event.EventDispatchChainImpl.dispatchEvent(EventDispatchChainImpl.java:114)
	at javafx.base@21.0.6/com.sun.javafx.event.BasicEventDispatcher.dispatchEvent(BasicEventDispatcher.java:56)
	at javafx.base@21.0.6/com.sun.javafx.event.EventDispatchChainImpl.dispatchEvent(EventDispatchChainImpl.java:114)
	at javafx.base@21.0.6/com.sun.javafx.event.EventUtil.fireEventImpl(EventUtil.java:74)
	at javafx.base@21.0.6/com.sun.javafx.event.EventUtil.fireEvent(EventUtil.java:54)
	at javafx.base@21.0.6/javafx.event.Event.fireEvent(Event.java:198)
	at javafx.graphics@21.0.6/javafx.scene.Scene$MouseHandler.process(Scene.java:3984)
	at javafx.graphics@21.0.6/javafx.scene.Scene.processMouseEvent(Scene.java:1890)
	at javafx.graphics@21.0.6/javafx.scene.Scene$ScenePeerListener.mouseEvent(Scene.java:2708)
	at javafx.graphics@21.0.6/com.sun.javafx.tk.quantum.GlassViewEventHandler$MouseEventNotification.run(GlassViewEventHandler.java:411)
	at javafx.graphics@21.0.6/com.sun.javafx.tk.quantum.GlassViewEventHandler$MouseEventNotification.run(GlassViewEventHandler.java:301)
	at java.base/java.security.AccessController.doPrivileged(AccessController.java:138)
	at javafx.graphics@21.0.6/com.sun.javafx.tk.quantum.GlassViewEventHandler.lambda$handleMouseEvent$2(GlassViewEventHandler.java:450)
	at javafx.graphics@21.0.6/com.sun.javafx.tk.quantum.QuantumToolkit.runWithoutRenderLock(QuantumToolkit.java:424)
	at javafx.graphics@21.0.6/com.sun.javafx.tk.quantum.GlassViewEventHandler.handleMouseEvent(GlassViewEventHandler.java:449)
	at javafx.graphics@21.0.6/com.sun.glass.ui.View.handleMouseEvent(View.java:551)
	at javafx.graphics@21.0.6/com.sun.glass.ui.View.notifyMouse(View.java:937)
	at javafx.graphics@21.0.6/com.sun.glass.ui.win.WinApplication._runLoop(Native Method)
	at javafx.graphics@21.0.6/com.sun.glass.ui.win.WinApplication.lambda$runLoop$3(WinApplication.java:185)
	at java.base/java.lang.Thread.run(Thread.java:1474)
Caused by: jakarta.json.stream.JsonParsingException: Invalid token=SQUARECLOSE at (line no=52, column no=1, offset=1151). Expected tokens are: [COMMA]
	at org.eclipse.parsson@1.1.0/org.eclipse.parsson.JsonParserImpl.parsingException(JsonParserImpl.java:464)
	at org.eclipse.parsson@1.1.0/org.eclipse.parsson.JsonParserImpl.access$1100(JsonParserImpl.java:56)
	at org.eclipse.parsson@1.1.0/org.eclipse.parsson.JsonParserImpl$ObjectContext.getNextEvent(JsonParserImpl.java:518)
	at org.eclipse.parsson@1.1.0/org.eclipse.parsson.JsonParserImpl.next(JsonParserImpl.java:382)
	at org.eclipse.yasson@3.0.3/org.eclipse.yasson.internal.deserializer.ObjectDeserializer.deserialize(ObjectDeserializer.java:63)
	at org.eclipse.yasson@3.0.3/org.eclipse.yasson.internal.deserializer.ObjectDeserializer.deserialize(ObjectDeserializer.java:31)
	at org.eclipse.yasson@3.0.3/org.eclipse.yasson.internal.deserializer.DefaultObjectInstanceCreator.deserialize(DefaultObjectInstanceCreator.java:57)
	at org.eclipse.yasson@3.0.3/org.eclipse.yasson.internal.deserializer.DefaultObjectInstanceCreator.deserialize(DefaultObjectInstanceCreator.java:29)
	at org.eclipse.yasson@3.0.3/org.eclipse.yasson.internal.deserializer.PositionChecker.deserialize(PositionChecker.java:85)
	at org.eclipse.yasson@3.0.3/org.eclipse.yasson.internal.deserializer.PositionChecker.deserialize(PositionChecker.java:34)
	at org.eclipse.yasson@3.0.3/org.eclipse.yasson.internal.deserializer.NullCheckDeserializer.deserialize(NullCheckDeserializer.java:46)
	at org.eclipse.yasson@3.0.3/org.eclipse.yasson.internal.deserializer.NullCheckDeserializer.deserialize(NullCheckDeserializer.java:26)
	at org.eclipse.yasson@3.0.3/org.eclipse.yasson.internal.deserializer.ContextSwitcher.deserialize(ContextSwitcher.java:36)
	at org.eclipse.yasson@3.0.3/org.eclipse.yasson.internal.deserializer.ContextSwitcher.deserialize(ContextSwitcher.java:22)
	at org.eclipse.yasson@3.0.3/org.eclipse.yasson.internal.deserializer.ArrayDeserializer.deserialize(ArrayDeserializer.java:49)
	at org.eclipse.yasson@3.0.3/org.eclipse.yasson.internal.deserializer.ArrayDeserializer.deserialize(ArrayDeserializer.java:26)
	at org.eclipse.yasson@3.0.3/org.eclipse.yasson.internal.deserializer.ArrayInstanceCreator.deserialize(ArrayInstanceCreator.java:68)
	at org.eclipse.yasson@3.0.3/org.eclipse.yasson.internal.deserializer.ArrayInstanceCreator$ObjectArrayCreator.deserialize(ArrayInstanceCreator.java:226)
	at org.eclipse.yasson@3.0.3/org.eclipse.yasson.internal.deserializer.PositionChecker.deserialize(PositionChecker.java:85)
	at org.eclipse.yasson@3.0.3/org.eclipse.yasson.internal.deserializer.PositionChecker.deserialize(PositionChecker.java:34)
	at org.eclipse.yasson@3.0.3/org.eclipse.yasson.internal.deserializer.NullCheckDeserializer.deserialize(NullCheckDeserializer.java:46)
	at org.eclipse.yasson@3.0.3/org.eclipse.yasson.internal.deserializer.NullCheckDeserializer.deserialize(NullCheckDeserializer.java:26)
	at org.eclipse.yasson@3.0.3/org.eclipse.yasson.internal.DeserializationContextImpl.deserializeItem(DeserializationContextImpl.java:138)
	... 67 common frames omitted
2026-02-16 01:33:28.936 [JavaFX Application Thread] ERROR h.j.e.app.MainConsoleLauncher - Greška pri učitavanju standardnih uređaja
jakarta.json.bind.JsonbException: Internal error: Invalid token=SQUARECLOSE at (line no=52, column no=1, offset=1151). Expected tokens are: [COMMA]
	at org.eclipse.yasson@3.0.3/org.eclipse.yasson.internal.DeserializationContextImpl.deserializeItem(DeserializationContextImpl.java:142)
	at org.eclipse.yasson@3.0.3/org.eclipse.yasson.internal.DeserializationContextImpl.deserialize(DeserializationContextImpl.java:127)
	at org.eclipse.yasson@3.0.3/org.eclipse.yasson.internal.JsonBinding.deserialize(JsonBinding.java:55)
	at org.eclipse.yasson@3.0.3/org.eclipse.yasson.internal.JsonBinding.fromJson(JsonBinding.java:62)
	at hr.javafx.energycms/hr.javafx.energycms.repository.JsonRepository.loadStandardDevices(JsonRepository.java:39)
	at hr.javafx.energycms/hr.javafx.energycms.controllers.DevicesController.loadData(DevicesController.java:63)
	at hr.javafx.energycms/hr.javafx.energycms.controllers.DevicesController.initialize(DevicesController.java:57)
	at java.base/jdk.internal.reflect.DirectMethodHandleAccessor.invoke(DirectMethodHandleAccessor.java:104)
	at java.base/java.lang.reflect.Method.invoke(Method.java:565)
	at com.sun.javafx.reflect.Trampoline.invoke(MethodUtil.java:72)
	at java.base/jdk.internal.reflect.DirectMethodHandleAccessor.invoke(DirectMethodHandleAccessor.java:104)
	at java.base/java.lang.reflect.Method.invoke(Method.java:565)
	at javafx.base@21.0.6/com.sun.javafx.reflect.MethodUtil.invoke(MethodUtil.java:270)
	at javafx.fxml@21.0.6/com.sun.javafx.fxml.MethodHelper.invoke(MethodHelper.java:84)
	at javafx.fxml@21.0.6/javafx.fxml.FXMLLoader.loadImpl(FXMLLoader.java:2688)
	at javafx.fxml@21.0.6/javafx.fxml.FXMLLoader.loadImpl(FXMLLoader.java:2563)
	at javafx.fxml@21.0.6/javafx.fxml.FXMLLoader.load(FXMLLoader.java:2531)
	at hr.javafx.energycms/hr.javafx.energycms.controllers.MenuController.showDevicesList(MenuController.java:53)
	at java.base/jdk.internal.reflect.DirectMethodHandleAccessor.invoke(DirectMethodHandleAccessor.java:104)
	at java.base/java.lang.reflect.Method.invoke(Method.java:565)
	at com.sun.javafx.reflect.Trampoline.invoke(MethodUtil.java:72)
	at java.base/jdk.internal.reflect.DirectMethodHandleAccessor.invoke(DirectMethodHandleAccessor.java:104)
	at java.base/java.lang.reflect.Method.invoke(Method.java:565)
	at javafx.base@21.0.6/com.sun.javafx.reflect.MethodUtil.invoke(MethodUtil.java:270)
	at javafx.fxml@21.0.6/com.sun.javafx.fxml.MethodHelper.invoke(MethodHelper.java:84)
	at javafx.fxml@21.0.6/javafx.fxml.FXMLLoader$MethodHandler.invoke(FXMLLoader.java:1855)
	at javafx.fxml@21.0.6/javafx.fxml.FXMLLoader$ControllerMethodEventHandler.handle(FXMLLoader.java:1726)
	at javafx.base@21.0.6/com.sun.javafx.event.CompositeEventHandler.dispatchBubblingEvent(CompositeEventHandler.java:86)
	at javafx.base@21.0.6/com.sun.javafx.event.EventHandlerManager.dispatchBubblingEvent(EventHandlerManager.java:232)
	at javafx.base@21.0.6/com.sun.javafx.event.EventHandlerManager.dispatchBubblingEvent(EventHandlerManager.java:189)
	at javafx.base@21.0.6/com.sun.javafx.event.BasicEventDispatcher.dispatchEvent(BasicEventDispatcher.java:58)
	at javafx.base@21.0.6/com.sun.javafx.event.EventDispatchChainImpl.dispatchEvent(EventDispatchChainImpl.java:114)
	at javafx.base@21.0.6/com.sun.javafx.event.EventUtil.fireEventImpl(EventUtil.java:74)
	at javafx.base@21.0.6/com.sun.javafx.event.EventUtil.fireEvent(EventUtil.java:49)
	at javafx.base@21.0.6/javafx.event.Event.fireEvent(Event.java:198)
	at javafx.controls@21.0.6/javafx.scene.control.MenuItem.fire(MenuItem.java:459)
	at javafx.controls@21.0.6/com.sun.javafx.scene.control.ContextMenuContent$MenuItemContainer.doSelect(ContextMenuContent.java:1415)
	at javafx.controls@21.0.6/com.sun.javafx.scene.control.ContextMenuContent$MenuItemContainer.lambda$createChildren$12(ContextMenuContent.java:1368)
	at javafx.base@21.0.6/com.sun.javafx.event.CompositeEventHandler$NormalEventHandlerRecord.handleBubblingEvent(CompositeEventHandler.java:247)
	at javafx.base@21.0.6/com.sun.javafx.event.CompositeEventHandler.dispatchBubblingEvent(CompositeEventHandler.java:80)
	at javafx.base@21.0.6/com.sun.javafx.event.EventHandlerManager.dispatchBubblingEvent(EventHandlerManager.java:232)
	at javafx.base@21.0.6/com.sun.javafx.event.EventHandlerManager.dispatchBubblingEvent(EventHandlerManager.java:189)
	at javafx.base@21.0.6/com.sun.javafx.event.CompositeEventDispatcher.dispatchBubblingEvent(CompositeEventDispatcher.java:59)
	at javafx.base@21.0.6/com.sun.javafx.event.BasicEventDispatcher.dispatchEvent(BasicEventDispatcher.java:58)
	at javafx.base@21.0.6/com.sun.javafx.event.EventDispatchChainImpl.dispatchEvent(EventDispatchChainImpl.java:114)
	at javafx.base@21.0.6/com.sun.javafx.event.BasicEventDispatcher.dispatchEvent(BasicEventDispatcher.java:56)
	at javafx.base@21.0.6/com.sun.javafx.event.EventDispatchChainImpl.dispatchEvent(EventDispatchChainImpl.java:114)
	at javafx.base@21.0.6/com.sun.javafx.event.BasicEventDispatcher.dispatchEvent(BasicEventDispatcher.java:56)
	at javafx.base@21.0.6/com.sun.javafx.event.EventDispatchChainImpl.dispatchEvent(EventDispatchChainImpl.java:114)
	at javafx.base@21.0.6/com.sun.javafx.event.BasicEventDispatcher.dispatchEvent(BasicEventDispatcher.java:56)
	at javafx.base@21.0.6/com.sun.javafx.event.EventDispatchChainImpl.dispatchEvent(EventDispatchChainImpl.java:114)
	at javafx.base@21.0.6/com.sun.javafx.event.EventUtil.fireEventImpl(EventUtil.java:74)
	at javafx.base@21.0.6/com.sun.javafx.event.EventUtil.fireEvent(EventUtil.java:54)
	at javafx.base@21.0.6/javafx.event.Event.fireEvent(Event.java:198)
	at javafx.graphics@21.0.6/javafx.scene.Scene$MouseHandler.process(Scene.java:3984)
	at javafx.graphics@21.0.6/javafx.scene.Scene.processMouseEvent(Scene.java:1890)
	at javafx.graphics@21.0.6/javafx.scene.Scene$ScenePeerListener.mouseEvent(Scene.java:2708)
	at javafx.graphics@21.0.6/com.sun.javafx.tk.quantum.GlassViewEventHandler$MouseEventNotification.run(GlassViewEventHandler.java:411)
	at javafx.graphics@21.0.6/com.sun.javafx.tk.quantum.GlassViewEventHandler$MouseEventNotification.run(GlassViewEventHandler.java:301)
	at java.base/java.security.AccessController.doPrivileged(AccessController.java:138)
	at javafx.graphics@21.0.6/com.sun.javafx.tk.quantum.GlassViewEventHandler.lambda$handleMouseEvent$2(GlassViewEventHandler.java:450)
	at javafx.graphics@21.0.6/com.sun.javafx.tk.quantum.QuantumToolkit.runWithoutRenderLock(QuantumToolkit.java:424)
	at javafx.graphics@21.0.6/com.sun.javafx.tk.quantum.GlassViewEventHandler.handleMouseEvent(GlassViewEventHandler.java:449)
	at javafx.graphics@21.0.6/com.sun.glass.ui.View.handleMouseEvent(View.java:551)
	at javafx.graphics@21.0.6/com.sun.glass.ui.View.notifyMouse(View.java:937)
	at javafx.graphics@21.0.6/com.sun.glass.ui.win.WinApplication._runLoop(Native Method)
	at javafx.graphics@21.0.6/com.sun.glass.ui.win.WinApplication.lambda$runLoop$3(WinApplication.java:185)
	at java.base/java.lang.Thread.run(Thread.java:1474)
Caused by: jakarta.json.stream.JsonParsingException: Invalid token=SQUARECLOSE at (line no=52, column no=1, offset=1151). Expected tokens are: [COMMA]
	at org.eclipse.parsson@1.1.0/org.eclipse.parsson.JsonParserImpl.parsingException(JsonParserImpl.java:464)
	at org.eclipse.parsson@1.1.0/org.eclipse.parsson.JsonParserImpl.access$1100(JsonParserImpl.java:56)
	at org.eclipse.parsson@1.1.0/org.eclipse.parsson.JsonParserImpl$ObjectContext.getNextEvent(JsonParserImpl.java:518)
	at org.eclipse.parsson@1.1.0/org.eclipse.parsson.JsonParserImpl.next(JsonParserImpl.java:382)
	at org.eclipse.yasson@3.0.3/org.eclipse.yasson.internal.deserializer.ObjectDeserializer.deserialize(ObjectDeserializer.java:63)
	at org.eclipse.yasson@3.0.3/org.eclipse.yasson.internal.deserializer.ObjectDeserializer.deserialize(ObjectDeserializer.java:31)
	at org.eclipse.yasson@3.0.3/org.eclipse.yasson.internal.deserializer.DefaultObjectInstanceCreator.deserialize(DefaultObjectInstanceCreator.java:57)
	at org.eclipse.yasson@3.0.3/org.eclipse.yasson.internal.deserializer.DefaultObjectInstanceCreator.deserialize(DefaultObjectInstanceCreator.java:29)
	at org.eclipse.yasson@3.0.3/org.eclipse.yasson.internal.deserializer.PositionChecker.deserialize(PositionChecker.java:85)
	at org.eclipse.yasson@3.0.3/org.eclipse.yasson.internal.deserializer.PositionChecker.deserialize(PositionChecker.java:34)
	at org.eclipse.yasson@3.0.3/org.eclipse.yasson.internal.deserializer.NullCheckDeserializer.deserialize(NullCheckDeserializer.java:46)
	at org.eclipse.yasson@3.0.3/org.eclipse.yasson.internal.deserializer.NullCheckDeserializer.deserialize(NullCheckDeserializer.java:26)
	at org.eclipse.yasson@3.0.3/org.eclipse.yasson.internal.deserializer.ContextSwitcher.deserialize(ContextSwitcher.java:36)
	at org.eclipse.yasson@3.0.3/org.eclipse.yasson.internal.deserializer.ContextSwitcher.deserialize(ContextSwitcher.java:22)
	at org.eclipse.yasson@3.0.3/org.eclipse.yasson.internal.deserializer.ArrayDeserializer.deserialize(ArrayDeserializer.java:49)
	at org.eclipse.yasson@3.0.3/org.eclipse.yasson.internal.deserializer.ArrayDeserializer.deserialize(ArrayDeserializer.java:26)
	at org.eclipse.yasson@3.0.3/org.eclipse.yasson.internal.deserializer.ArrayInstanceCreator.deserialize(ArrayInstanceCreator.java:68)
	at org.eclipse.yasson@3.0.3/org.eclipse.yasson.internal.deserializer.ArrayInstanceCreator$ObjectArrayCreator.deserialize(ArrayInstanceCreator.java:226)
	at org.eclipse.yasson@3.0.3/org.eclipse.yasson.internal.deserializer.PositionChecker.deserialize(PositionChecker.java:85)
	at org.eclipse.yasson@3.0.3/org.eclipse.yasson.internal.deserializer.PositionChecker.deserialize(PositionChecker.java:34)
	at org.eclipse.yasson@3.0.3/org.eclipse.yasson.internal.deserializer.NullCheckDeserializer.deserialize(NullCheckDeserializer.java:46)
	at org.eclipse.yasson@3.0.3/org.eclipse.yasson.internal.deserializer.NullCheckDeserializer.deserialize(NullCheckDeserializer.java:26)
	at org.eclipse.yasson@3.0.3/org.eclipse.yasson.internal.DeserializationContextImpl.deserializeItem(DeserializationContextImpl.java:138)
	... 67 common frames omitted
2026-02-16 01:34:06.625 [JavaFX Application Thread] ERROR h.j.e.app.MainConsoleLauncher - Greška pri učitavanju standardnih uređaja
jakarta.json.bind.JsonbException: Internal error: Invalid token=SQUARECLOSE at (line no=52, column no=1, offset=1151). Expected tokens are: [COMMA]
	at org.eclipse.yasson@3.0.3/org.eclipse.yasson.internal.DeserializationContextImpl.deserializeItem(DeserializationContextImpl.java:142)
	at org.eclipse.yasson@3.0.3/org.eclipse.yasson.internal.DeserializationContextImpl.deserialize(DeserializationContextImpl.java:127)
	at org.eclipse.yasson@3.0.3/org.eclipse.yasson.internal.JsonBinding.deserialize(JsonBinding.java:55)
	at org.eclipse.yasson@3.0.3/org.eclipse.yasson.internal.JsonBinding.fromJson(JsonBinding.java:62)
	at hr.javafx.energycms/hr.javafx.energycms.repository.JsonRepository.loadStandardDevices(JsonRepository.java:39)
	at hr.javafx.energycms/hr.javafx.energycms.controllers.DevicesController.loadData(DevicesController.java:63)
	at hr.javafx.energycms/hr.javafx.energycms.controllers.DevicesController.initialize(DevicesController.java:57)
	at java.base/jdk.internal.reflect.DirectMethodHandleAccessor.invoke(DirectMethodHandleAccessor.java:104)
	at java.base/java.lang.reflect.Method.invoke(Method.java:565)
	at com.sun.javafx.reflect.Trampoline.invoke(MethodUtil.java:72)
	at java.base/jdk.internal.reflect.DirectMethodHandleAccessor.invoke(DirectMethodHandleAccessor.java:104)
	at java.base/java.lang.reflect.Method.invoke(Method.java:565)
	at javafx.base@21.0.6/com.sun.javafx.reflect.MethodUtil.invoke(MethodUtil.java:270)
	at javafx.fxml@21.0.6/com.sun.javafx.fxml.MethodHelper.invoke(MethodHelper.java:84)
	at javafx.fxml@21.0.6/javafx.fxml.FXMLLoader.loadImpl(FXMLLoader.java:2688)
	at javafx.fxml@21.0.6/javafx.fxml.FXMLLoader.loadImpl(FXMLLoader.java:2563)
	at javafx.fxml@21.0.6/javafx.fxml.FXMLLoader.load(FXMLLoader.java:2531)
	at hr.javafx.energycms/hr.javafx.energycms.controllers.MenuController.showDevicesList(MenuController.java:53)
	at java.base/jdk.internal.reflect.DirectMethodHandleAccessor.invoke(DirectMethodHandleAccessor.java:104)
	at java.base/java.lang.reflect.Method.invoke(Method.java:565)
	at com.sun.javafx.reflect.Trampoline.invoke(MethodUtil.java:72)
	at java.base/jdk.internal.reflect.DirectMethodHandleAccessor.invoke(DirectMethodHandleAccessor.java:104)
	at java.base/java.lang.reflect.Method.invoke(Method.java:565)
	at javafx.base@21.0.6/com.sun.javafx.reflect.MethodUtil.invoke(MethodUtil.java:270)
	at javafx.fxml@21.0.6/com.sun.javafx.fxml.MethodHelper.invoke(MethodHelper.java:84)
	at javafx.fxml@21.0.6/javafx.fxml.FXMLLoader$MethodHandler.invoke(FXMLLoader.java:1855)
	at javafx.fxml@21.0.6/javafx.fxml.FXMLLoader$ControllerMethodEventHandler.handle(FXMLLoader.java:1726)
	at javafx.base@21.0.6/com.sun.javafx.event.CompositeEventHandler.dispatchBubblingEvent(CompositeEventHandler.java:86)
	at javafx.base@21.0.6/com.sun.javafx.event.EventHandlerManager.dispatchBubblingEvent(EventHandlerManager.java:232)
	at javafx.base@21.0.6/com.sun.javafx.event.EventHandlerManager.dispatchBubblingEvent(EventHandlerManager.java:189)
	at javafx.base@21.0.6/com.sun.javafx.event.BasicEventDispatcher.dispatchEvent(BasicEventDispatcher.java:58)
	at javafx.base@21.0.6/com.sun.javafx.event.EventDispatchChainImpl.dispatchEvent(EventDispatchChainImpl.java:114)
	at javafx.base@21.0.6/com.sun.javafx.event.EventUtil.fireEventImpl(EventUtil.java:74)
	at javafx.base@21.0.6/com.sun.javafx.event.EventUtil.fireEvent(EventUtil.java:49)
	at javafx.base@21.0.6/javafx.event.Event.fireEvent(Event.java:198)
	at javafx.controls@21.0.6/javafx.scene.control.MenuItem.fire(MenuItem.java:459)
	at javafx.controls@21.0.6/com.sun.javafx.scene.control.ContextMenuContent$MenuItemContainer.doSelect(ContextMenuContent.java:1415)
	at javafx.controls@21.0.6/com.sun.javafx.scene.control.ContextMenuContent$MenuItemContainer.lambda$createChildren$12(ContextMenuContent.java:1368)
	at javafx.base@21.0.6/com.sun.javafx.event.CompositeEventHandler$NormalEventHandlerRecord.handleBubblingEvent(CompositeEventHandler.java:247)
	at javafx.base@21.0.6/com.sun.javafx.event.CompositeEventHandler.dispatchBubblingEvent(CompositeEventHandler.java:80)
	at javafx.base@21.0.6/com.sun.javafx.event.EventHandlerManager.dispatchBubblingEvent(EventHandlerManager.java:232)
	at javafx.base@21.0.6/com.sun.javafx.event.EventHandlerManager.dispatchBubblingEvent(EventHandlerManager.java:189)
	at javafx.base@21.0.6/com.sun.javafx.event.CompositeEventDispatcher.dispatchBubblingEvent(CompositeEventDispatcher.java:59)
	at javafx.base@21.0.6/com.sun.javafx.event.BasicEventDispatcher.dispatchEvent(BasicEventDispatcher.java:58)
	at javafx.base@21.0.6/com.sun.javafx.event.EventDispatchChainImpl.dispatchEvent(EventDispatchChainImpl.java:114)
	at javafx.base@21.0.6/com.sun.javafx.event.BasicEventDispatcher.dispatchEvent(BasicEventDispatcher.java:56)
	at javafx.base@21.0.6/com.sun.javafx.event.EventDispatchChainImpl.dispatchEvent(EventDispatchChainImpl.java:114)
	at javafx.base@21.0.6/com.sun.javafx.event.BasicEventDispatcher.dispatchEvent(BasicEventDispatcher.java:56)
	at javafx.base@21.0.6/com.sun.javafx.event.EventDispatchChainImpl.dispatchEvent(EventDispatchChainImpl.java:114)
	at javafx.base@21.0.6/com.sun.javafx.event.BasicEventDispatcher.dispatchEvent(BasicEventDispatcher.java:56)
	at javafx.base@21.0.6/com.sun.javafx.event.EventDispatchChainImpl.dispatchEvent(EventDispatchChainImpl.java:114)
	at javafx.base@21.0.6/com.sun.javafx.event.EventUtil.fireEventImpl(EventUtil.java:74)
	at javafx.base@21.0.6/com.sun.javafx.event.EventUtil.fireEvent(EventUtil.java:54)
	at javafx.base@21.0.6/javafx.event.Event.fireEvent(Event.java:198)
	at javafx.graphics@21.0.6/javafx.scene.Scene$MouseHandler.process(Scene.java:3984)
	at javafx.graphics@21.0.6/javafx.scene.Scene.processMouseEvent(Scene.java:1890)
	at javafx.graphics@21.0.6/javafx.scene.Scene$ScenePeerListener.mouseEvent(Scene.java:2708)
	at javafx.graphics@21.0.6/com.sun.javafx.tk.quantum.GlassViewEventHandler$MouseEventNotification.run(GlassViewEventHandler.java:411)
	at javafx.graphics@21.0.6/com.sun.javafx.tk.quantum.GlassViewEventHandler$MouseEventNotification.run(GlassViewEventHandler.java:301)
	at java.base/java.security.AccessController.doPrivileged(AccessController.java:138)
	at javafx.graphics@21.0.6/com.sun.javafx.tk.quantum.GlassViewEventHandler.lambda$handleMouseEvent$2(GlassViewEventHandler.java:450)
	at javafx.graphics@21.0.6/com.sun.javafx.tk.quantum.QuantumToolkit.runWithoutRenderLock(QuantumToolkit.java:424)
	at javafx.graphics@21.0.6/com.sun.javafx.tk.quantum.GlassViewEventHandler.handleMouseEvent(GlassViewEventHandler.java:449)
	at javafx.graphics@21.0.6/com.sun.glass.ui.View.handleMouseEvent(View.java:551)
	at javafx.graphics@21.0.6/com.sun.glass.ui.View.notifyMouse(View.java:937)
	at javafx.graphics@21.0.6/com.sun.glass.ui.win.WinApplication._runLoop(Native Method)
	at javafx.graphics@21.0.6/com.sun.glass.ui.win.WinApplication.lambda$runLoop$3(WinApplication.java:185)
	at java.base/java.lang.Thread.run(Thread.java:1474)
Caused by: jakarta.json.stream.JsonParsingException: Invalid token=SQUARECLOSE at (line no=52, column no=1, offset=1151). Expected tokens are: [COMMA]
	at org.eclipse.parsson@1.1.0/org.eclipse.parsson.JsonParserImpl.parsingException(JsonParserImpl.java:464)
	at org.eclipse.parsson@1.1.0/org.eclipse.parsson.JsonParserImpl.access$1100(JsonParserImpl.java:56)
	at org.eclipse.parsson@1.1.0/org.eclipse.parsson.JsonParserImpl$ObjectContext.getNextEvent(JsonParserImpl.java:518)
	at org.eclipse.parsson@1.1.0/org.eclipse.parsson.JsonParserImpl.next(JsonParserImpl.java:382)
	at org.eclipse.yasson@3.0.3/org.eclipse.yasson.internal.deserializer.ObjectDeserializer.deserialize(ObjectDeserializer.java:63)
	at org.eclipse.yasson@3.0.3/org.eclipse.yasson.internal.deserializer.ObjectDeserializer.deserialize(ObjectDeserializer.java:31)
	at org.eclipse.yasson@3.0.3/org.eclipse.yasson.internal.deserializer.DefaultObjectInstanceCreator.deserialize(DefaultObjectInstanceCreator.java:57)
	at org.eclipse.yasson@3.0.3/org.eclipse.yasson.internal.deserializer.DefaultObjectInstanceCreator.deserialize(DefaultObjectInstanceCreator.java:29)
	at org.eclipse.yasson@3.0.3/org.eclipse.yasson.internal.deserializer.PositionChecker.deserialize(PositionChecker.java:85)
	at org.eclipse.yasson@3.0.3/org.eclipse.yasson.internal.deserializer.PositionChecker.deserialize(PositionChecker.java:34)
	at org.eclipse.yasson@3.0.3/org.eclipse.yasson.internal.deserializer.NullCheckDeserializer.deserialize(NullCheckDeserializer.java:46)
	at org.eclipse.yasson@3.0.3/org.eclipse.yasson.internal.deserializer.NullCheckDeserializer.deserialize(NullCheckDeserializer.java:26)
	at org.eclipse.yasson@3.0.3/org.eclipse.yasson.internal.deserializer.ContextSwitcher.deserialize(ContextSwitcher.java:36)
	at org.eclipse.yasson@3.0.3/org.eclipse.yasson.internal.deserializer.ContextSwitcher.deserialize(ContextSwitcher.java:22)
	at org.eclipse.yasson@3.0.3/org.eclipse.yasson.internal.deserializer.ArrayDeserializer.deserialize(ArrayDeserializer.java:49)
	at org.eclipse.yasson@3.0.3/org.eclipse.yasson.internal.deserializer.ArrayDeserializer.deserialize(ArrayDeserializer.java:26)
	at org.eclipse.yasson@3.0.3/org.eclipse.yasson.internal.deserializer.ArrayInstanceCreator.deserialize(ArrayInstanceCreator.java:68)
	at org.eclipse.yasson@3.0.3/org.eclipse.yasson.internal.deserializer.ArrayInstanceCreator$ObjectArrayCreator.deserialize(ArrayInstanceCreator.java:226)
	at org.eclipse.yasson@3.0.3/org.eclipse.yasson.internal.deserializer.PositionChecker.deserialize(PositionChecker.java:85)
	at org.eclipse.yasson@3.0.3/org.eclipse.yasson.internal.deserializer.PositionChecker.deserialize(PositionChecker.java:34)
	at org.eclipse.yasson@3.0.3/org.eclipse.yasson.internal.deserializer.NullCheckDeserializer.deserialize(NullCheckDeserializer.java:46)
	at org.eclipse.yasson@3.0.3/org.eclipse.yasson.internal.deserializer.NullCheckDeserializer.deserialize(NullCheckDeserializer.java:26)
	at org.eclipse.yasson@3.0.3/org.eclipse.yasson.internal.DeserializationContextImpl.deserializeItem(DeserializationContextImpl.java:138)
	... 67 common frames omitted
2026-02-16 01:34:59.004 [JavaFX Application Thread] ERROR h.j.e.app.MainConsoleLauncher - Greška pri učitavanju standardnih uređaja
jakarta.json.bind.JsonbException: Internal error: Invalid token=SQUARECLOSE at (line no=52, column no=1, offset=1151). Expected tokens are: [COMMA]
	at org.eclipse.yasson@3.0.3/org.eclipse.yasson.internal.DeserializationContextImpl.deserializeItem(DeserializationContextImpl.java:142)
	at org.eclipse.yasson@3.0.3/org.eclipse.yasson.internal.DeserializationContextImpl.deserialize(DeserializationContextImpl.java:127)
	at org.eclipse.yasson@3.0.3/org.eclipse.yasson.internal.JsonBinding.deserialize(JsonBinding.java:55)
	at org.eclipse.yasson@3.0.3/org.eclipse.yasson.internal.JsonBinding.fromJson(JsonBinding.java:62)
	at hr.javafx.energycms/hr.javafx.energycms.repository.JsonRepository.loadStandardDevices(JsonRepository.java:39)
	at hr.javafx.energycms/hr.javafx.energycms.controllers.DevicesController.loadData(DevicesController.java:63)
	at hr.javafx.energycms/hr.javafx.energycms.controllers.DevicesController.initialize(DevicesController.java:57)
	at java.base/jdk.internal.reflect.DirectMethodHandleAccessor.invoke(DirectMethodHandleAccessor.java:104)
	at java.base/java.lang.reflect.Method.invoke(Method.java:565)
	at com.sun.javafx.reflect.Trampoline.invoke(MethodUtil.java:72)
	at java.base/jdk.internal.reflect.DirectMethodHandleAccessor.invoke(DirectMethodHandleAccessor.java:104)
	at java.base/java.lang.reflect.Method.invoke(Method.java:565)
	at javafx.base@21.0.6/com.sun.javafx.reflect.MethodUtil.invoke(MethodUtil.java:270)
	at javafx.fxml@21.0.6/com.sun.javafx.fxml.MethodHelper.invoke(MethodHelper.java:84)
	at javafx.fxml@21.0.6/javafx.fxml.FXMLLoader.loadImpl(FXMLLoader.java:2688)
	at javafx.fxml@21.0.6/javafx.fxml.FXMLLoader.loadImpl(FXMLLoader.java:2563)
	at javafx.fxml@21.0.6/javafx.fxml.FXMLLoader.load(FXMLLoader.java:2531)
	at hr.javafx.energycms/hr.javafx.energycms.controllers.MenuController.showDevicesList(MenuController.java:53)
	at java.base/jdk.internal.reflect.DirectMethodHandleAccessor.invoke(DirectMethodHandleAccessor.java:104)
	at java.base/java.lang.reflect.Method.invoke(Method.java:565)
	at com.sun.javafx.reflect.Trampoline.invoke(MethodUtil.java:72)
	at java.base/jdk.internal.reflect.DirectMethodHandleAccessor.invoke(DirectMethodHandleAccessor.java:104)
	at java.base/java.lang.reflect.Method.invoke(Method.java:565)
	at javafx.base@21.0.6/com.sun.javafx.reflect.MethodUtil.invoke(MethodUtil.java:270)
	at javafx.fxml@21.0.6/com.sun.javafx.fxml.MethodHelper.invoke(MethodHelper.java:84)
	at javafx.fxml@21.0.6/javafx.fxml.FXMLLoader$MethodHandler.invoke(FXMLLoader.java:1855)
	at javafx.fxml@21.0.6/javafx.fxml.FXMLLoader$ControllerMethodEventHandler.handle(FXMLLoader.java:1726)
	at javafx.base@21.0.6/com.sun.javafx.event.CompositeEventHandler.dispatchBubblingEvent(CompositeEventHandler.java:86)
	at javafx.base@21.0.6/com.sun.javafx.event.EventHandlerManager.dispatchBubblingEvent(EventHandlerManager.java:232)
	at javafx.base@21.0.6/com.sun.javafx.event.EventHandlerManager.dispatchBubblingEvent(EventHandlerManager.java:189)
	at javafx.base@21.0.6/com.sun.javafx.event.BasicEventDispatcher.dispatchEvent(BasicEventDispatcher.java:58)
	at javafx.base@21.0.6/com.sun.javafx.event.EventDispatchChainImpl.dispatchEvent(EventDispatchChainImpl.java:114)
	at javafx.base@21.0.6/com.sun.javafx.event.EventUtil.fireEventImpl(EventUtil.java:74)
	at javafx.base@21.0.6/com.sun.javafx.event.EventUtil.fireEvent(EventUtil.java:49)
	at javafx.base@21.0.6/javafx.event.Event.fireEvent(Event.java:198)
	at javafx.controls@21.0.6/javafx.scene.control.MenuItem.fire(MenuItem.java:459)
	at javafx.controls@21.0.6/com.sun.javafx.scene.control.ContextMenuContent$MenuItemContainer.doSelect(ContextMenuContent.java:1415)
	at javafx.controls@21.0.6/com.sun.javafx.scene.control.ContextMenuContent$MenuItemContainer.lambda$createChildren$12(ContextMenuContent.java:1368)
	at javafx.base@21.0.6/com.sun.javafx.event.CompositeEventHandler$NormalEventHandlerRecord.handleBubblingEvent(CompositeEventHandler.java:247)
	at javafx.base@21.0.6/com.sun.javafx.event.CompositeEventHandler.dispatchBubblingEvent(CompositeEventHandler.java:80)
	at javafx.base@21.0.6/com.sun.javafx.event.EventHandlerManager.dispatchBubblingEvent(EventHandlerManager.java:232)
	at javafx.base@21.0.6/com.sun.javafx.event.EventHandlerManager.dispatchBubblingEvent(EventHandlerManager.java:189)
	at javafx.base@21.0.6/com.sun.javafx.event.CompositeEventDispatcher.dispatchBubblingEvent(CompositeEventDispatcher.java:59)
	at javafx.base@21.0.6/com.sun.javafx.event.BasicEventDispatcher.dispatchEvent(BasicEventDispatcher.java:58)
	at javafx.base@21.0.6/com.sun.javafx.event.EventDispatchChainImpl.dispatchEvent(EventDispatchChainImpl.java:114)
	at javafx.base@21.0.6/com.sun.javafx.event.BasicEventDispatcher.dispatchEvent(BasicEventDispatcher.java:56)
	at javafx.base@21.0.6/com.sun.javafx.event.EventDispatchChainImpl.dispatchEvent(EventDispatchChainImpl.java:114)
	at javafx.base@21.0.6/com.sun.javafx.event.BasicEventDispatcher.dispatchEvent(BasicEventDispatcher.java:56)
	at javafx.base@21.0.6/com.sun.javafx.event.EventDispatchChainImpl.dispatchEvent(EventDispatchChainImpl.java:114)
	at javafx.base@21.0.6/com.sun.javafx.event.BasicEventDispatcher.dispatchEvent(BasicEventDispatcher.java:56)
	at javafx.base@21.0.6/com.sun.javafx.event.EventDispatchChainImpl.dispatchEvent(EventDispatchChainImpl.java:114)
	at javafx.base@21.0.6/com.sun.javafx.event.EventUtil.fireEventImpl(EventUtil.java:74)
	at javafx.base@21.0.6/com.sun.javafx.event.EventUtil.fireEvent(EventUtil.java:54)
	at javafx.base@21.0.6/javafx.event.Event.fireEvent(Event.java:198)
	at javafx.graphics@21.0.6/javafx.scene.Scene$MouseHandler.process(Scene.java:3984)
	at javafx.graphics@21.0.6/javafx.scene.Scene.processMouseEvent(Scene.java:1890)
	at javafx.graphics@21.0.6/javafx.scene.Scene$ScenePeerListener.mouseEvent(Scene.java:2708)
	at javafx.graphics@21.0.6/com.sun.javafx.tk.quantum.GlassViewEventHandler$MouseEventNotification.run(GlassViewEventHandler.java:411)
	at javafx.graphics@21.0.6/com.sun.javafx.tk.quantum.GlassViewEventHandler$MouseEventNotification.run(GlassViewEventHandler.java:301)
	at java.base/java.security.AccessController.doPrivileged(AccessController.java:138)
	at javafx.graphics@21.0.6/com.sun.javafx.tk.quantum.GlassViewEventHandler.lambda$handleMouseEvent$2(GlassViewEventHandler.java:450)
	at javafx.graphics@21.0.6/com.sun.javafx.tk.quantum.QuantumToolkit.runWithoutRenderLock(QuantumToolkit.java:424)
	at javafx.graphics@21.0.6/com.sun.javafx.tk.quantum.GlassViewEventHandler.handleMouseEvent(GlassViewEventHandler.java:449)
	at javafx.graphics@21.0.6/com.sun.glass.ui.View.handleMouseEvent(View.java:551)
	at javafx.graphics@21.0.6/com.sun.glass.ui.View.notifyMouse(View.java:937)
	at javafx.graphics@21.0.6/com.sun.glass.ui.win.WinApplication._runLoop(Native Method)
	at javafx.graphics@21.0.6/com.sun.glass.ui.win.WinApplication.lambda$runLoop$3(WinApplication.java:185)
	at java.base/java.lang.Thread.run(Thread.java:1474)
Caused by: jakarta.json.stream.JsonParsingException: Invalid token=SQUARECLOSE at (line no=52, column no=1, offset=1151). Expected tokens are: [COMMA]
	at org.eclipse.parsson@1.1.0/org.eclipse.parsson.JsonParserImpl.parsingException(JsonParserImpl.java:464)
	at org.eclipse.parsson@1.1.0/org.eclipse.parsson.JsonParserImpl.access$1100(JsonParserImpl.java:56)
	at org.eclipse.parsson@1.1.0/org.eclipse.parsson.JsonParserImpl$ObjectContext.getNextEvent(JsonParserImpl.java:518)
	at org.eclipse.parsson@1.1.0/org.eclipse.parsson.JsonParserImpl.next(JsonParserImpl.java:382)
	at org.eclipse.yasson@3.0.3/org.eclipse.yasson.internal.deserializer.ObjectDeserializer.deserialize(ObjectDeserializer.java:63)
	at org.eclipse.yasson@3.0.3/org.eclipse.yasson.internal.deserializer.ObjectDeserializer.deserialize(ObjectDeserializer.java:31)
	at org.eclipse.yasson@3.0.3/org.eclipse.yasson.internal.deserializer.DefaultObjectInstanceCreator.deserialize(DefaultObjectInstanceCreator.java:57)
	at org.eclipse.yasson@3.0.3/org.eclipse.yasson.internal.deserializer.DefaultObjectInstanceCreator.deserialize(DefaultObjectInstanceCreator.java:29)
	at org.eclipse.yasson@3.0.3/org.eclipse.yasson.internal.deserializer.PositionChecker.deserialize(PositionChecker.java:85)
	at org.eclipse.yasson@3.0.3/org.eclipse.yasson.internal.deserializer.PositionChecker.deserialize(PositionChecker.java:34)
	at org.eclipse.yasson@3.0.3/org.eclipse.yasson.internal.deserializer.NullCheckDeserializer.deserialize(NullCheckDeserializer.java:46)
	at org.eclipse.yasson@3.0.3/org.eclipse.yasson.internal.deserializer.NullCheckDeserializer.deserialize(NullCheckDeserializer.java:26)
	at org.eclipse.yasson@3.0.3/org.eclipse.yasson.internal.deserializer.ContextSwitcher.deserialize(ContextSwitcher.java:36)
	at org.eclipse.yasson@3.0.3/org.eclipse.yasson.internal.deserializer.ContextSwitcher.deserialize(ContextSwitcher.java:22)
	at org.eclipse.yasson@3.0.3/org.eclipse.yasson.internal.deserializer.ArrayDeserializer.deserialize(ArrayDeserializer.java:49)
	at org.eclipse.yasson@3.0.3/org.eclipse.yasson.internal.deserializer.ArrayDeserializer.deserialize(ArrayDeserializer.java:26)
	at org.eclipse.yasson@3.0.3/org.eclipse.yasson.internal.deserializer.ArrayInstanceCreator.deserialize(ArrayInstanceCreator.java:68)
	at org.eclipse.yasson@3.0.3/org.eclipse.yasson.internal.deserializer.ArrayInstanceCreator$ObjectArrayCreator.deserialize(ArrayInstanceCreator.java:226)
	at org.eclipse.yasson@3.0.3/org.eclipse.yasson.internal.deserializer.PositionChecker.deserialize(PositionChecker.java:85)
	at org.eclipse.yasson@3.0.3/org.eclipse.yasson.internal.deserializer.PositionChecker.deserialize(PositionChecker.java:34)
	at org.eclipse.yasson@3.0.3/org.eclipse.yasson.internal.deserializer.NullCheckDeserializer.deserialize(NullCheckDeserializer.java:46)
	at org.eclipse.yasson@3.0.3/org.eclipse.yasson.internal.deserializer.NullCheckDeserializer.deserialize(NullCheckDeserializer.java:26)
	at org.eclipse.yasson@3.0.3/org.eclipse.yasson.internal.DeserializationContextImpl.deserializeItem(DeserializationContextImpl.java:138)
	... 67 common frames omitted
2026-02-16 01:35:57.147 [JavaFX Application Thread] ERROR h.j.e.app.MainConsoleLauncher - Greška pri učitavanju standardnih uređaja
jakarta.json.bind.JsonbException: Internal error: Invalid token=SQUARECLOSE at (line no=52, column no=1, offset=1151). Expected tokens are: [COMMA]
	at org.eclipse.yasson@3.0.3/org.eclipse.yasson.internal.DeserializationContextImpl.deserializeItem(DeserializationContextImpl.java:142)
	at org.eclipse.yasson@3.0.3/org.eclipse.yasson.internal.DeserializationContextImpl.deserialize(DeserializationContextImpl.java:127)
	at org.eclipse.yasson@3.0.3/org.eclipse.yasson.internal.JsonBinding.deserialize(JsonBinding.java:55)
	at org.eclipse.yasson@3.0.3/org.eclipse.yasson.internal.JsonBinding.fromJson(JsonBinding.java:62)
	at hr.javafx.energycms/hr.javafx.energycms.repository.JsonRepository.loadStandardDevices(JsonRepository.java:39)
	at hr.javafx.energycms/hr.javafx.energycms.controllers.DevicesController.loadData(DevicesController.java:63)
	at hr.javafx.energycms/hr.javafx.energycms.controllers.DevicesController.initialize(DevicesController.java:57)
	at java.base/jdk.internal.reflect.DirectMethodHandleAccessor.invoke(DirectMethodHandleAccessor.java:104)
	at java.base/java.lang.reflect.Method.invoke(Method.java:565)
	at com.sun.javafx.reflect.Trampoline.invoke(MethodUtil.java:72)
	at java.base/jdk.internal.reflect.DirectMethodHandleAccessor.invoke(DirectMethodHandleAccessor.java:104)
	at java.base/java.lang.reflect.Method.invoke(Method.java:565)
	at javafx.base@21.0.6/com.sun.javafx.reflect.MethodUtil.invoke(MethodUtil.java:270)
	at javafx.fxml@21.0.6/com.sun.javafx.fxml.MethodHelper.invoke(MethodHelper.java:84)
	at javafx.fxml@21.0.6/javafx.fxml.FXMLLoader.loadImpl(FXMLLoader.java:2688)
	at javafx.fxml@21.0.6/javafx.fxml.FXMLLoader.loadImpl(FXMLLoader.java:2563)
	at javafx.fxml@21.0.6/javafx.fxml.FXMLLoader.load(FXMLLoader.java:2531)
	at hr.javafx.energycms/hr.javafx.energycms.controllers.MenuController.showDevicesList(MenuController.java:53)
	at java.base/jdk.internal.reflect.DirectMethodHandleAccessor.invoke(DirectMethodHandleAccessor.java:104)
	at java.base/java.lang.reflect.Method.invoke(Method.java:565)
	at com.sun.javafx.reflect.Trampoline.invoke(MethodUtil.java:72)
	at java.base/jdk.internal.reflect.DirectMethodHandleAccessor.invoke(DirectMethodHandleAccessor.java:104)
	at java.base/java.lang.reflect.Method.invoke(Method.java:565)
	at javafx.base@21.0.6/com.sun.javafx.reflect.MethodUtil.invoke(MethodUtil.java:270)
	at javafx.fxml@21.0.6/com.sun.javafx.fxml.MethodHelper.invoke(MethodHelper.java:84)
	at javafx.fxml@21.0.6/javafx.fxml.FXMLLoader$MethodHandler.invoke(FXMLLoader.java:1855)
	at javafx.fxml@21.0.6/javafx.fxml.FXMLLoader$ControllerMethodEventHandler.handle(FXMLLoader.java:1726)
	at javafx.base@21.0.6/com.sun.javafx.event.CompositeEventHandler.dispatchBubblingEvent(CompositeEventHandler.java:86)
	at javafx.base@21.0.6/com.sun.javafx.event.EventHandlerManager.dispatchBubblingEvent(EventHandlerManager.java:232)
	at javafx.base@21.0.6/com.sun.javafx.event.EventHandlerManager.dispatchBubblingEvent(EventHandlerManager.java:189)
	at javafx.base@21.0.6/com.sun.javafx.event.BasicEventDispatcher.dispatchEvent(BasicEventDispatcher.java:58)
	at javafx.base@21.0.6/com.sun.javafx.event.EventDispatchChainImpl.dispatchEvent(EventDispatchChainImpl.java:114)
	at javafx.base@21.0.6/com.sun.javafx.event.EventUtil.fireEventImpl(EventUtil.java:74)
	at javafx.base@21.0.6/com.sun.javafx.event.EventUtil.fireEvent(EventUtil.java:49)
	at javafx.base@21.0.6/javafx.event.Event.fireEvent(Event.java:198)
	at javafx.controls@21.0.6/javafx.scene.control.MenuItem.fire(MenuItem.java:459)
	at javafx.controls@21.0.6/com.sun.javafx.scene.control.ContextMenuContent$MenuItemContainer.doSelect(ContextMenuContent.java:1415)
	at javafx.controls@21.0.6/com.sun.javafx.scene.control.ContextMenuContent$MenuItemContainer.lambda$createChildren$12(ContextMenuContent.java:1368)
	at javafx.base@21.0.6/com.sun.javafx.event.CompositeEventHandler$NormalEventHandlerRecord.handleBubblingEvent(CompositeEventHandler.java:247)
	at javafx.base@21.0.6/com.sun.javafx.event.CompositeEventHandler.dispatchBubblingEvent(CompositeEventHandler.java:80)
	at javafx.base@21.0.6/com.sun.javafx.event.EventHandlerManager.dispatchBubblingEvent(EventHandlerManager.java:232)
	at javafx.base@21.0.6/com.sun.javafx.event.EventHandlerManager.dispatchBubblingEvent(EventHandlerManager.java:189)
	at javafx.base@21.0.6/com.sun.javafx.event.CompositeEventDispatcher.dispatchBubblingEvent(CompositeEventDispatcher.java:59)
	at javafx.base@21.0.6/com.sun.javafx.event.BasicEventDispatcher.dispatchEvent(BasicEventDispatcher.java:58)
	at javafx.base@21.0.6/com.sun.javafx.event.EventDispatchChainImpl.dispatchEvent(EventDispatchChainImpl.java:114)
	at javafx.base@21.0.6/com.sun.javafx.event.BasicEventDispatcher.dispatchEvent(BasicEventDispatcher.java:56)
	at javafx.base@21.0.6/com.sun.javafx.event.EventDispatchChainImpl.dispatchEvent(EventDispatchChainImpl.java:114)
	at javafx.base@21.0.6/com.sun.javafx.event.BasicEventDispatcher.dispatchEvent(BasicEventDispatcher.java:56)
	at javafx.base@21.0.6/com.sun.javafx.event.EventDispatchChainImpl.dispatchEvent(EventDispatchChainImpl.java:114)
	at javafx.base@21.0.6/com.sun.javafx.event.BasicEventDispatcher.dispatchEvent(BasicEventDispatcher.java:56)
	at javafx.base@21.0.6/com.sun.javafx.event.EventDispatchChainImpl.dispatchEvent(EventDispatchChainImpl.java:114)
	at javafx.base@21.0.6/com.sun.javafx.event.EventUtil.fireEventImpl(EventUtil.java:74)
	at javafx.base@21.0.6/com.sun.javafx.event.EventUtil.fireEvent(EventUtil.java:54)
	at javafx.base@21.0.6/javafx.event.Event.fireEvent(Event.java:198)
	at javafx.graphics@21.0.6/javafx.scene.Scene$MouseHandler.process(Scene.java:3984)
	at javafx.graphics@21.0.6/javafx.scene.Scene.processMouseEvent(Scene.java:1890)
	at javafx.graphics@21.0.6/javafx.scene.Scene$ScenePeerListener.mouseEvent(Scene.java:2708)
	at javafx.graphics@21.0.6/com.sun.javafx.tk.quantum.GlassViewEventHandler$MouseEventNotification.run(GlassViewEventHandler.java:411)
	at javafx.graphics@21.0.6/com.sun.javafx.tk.quantum.GlassViewEventHandler$MouseEventNotification.run(GlassViewEventHandler.java:301)
	at java.base/java.security.AccessController.doPrivileged(AccessController.java:138)
	at javafx.graphics@21.0.6/com.sun.javafx.tk.quantum.GlassViewEventHandler.lambda$handleMouseEvent$2(GlassViewEventHandler.java:450)
	at javafx.graphics@21.0.6/com.sun.javafx.tk.quantum.QuantumToolkit.runWithoutRenderLock(QuantumToolkit.java:424)
	at javafx.graphics@21.0.6/com.sun.javafx.tk.quantum.GlassViewEventHandler.handleMouseEvent(GlassViewEventHandler.java:449)
	at javafx.graphics@21.0.6/com.sun.glass.ui.View.handleMouseEvent(View.java:551)
	at javafx.graphics@21.0.6/com.sun.glass.ui.View.notifyMouse(View.java:937)
	at javafx.graphics@21.0.6/com.sun.glass.ui.win.WinApplication._runLoop(Native Method)
	at javafx.graphics@21.0.6/com.sun.glass.ui.win.WinApplication.lambda$runLoop$3(WinApplication.java:185)
	at java.base/java.lang.Thread.run(Thread.java:1474)
Caused by: jakarta.json.stream.JsonParsingException: Invalid token=SQUARECLOSE at (line no=52, column no=1, offset=1151). Expected tokens are: [COMMA]
	at org.eclipse.parsson@1.1.0/org.eclipse.parsson.JsonParserImpl.parsingException(JsonParserImpl.java:464)
	at org.eclipse.parsson@1.1.0/org.eclipse.parsson.JsonParserImpl.access$1100(JsonParserImpl.java:56)
	at org.eclipse.parsson@1.1.0/org.eclipse.parsson.JsonParserImpl$ObjectContext.getNextEvent(JsonParserImpl.java:518)
	at org.eclipse.parsson@1.1.0/org.eclipse.parsson.JsonParserImpl.next(JsonParserImpl.java:382)
	at org.eclipse.yasson@3.0.3/org.eclipse.yasson.internal.deserializer.ObjectDeserializer.deserialize(ObjectDeserializer.java:63)
	at org.eclipse.yasson@3.0.3/org.eclipse.yasson.internal.deserializer.ObjectDeserializer.deserialize(ObjectDeserializer.java:31)
	at org.eclipse.yasson@3.0.3/org.eclipse.yasson.internal.deserializer.DefaultObjectInstanceCreator.deserialize(DefaultObjectInstanceCreator.java:57)
	at org.eclipse.yasson@3.0.3/org.eclipse.yasson.internal.deserializer.DefaultObjectInstanceCreator.deserialize(DefaultObjectInstanceCreator.java:29)
	at org.eclipse.yasson@3.0.3/org.eclipse.yasson.internal.deserializer.PositionChecker.deserialize(PositionChecker.java:85)
	at org.eclipse.yasson@3.0.3/org.eclipse.yasson.internal.deserializer.PositionChecker.deserialize(PositionChecker.java:34)
	at org.eclipse.yasson@3.0.3/org.eclipse.yasson.internal.deserializer.NullCheckDeserializer.deserialize(NullCheckDeserializer.java:46)
	at org.eclipse.yasson@3.0.3/org.eclipse.yasson.internal.deserializer.NullCheckDeserializer.deserialize(NullCheckDeserializer.java:26)
	at org.eclipse.yasson@3.0.3/org.eclipse.yasson.internal.deserializer.ContextSwitcher.deserialize(ContextSwitcher.java:36)
	at org.eclipse.yasson@3.0.3/org.eclipse.yasson.internal.deserializer.ContextSwitcher.deserialize(ContextSwitcher.java:22)
	at org.eclipse.yasson@3.0.3/org.eclipse.yasson.internal.deserializer.ArrayDeserializer.deserialize(ArrayDeserializer.java:49)
	at org.eclipse.yasson@3.0.3/org.eclipse.yasson.internal.deserializer.ArrayDeserializer.deserialize(ArrayDeserializer.java:26)
	at org.eclipse.yasson@3.0.3/org.eclipse.yasson.internal.deserializer.ArrayInstanceCreator.deserialize(ArrayInstanceCreator.java:68)
	at org.eclipse.yasson@3.0.3/org.eclipse.yasson.internal.deserializer.ArrayInstanceCreator$ObjectArrayCreator.deserialize(ArrayInstanceCreator.java:226)
	at org.eclipse.yasson@3.0.3/org.eclipse.yasson.internal.deserializer.PositionChecker.deserialize(PositionChecker.java:85)
	at org.eclipse.yasson@3.0.3/org.eclipse.yasson.internal.deserializer.PositionChecker.deserialize(PositionChecker.java:34)
	at org.eclipse.yasson@3.0.3/org.eclipse.yasson.internal.deserializer.NullCheckDeserializer.deserialize(NullCheckDeserializer.java:46)
	at org.eclipse.yasson@3.0.3/org.eclipse.yasson.internal.deserializer.NullCheckDeserializer.deserialize(NullCheckDeserializer.java:26)
	at org.eclipse.yasson@3.0.3/org.eclipse.yasson.internal.DeserializationContextImpl.deserializeItem(DeserializationContextImpl.java:138)
	... 67 common frames omitted
2026-02-16 03:43:42.389 [JavaFX Application Thread] ERROR h.j.e.app.MainConsoleLauncher - Greška prilikom učitavanja add-new-users.fxml
javafx.fxml.LoadException: 
/C:/Users/dinov/Desktop/Java%202025/Projekt%202/EnergyCMS/target/classes/hr/javafx/energycms/add-new-users.fxml:12

	at javafx.fxml@21.0.6/javafx.fxml.FXMLLoader.constructLoadException(FXMLLoader.java:2722)
	at javafx.fxml@21.0.6/javafx.fxml.FXMLLoader$ValueElement.processAttribute(FXMLLoader.java:935)
	at javafx.fxml@21.0.6/javafx.fxml.FXMLLoader$InstanceDeclarationElement.processAttribute(FXMLLoader.java:983)
	at javafx.fxml@21.0.6/javafx.fxml.FXMLLoader$Element.processStartElement(FXMLLoader.java:230)
	at javafx.fxml@21.0.6/javafx.fxml.FXMLLoader$ValueElement.processStartElement(FXMLLoader.java:757)
	at javafx.fxml@21.0.6/javafx.fxml.FXMLLoader.processStartElement(FXMLLoader.java:2853)
	at javafx.fxml@21.0.6/javafx.fxml.FXMLLoader.loadImpl(FXMLLoader.java:2649)
	at javafx.fxml@21.0.6/javafx.fxml.FXMLLoader.loadImpl(FXMLLoader.java:2563)
	at javafx.fxml@21.0.6/javafx.fxml.FXMLLoader.load(FXMLLoader.java:2531)
	at hr.javafx.energycms/hr.javafx.energycms.controllers.MenuController.showAddNewUser(MenuController.java:102)
	at java.base/jdk.internal.reflect.DirectMethodHandleAccessor.invoke(DirectMethodHandleAccessor.java:104)
	at java.base/java.lang.reflect.Method.invoke(Method.java:565)
	at com.sun.javafx.reflect.Trampoline.invoke(MethodUtil.java:72)
	at java.base/jdk.internal.reflect.DirectMethodHandleAccessor.invoke(DirectMethodHandleAccessor.java:104)
	at java.base/java.lang.reflect.Method.invoke(Method.java:565)
	at javafx.base@21.0.6/com.sun.javafx.reflect.MethodUtil.invoke(MethodUtil.java:270)
	at javafx.fxml@21.0.6/com.sun.javafx.fxml.MethodHelper.invoke(MethodHelper.java:84)
	at javafx.fxml@21.0.6/javafx.fxml.FXMLLoader$MethodHandler.invoke(FXMLLoader.java:1855)
	at javafx.fxml@21.0.6/javafx.fxml.FXMLLoader$ControllerMethodEventHandler.handle(FXMLLoader.java:1726)
	at javafx.base@21.0.6/com.sun.javafx.event.CompositeEventHandler.dispatchBubblingEvent(CompositeEventHandler.java:86)
	at javafx.base@21.0.6/com.sun.javafx.event.EventHandlerManager.dispatchBubblingEvent(EventHandlerManager.java:232)
	at javafx.base@21.0.6/com.sun.javafx.event.EventHandlerManager.dispatchBubblingEvent(EventHandlerManager.java:189)
	at javafx.base@21.0.6/com.sun.javafx.event.BasicEventDispatcher.dispatchEvent(BasicEventDispatcher.java:58)
	at javafx.base@21.0.6/com.sun.javafx.event.EventDispatchChainImpl.dispatchEvent(EventDispatchChainImpl.java:114)
	at javafx.base@21.0.6/com.sun.javafx.event.EventUtil.fireEventImpl(EventUtil.java:74)
	at javafx.base@21.0.6/com.sun.javafx.event.EventUtil.fireEvent(EventUtil.java:49)
	at javafx.base@21.0.6/javafx.event.Event.fireEvent(Event.java:198)
	at javafx.controls@21.0.6/javafx.scene.control.MenuItem.fire(MenuItem.java:459)
	at javafx.controls@21.0.6/com.sun.javafx.scene.control.ContextMenuContent$MenuItemContainer.doSelect(ContextMenuContent.java:1415)
	at javafx.controls@21.0.6/com.sun.javafx.scene.control.ContextMenuContent$MenuItemContainer.lambda$createChildren$12(ContextMenuContent.java:1368)
	at javafx.base@21.0.6/com.sun.javafx.event.CompositeEventHandler$NormalEventHandlerRecord.handleBubblingEvent(CompositeEventHandler.java:247)
	at javafx.base@21.0.6/com.sun.javafx.event.CompositeEventHandler.dispatchBubblingEvent(CompositeEventHandler.java:80)
	at javafx.base@21.0.6/com.sun.javafx.event.EventHandlerManager.dispatchBubblingEvent(EventHandlerManager.java:232)
	at javafx.base@21.0.6/com.sun.javafx.event.EventHandlerManager.dispatchBubblingEvent(EventHandlerManager.java:189)
	at javafx.base@21.0.6/com.sun.javafx.event.CompositeEventDispatcher.dispatchBubblingEvent(CompositeEventDispatcher.java:59)
	at javafx.base@21.0.6/com.sun.javafx.event.BasicEventDispatcher.dispatchEvent(BasicEventDispatcher.java:58)
	at javafx.base@21.0.6/com.sun.javafx.event.EventDispatchChainImpl.dispatchEvent(EventDispatchChainImpl.java:114)
	at javafx.base@21.0.6/com.sun.javafx.event.BasicEventDispatcher.dispatchEvent(BasicEventDispatcher.java:56)
	at javafx.base@21.0.6/com.sun.javafx.event.EventDispatchChainImpl.dispatchEvent(EventDispatchChainImpl.java:114)
	at javafx.base@21.0.6/com.sun.javafx.event.BasicEventDispatcher.dispatchEvent(BasicEventDispatcher.java:56)
	at javafx.base@21.0.6/com.sun.javafx.event.EventDispatchChainImpl.dispatchEvent(EventDispatchChainImpl.java:114)
	at javafx.base@21.0.6/com.sun.javafx.event.BasicEventDispatcher.dispatchEvent(BasicEventDispatcher.java:56)
	at javafx.base@21.0.6/com.sun.javafx.event.EventDispatchChainImpl.dispatchEvent(EventDispatchChainImpl.java:114)
	at javafx.base@21.0.6/com.sun.javafx.event.EventUtil.fireEventImpl(EventUtil.java:74)
	at javafx.base@21.0.6/com.sun.javafx.event.EventUtil.fireEvent(EventUtil.java:54)
	at javafx.base@21.0.6/javafx.event.Event.fireEvent(Event.java:198)
	at javafx.graphics@21.0.6/javafx.scene.Scene$MouseHandler.process(Scene.java:3984)
	at javafx.graphics@21.0.6/javafx.scene.Scene.processMouseEvent(Scene.java:1890)
	at javafx.graphics@21.0.6/javafx.scene.Scene$ScenePeerListener.mouseEvent(Scene.java:2708)
	at javafx.graphics@21.0.6/com.sun.javafx.tk.quantum.GlassViewEventHandler$MouseEventNotification.run(GlassViewEventHandler.java:411)
	at javafx.graphics@21.0.6/com.sun.javafx.tk.quantum.GlassViewEventHandler$MouseEventNotification.run(GlassViewEventHandler.java:301)
	at java.base/java.security.AccessController.doPrivileged(AccessController.java:138)
	at javafx.graphics@21.0.6/com.sun.javafx.tk.quantum.GlassViewEventHandler.lambda$handleMouseEvent$2(GlassViewEventHandler.java:450)
	at javafx.graphics@21.0.6/com.sun.javafx.tk.quantum.QuantumToolkit.runWithoutRenderLock(QuantumToolkit.java:424)
	at javafx.graphics@21.0.6/com.sun.javafx.tk.quantum.GlassViewEventHandler.handleMouseEvent(GlassViewEventHandler.java:449)
	at javafx.graphics@21.0.6/com.sun.glass.ui.View.handleMouseEvent(View.java:551)
	at javafx.graphics@21.0.6/com.sun.glass.ui.View.notifyMouse(View.java:937)
	at javafx.graphics@21.0.6/com.sun.glass.ui.win.WinApplication._runLoop(Native Method)
	at javafx.graphics@21.0.6/com.sun.glass.ui.win.WinApplication.lambda$runLoop$3(WinApplication.java:185)
	at java.base/java.lang.Thread.run(Thread.java:1474)
Caused by: java.lang.ClassNotFoundException: hr.javafx.energycms.controllers.AddUserController
	at java.base/jdk.internal.loader.BuiltinClassLoader.loadClass(BuiltinClassLoader.java:580)
	at java.base/java.lang.ClassLoader.loadClass(ClassLoader.java:490)
	at javafx.fxml@21.0.6/javafx.fxml.FXMLLoader$ValueElement.processAttribute(FXMLLoader.java:933)
	... 58 common frames omitted
2026-02-16 04:27:56.966 [JavaFX Application Thread] ERROR h.j.e.app.MainConsoleLauncher - Greška pri učitavanju mjerenja, vraćanje prazne liste. 
jakarta.json.bind.JsonbException: Cannot create instance of a class: class hr.javafx.energycms.entities.Measurement, No default constructor found.
	at org.eclipse.yasson@3.0.3/org.eclipse.yasson.internal.deserializer.DefaultObjectInstanceCreator.<init>(DefaultObjectInstanceCreator.java:44)
	at org.eclipse.yasson@3.0.3/org.eclipse.yasson.internal.deserializer.DeserializationModelCreator.createObjectDeserializer(DeserializationModelCreator.java:251)
	at org.eclipse.yasson@3.0.3/org.eclipse.yasson.internal.deserializer.DeserializationModelCreator.deserializerChainInternal(DeserializationModelCreator.java:193)
	at org.eclipse.yasson@3.0.3/org.eclipse.yasson.internal.deserializer.DeserializationModelCreator.deserializerChain(DeserializationModelCreator.java:135)
	at org.eclipse.yasson@3.0.3/org.eclipse.yasson.internal.deserializer.DeserializationModelCreator.createNewChain(DeserializationModelCreator.java:488)
	at org.eclipse.yasson@3.0.3/org.eclipse.yasson.internal.deserializer.DeserializationModelCreator.typeProcessor(DeserializationModelCreator.java:477)
	at org.eclipse.yasson@3.0.3/org.eclipse.yasson.internal.deserializer.DeserializationModelCreator.typeProcessor(DeserializationModelCreator.java:430)
	at org.eclipse.yasson@3.0.3/org.eclipse.yasson.internal.deserializer.DeserializationModelCreator.createArrayDeserializer(DeserializationModelCreator.java:334)
	at org.eclipse.yasson@3.0.3/org.eclipse.yasson.internal.deserializer.DeserializationModelCreator.deserializerChainInternal(DeserializationModelCreator.java:187)
	at org.eclipse.yasson@3.0.3/org.eclipse.yasson.internal.deserializer.DeserializationModelCreator.deserializerChain(DeserializationModelCreator.java:135)
	at org.eclipse.yasson@3.0.3/org.eclipse.yasson.internal.deserializer.DeserializationModelCreator.deserializerChain(DeserializationModelCreator.java:123)
	at org.eclipse.yasson@3.0.3/org.eclipse.yasson.internal.DeserializationContextImpl.deserializeItem(DeserializationContextImpl.java:137)
	at org.eclipse.yasson@3.0.3/org.eclipse.yasson.internal.DeserializationContextImpl.deserialize(DeserializationContextImpl.java:127)
	at org.eclipse.yasson@3.0.3/org.eclipse.yasson.internal.JsonBinding.deserialize(JsonBinding.java:55)
	at org.eclipse.yasson@3.0.3/org.eclipse.yasson.internal.JsonBinding.fromJson(JsonBinding.java:62)
	at hr.javafx.energycms/hr.javafx.energycms.repository.JsonRepository.loadMeasurements(JsonRepository.java:82)
	at hr.javafx.energycms/hr.javafx.energycms.controllers.MeasurementsController.loadData(MeasurementsController.java:75)
	at hr.javafx.energycms/hr.javafx.energycms.controllers.MeasurementsController.initialize(MeasurementsController.java:43)
	at java.base/jdk.internal.reflect.DirectMethodHandleAccessor.invoke(DirectMethodHandleAccessor.java:104)
	at java.base/java.lang.reflect.Method.invoke(Method.java:565)
	at com.sun.javafx.reflect.Trampoline.invoke(MethodUtil.java:72)
	at java.base/jdk.internal.reflect.DirectMethodHandleAccessor.invoke(DirectMethodHandleAccessor.java:104)
	at java.base/java.lang.reflect.Method.invoke(Method.java:565)
	at javafx.base@21.0.6/com.sun.javafx.reflect.MethodUtil.invoke(MethodUtil.java:270)
	at javafx.fxml@21.0.6/com.sun.javafx.fxml.MethodHelper.invoke(MethodHelper.java:84)
	at javafx.fxml@21.0.6/javafx.fxml.FXMLLoader.loadImpl(FXMLLoader.java:2688)
	at javafx.fxml@21.0.6/javafx.fxml.FXMLLoader.loadImpl(FXMLLoader.java:2563)
	at javafx.fxml@21.0.6/javafx.fxml.FXMLLoader.load(FXMLLoader.java:2531)
	at hr.javafx.energycms/hr.javafx.energycms.controllers.MenuController.showMeasurementsList(MenuController.java:19)
	at java.base/jdk.internal.reflect.DirectMethodHandleAccessor.invoke(DirectMethodHandleAccessor.java:104)
	at java.base/java.lang.reflect.Method.invoke(Method.java:565)
	at com.sun.javafx.reflect.Trampoline.invoke(MethodUtil.java:72)
	at java.base/jdk.internal.reflect.DirectMethodHandleAccessor.invoke(DirectMethodHandleAccessor.java:104)
	at java.base/java.lang.reflect.Method.invoke(Method.java:565)
	at javafx.base@21.0.6/com.sun.javafx.reflect.MethodUtil.invoke(MethodUtil.java:270)
	at javafx.fxml@21.0.6/com.sun.javafx.fxml.MethodHelper.invoke(MethodHelper.java:84)
	at javafx.fxml@21.0.6/javafx.fxml.FXMLLoader$MethodHandler.invoke(FXMLLoader.java:1855)
	at javafx.fxml@21.0.6/javafx.fxml.FXMLLoader$ControllerMethodEventHandler.handle(FXMLLoader.java:1726)
	at javafx.base@21.0.6/com.sun.javafx.event.CompositeEventHandler.dispatchBubblingEvent(CompositeEventHandler.java:86)
	at javafx.base@21.0.6/com.sun.javafx.event.EventHandlerManager.dispatchBubblingEvent(EventHandlerManager.java:232)
	at javafx.base@21.0.6/com.sun.javafx.event.EventHandlerManager.dispatchBubblingEvent(EventHandlerManager.java:189)
	at javafx.base@21.0.6/com.sun.javafx.event.BasicEventDispatcher.dispatchEvent(BasicEventDispatcher.java:58)
	at javafx.base@21.0.6/com.sun.javafx.event.EventDispatchChainImpl.dispatchEvent(EventDispatchChainImpl.java:114)
	at javafx.base@21.0.6/com.sun.javafx.event.EventUtil.fireEventImpl(EventUtil.java:74)
	at javafx.base@21.0.6/com.sun.javafx.event.EventUtil.fireEvent(EventUtil.java:49)
	at javafx.base@21.0.6/javafx.event.Event.fireEvent(Event.java:198)
	at javafx.controls@21.0.6/javafx.scene.control.MenuItem.fire(MenuItem.java:459)
	at javafx.controls@21.0.6/com.sun.javafx.scene.control.ContextMenuContent$MenuItemContainer.doSelect(ContextMenuContent.java:1415)
	at javafx.controls@21.0.6/com.sun.javafx.scene.control.ContextMenuContent$MenuItemContainer.lambda$createChildren$12(ContextMenuContent.java:1368)
	at javafx.base@21.0.6/com.sun.javafx.event.CompositeEventHandler$NormalEventHandlerRecord.handleBubblingEvent(CompositeEventHandler.java:247)
	at javafx.base@21.0.6/com.sun.javafx.event.CompositeEventHandler.dispatchBubblingEvent(CompositeEventHandler.java:80)
	at javafx.base@21.0.6/com.sun.javafx.event.EventHandlerManager.dispatchBubblingEvent(EventHandlerManager.java:232)
	at javafx.base@21.0.6/com.sun.javafx.event.EventHandlerManager.dispatchBubblingEvent(EventHandlerManager.java:189)
	at javafx.base@21.0.6/com.sun.javafx.event.CompositeEventDispatcher.dispatchBubblingEvent(CompositeEventDispatcher.java:59)
	at javafx.base@21.0.6/com.sun.javafx.event.BasicEventDispatcher.dispatchEvent(BasicEventDispatcher.java:58)
	at javafx.base@21.0.6/com.sun.javafx.event.EventDispatchChainImpl.dispatchEvent(EventDispatchChainImpl.java:114)
	at javafx.base@21.0.6/com.sun.javafx.event.BasicEventDispatcher.dispatchEvent(BasicEventDispatcher.java:56)
	at javafx.base@21.0.6/com.sun.javafx.event.EventDispatchChainImpl.dispatchEvent(EventDispatchChainImpl.java:114)
	at javafx.base@21.0.6/com.sun.javafx.event.BasicEventDispatcher.dispatchEvent(BasicEventDispatcher.java:56)
	at javafx.base@21.0.6/com.sun.javafx.event.EventDispatchChainImpl.dispatchEvent(EventDispatchChainImpl.java:114)
	at javafx.base@21.0.6/com.sun.javafx.event.BasicEventDispatcher.dispatchEvent(BasicEventDispatcher.java:56)
	at javafx.base@21.0.6/com.sun.javafx.event.EventDispatchChainImpl.dispatchEvent(EventDispatchChainImpl.java:114)
	at javafx.base@21.0.6/com.sun.javafx.event.EventUtil.fireEventImpl(EventUtil.java:74)
	at javafx.base@21.0.6/com.sun.javafx.event.EventUtil.fireEvent(EventUtil.java:54)
	at javafx.base@21.0.6/javafx.event.Event.fireEvent(Event.java:198)
	at javafx.graphics@21.0.6/javafx.scene.Scene$MouseHandler.process(Scene.java:3984)
	at javafx.graphics@21.0.6/javafx.scene.Scene.processMouseEvent(Scene.java:1890)
	at javafx.graphics@21.0.6/javafx.scene.Scene$ScenePeerListener.mouseEvent(Scene.java:2708)
	at javafx.graphics@21.0.6/com.sun.javafx.tk.quantum.GlassViewEventHandler$MouseEventNotification.run(GlassViewEventHandler.java:411)
	at javafx.graphics@21.0.6/com.sun.javafx.tk.quantum.GlassViewEventHandler$MouseEventNotification.run(GlassViewEventHandler.java:301)
	at java.base/java.security.AccessController.doPrivileged(AccessController.java:138)
	at javafx.graphics@21.0.6/com.sun.javafx.tk.quantum.GlassViewEventHandler.lambda$handleMouseEvent$2(GlassViewEventHandler.java:450)
	at javafx.graphics@21.0.6/com.sun.javafx.tk.quantum.QuantumToolkit.runWithoutRenderLock(QuantumToolkit.java:424)
	at javafx.graphics@21.0.6/com.sun.javafx.tk.quantum.GlassViewEventHandler.handleMouseEvent(GlassViewEventHandler.java:449)
	at javafx.graphics@21.0.6/com.sun.glass.ui.View.handleMouseEvent(View.java:551)
	at javafx.graphics@21.0.6/com.sun.glass.ui.View.notifyMouse(View.java:937)
	at javafx.graphics@21.0.6/com.sun.glass.ui.win.WinApplication._runLoop(Native Method)
	at javafx.graphics@21.0.6/com.sun.glass.ui.win.WinApplication.lambda$runLoop$3(WinApplication.java:185)
	at java.base/java.lang.Thread.run(Thread.java:1474)
2026-02-16 04:27:56.978 [JavaFX Application Thread] ERROR h.j.e.app.MainConsoleLauncher - Greška pri učitavanju mjerenja, vraćanje prazne liste. 
jakarta.json.bind.JsonbException: Cannot create instance of a class: class hr.javafx.energycms.entities.Measurement, No default constructor found.
	at org.eclipse.yasson@3.0.3/org.eclipse.yasson.internal.deserializer.DefaultObjectInstanceCreator.<init>(DefaultObjectInstanceCreator.java:44)
	at org.eclipse.yasson@3.0.3/org.eclipse.yasson.internal.deserializer.DeserializationModelCreator.createObjectDeserializer(DeserializationModelCreator.java:251)
	at org.eclipse.yasson@3.0.3/org.eclipse.yasson.internal.deserializer.DeserializationModelCreator.deserializerChainInternal(DeserializationModelCreator.java:193)
	at org.eclipse.yasson@3.0.3/org.eclipse.yasson.internal.deserializer.DeserializationModelCreator.deserializerChain(DeserializationModelCreator.java:135)
	at org.eclipse.yasson@3.0.3/org.eclipse.yasson.internal.deserializer.DeserializationModelCreator.createNewChain(DeserializationModelCreator.java:488)
	at org.eclipse.yasson@3.0.3/org.eclipse.yasson.internal.deserializer.DeserializationModelCreator.typeProcessor(DeserializationModelCreator.java:477)
	at org.eclipse.yasson@3.0.3/org.eclipse.yasson.internal.deserializer.DeserializationModelCreator.typeProcessor(DeserializationModelCreator.java:430)
	at org.eclipse.yasson@3.0.3/org.eclipse.yasson.internal.deserializer.DeserializationModelCreator.createArrayDeserializer(DeserializationModelCreator.java:334)
	at org.eclipse.yasson@3.0.3/org.eclipse.yasson.internal.deserializer.DeserializationModelCreator.deserializerChainInternal(DeserializationModelCreator.java:187)
	at org.eclipse.yasson@3.0.3/org.eclipse.yasson.internal.deserializer.DeserializationModelCreator.deserializerChain(DeserializationModelCreator.java:135)
	at org.eclipse.yasson@3.0.3/org.eclipse.yasson.internal.deserializer.DeserializationModelCreator.deserializerChain(DeserializationModelCreator.java:123)
	at org.eclipse.yasson@3.0.3/org.eclipse.yasson.internal.DeserializationContextImpl.deserializeItem(DeserializationContextImpl.java:137)
	at org.eclipse.yasson@3.0.3/org.eclipse.yasson.internal.DeserializationContextImpl.deserialize(DeserializationContextImpl.java:127)
	at org.eclipse.yasson@3.0.3/org.eclipse.yasson.internal.JsonBinding.deserialize(JsonBinding.java:55)
	at org.eclipse.yasson@3.0.3/org.eclipse.yasson.internal.JsonBinding.fromJson(JsonBinding.java:62)
	at hr.javafx.energycms/hr.javafx.energycms.repository.JsonRepository.loadMeasurements(JsonRepository.java:82)
	at hr.javafx.energycms/hr.javafx.energycms.controllers.MeasurementsController.loadData(MeasurementsController.java:75)
	at hr.javafx.energycms/hr.javafx.energycms.controllers.MeasurementsController.initialize(MeasurementsController.java:62)
	at java.base/jdk.internal.reflect.DirectMethodHandleAccessor.invoke(DirectMethodHandleAccessor.java:104)
	at java.base/java.lang.reflect.Method.invoke(Method.java:565)
	at com.sun.javafx.reflect.Trampoline.invoke(MethodUtil.java:72)
	at java.base/jdk.internal.reflect.DirectMethodHandleAccessor.invoke(DirectMethodHandleAccessor.java:104)
	at java.base/java.lang.reflect.Method.invoke(Method.java:565)
	at javafx.base@21.0.6/com.sun.javafx.reflect.MethodUtil.invoke(MethodUtil.java:270)
	at javafx.fxml@21.0.6/com.sun.javafx.fxml.MethodHelper.invoke(MethodHelper.java:84)
	at javafx.fxml@21.0.6/javafx.fxml.FXMLLoader.loadImpl(FXMLLoader.java:2688)
	at javafx.fxml@21.0.6/javafx.fxml.FXMLLoader.loadImpl(FXMLLoader.java:2563)
	at javafx.fxml@21.0.6/javafx.fxml.FXMLLoader.load(FXMLLoader.java:2531)
	at hr.javafx.energycms/hr.javafx.energycms.controllers.MenuController.showMeasurementsList(MenuController.java:19)
	at java.base/jdk.internal.reflect.DirectMethodHandleAccessor.invoke(DirectMethodHandleAccessor.java:104)
	at java.base/java.lang.reflect.Method.invoke(Method.java:565)
	at com.sun.javafx.reflect.Trampoline.invoke(MethodUtil.java:72)
	at java.base/jdk.internal.reflect.DirectMethodHandleAccessor.invoke(DirectMethodHandleAccessor.java:104)
	at java.base/java.lang.reflect.Method.invoke(Method.java:565)
	at javafx.base@21.0.6/com.sun.javafx.reflect.MethodUtil.invoke(MethodUtil.java:270)
	at javafx.fxml@21.0.6/com.sun.javafx.fxml.MethodHelper.invoke(MethodHelper.java:84)
	at javafx.fxml@21.0.6/javafx.fxml.FXMLLoader$MethodHandler.invoke(FXMLLoader.java:1855)
	at javafx.fxml@21.0.6/javafx.fxml.FXMLLoader$ControllerMethodEventHandler.handle(FXMLLoader.java:1726)
	at javafx.base@21.0.6/com.sun.javafx.event.CompositeEventHandler.dispatchBubblingEvent(CompositeEventHandler.java:86)
	at javafx.base@21.0.6/com.sun.javafx.event.EventHandlerManager.dispatchBubblingEvent(EventHandlerManager.java:232)
	at javafx.base@21.0.6/com.sun.javafx.event.EventHandlerManager.dispatchBubblingEvent(EventHandlerManager.java:189)
	at javafx.base@21.0.6/com.sun.javafx.event.BasicEventDispatcher.dispatchEvent(BasicEventDispatcher.java:58)
	at javafx.base@21.0.6/com.sun.javafx.event.EventDispatchChainImpl.dispatchEvent(EventDispatchChainImpl.java:114)
	at javafx.base@21.0.6/com.sun.javafx.event.EventUtil.fireEventImpl(EventUtil.java:74)
	at javafx.base@21.0.6/com.sun.javafx.event.EventUtil.fireEvent(EventUtil.java:49)
	at javafx.base@21.0.6/javafx.event.Event.fireEvent(Event.java:198)
	at javafx.controls@21.0.6/javafx.scene.control.MenuItem.fire(MenuItem.java:459)
	at javafx.controls@21.0.6/com.sun.javafx.scene.control.ContextMenuContent$MenuItemContainer.doSelect(ContextMenuContent.java:1415)
	at javafx.controls@21.0.6/com.sun.javafx.scene.control.ContextMenuContent$MenuItemContainer.lambda$createChildren$12(ContextMenuContent.java:1368)
	at javafx.base@21.0.6/com.sun.javafx.event.CompositeEventHandler$NormalEventHandlerRecord.handleBubblingEvent(CompositeEventHandler.java:247)
	at javafx.base@21.0.6/com.sun.javafx.event.CompositeEventHandler.dispatchBubblingEvent(CompositeEventHandler.java:80)
	at javafx.base@21.0.6/com.sun.javafx.event.EventHandlerManager.dispatchBubblingEvent(EventHandlerManager.java:232)
	at javafx.base@21.0.6/com.sun.javafx.event.EventHandlerManager.dispatchBubblingEvent(EventHandlerManager.java:189)
	at javafx.base@21.0.6/com.sun.javafx.event.CompositeEventDispatcher.dispatchBubblingEvent(CompositeEventDispatcher.java:59)
	at javafx.base@21.0.6/com.sun.javafx.event.BasicEventDispatcher.dispatchEvent(BasicEventDispatcher.java:58)
	at javafx.base@21.0.6/com.sun.javafx.event.EventDispatchChainImpl.dispatchEvent(EventDispatchChainImpl.java:114)
	at javafx.base@21.0.6/com.sun.javafx.event.BasicEventDispatcher.dispatchEvent(BasicEventDispatcher.java:56)
	at javafx.base@21.0.6/com.sun.javafx.event.EventDispatchChainImpl.dispatchEvent(EventDispatchChainImpl.java:114)
	at javafx.base@21.0.6/com.sun.javafx.event.BasicEventDispatcher.dispatchEvent(BasicEventDispatcher.java:56)
	at javafx.base@21.0.6/com.sun.javafx.event.EventDispatchChainImpl.dispatchEvent(EventDispatchChainImpl.java:114)
	at javafx.base@21.0.6/com.sun.javafx.event.BasicEventDispatcher.dispatchEvent(BasicEventDispatcher.java:56)
	at javafx.base@21.0.6/com.sun.javafx.event.EventDispatchChainImpl.dispatchEvent(EventDispatchChainImpl.java:114)
	at javafx.base@21.0.6/com.sun.javafx.event.EventUtil.fireEventImpl(EventUtil.java:74)
	at javafx.base@21.0.6/com.sun.javafx.event.EventUtil.fireEvent(EventUtil.java:54)
	at javafx.base@21.0.6/javafx.event.Event.fireEvent(Event.java:198)
	at javafx.graphics@21.0.6/javafx.scene.Scene$MouseHandler.process(Scene.java:3984)
	at javafx.graphics@21.0.6/javafx.scene.Scene.processMouseEvent(Scene.java:1890)
	at javafx.graphics@21.0.6/javafx.scene.Scene$ScenePeerListener.mouseEvent(Scene.java:2708)
	at javafx.graphics@21.0.6/com.sun.javafx.tk.quantum.GlassViewEventHandler$MouseEventNotification.run(GlassViewEventHandler.java:411)
	at javafx.graphics@21.0.6/com.sun.javafx.tk.quantum.GlassViewEventHandler$MouseEventNotification.run(GlassViewEventHandler.java:301)
	at java.base/java.security.AccessController.doPrivileged(AccessController.java:138)
	at javafx.graphics@21.0.6/com.sun.javafx.tk.quantum.GlassViewEventHandler.lambda$handleMouseEvent$2(GlassViewEventHandler.java:450)
	at javafx.graphics@21.0.6/com.sun.javafx.tk.quantum.QuantumToolkit.runWithoutRenderLock(QuantumToolkit.java:424)
	at javafx.graphics@21.0.6/com.sun.javafx.tk.quantum.GlassViewEventHandler.handleMouseEvent(GlassViewEventHandler.java:449)
	at javafx.graphics@21.0.6/com.sun.glass.ui.View.handleMouseEvent(View.java:551)
	at javafx.graphics@21.0.6/com.sun.glass.ui.View.notifyMouse(View.java:937)
	at javafx.graphics@21.0.6/com.sun.glass.ui.win.WinApplication._runLoop(Native Method)
	at javafx.graphics@21.0.6/com.sun.glass.ui.win.WinApplication.lambda$runLoop$3(WinApplication.java:185)
	at java.base/java.lang.Thread.run(Thread.java:1474)
2026-02-16 04:32:02.539 [JavaFX Application Thread] ERROR h.j.e.app.MainConsoleLauncher - Greška pri učitavanju pametnih uređaja
jakarta.json.bind.JsonbException: Cannot create instance of a class: class hr.javafx.energycms.entities.SmartDevice, No default constructor found.
	at org.eclipse.yasson@3.0.3/org.eclipse.yasson.internal.deserializer.DefaultObjectInstanceCreator.<init>(DefaultObjectInstanceCreator.java:44)
	at org.eclipse.yasson@3.0.3/org.eclipse.yasson.internal.deserializer.DeserializationModelCreator.createObjectDeserializer(DeserializationModelCreator.java:251)
	at org.eclipse.yasson@3.0.3/org.eclipse.yasson.internal.deserializer.DeserializationModelCreator.deserializerChainInternal(DeserializationModelCreator.java:193)
	at org.eclipse.yasson@3.0.3/org.eclipse.yasson.internal.deserializer.DeserializationModelCreator.deserializerChain(DeserializationModelCreator.java:135)
	at org.eclipse.yasson@3.0.3/org.eclipse.yasson.internal.deserializer.DeserializationModelCreator.createNewChain(DeserializationModelCreator.java:488)
	at org.eclipse.yasson@3.0.3/org.eclipse.yasson.internal.deserializer.DeserializationModelCreator.typeProcessor(DeserializationModelCreator.java:477)
	at org.eclipse.yasson@3.0.3/org.eclipse.yasson.internal.deserializer.DeserializationModelCreator.typeProcessor(DeserializationModelCreator.java:430)
	at org.eclipse.yasson@3.0.3/org.eclipse.yasson.internal.deserializer.DeserializationModelCreator.createArrayDeserializer(DeserializationModelCreator.java:334)
	at org.eclipse.yasson@3.0.3/org.eclipse.yasson.internal.deserializer.DeserializationModelCreator.deserializerChainInternal(DeserializationModelCreator.java:187)
	at org.eclipse.yasson@3.0.3/org.eclipse.yasson.internal.deserializer.DeserializationModelCreator.deserializerChain(DeserializationModelCreator.java:135)
	at org.eclipse.yasson@3.0.3/org.eclipse.yasson.internal.deserializer.DeserializationModelCreator.deserializerChain(DeserializationModelCreator.java:123)
	at org.eclipse.yasson@3.0.3/org.eclipse.yasson.internal.DeserializationContextImpl.deserializeItem(DeserializationContextImpl.java:137)
	at org.eclipse.yasson@3.0.3/org.eclipse.yasson.internal.DeserializationContextImpl.deserialize(DeserializationContextImpl.java:127)
	at org.eclipse.yasson@3.0.3/org.eclipse.yasson.internal.JsonBinding.deserialize(JsonBinding.java:55)
	at org.eclipse.yasson@3.0.3/org.eclipse.yasson.internal.JsonBinding.fromJson(JsonBinding.java:62)
	at hr.javafx.energycms/hr.javafx.energycms.repository.JsonRepository.loadSmartDevices(JsonRepository.java:51)
	at hr.javafx.energycms/hr.javafx.energycms.controllers.DevicesController.loadData(DevicesController.java:62)
	at hr.javafx.energycms/hr.javafx.energycms.controllers.DevicesController.initialize(DevicesController.java:57)
	at java.base/jdk.internal.reflect.DirectMethodHandleAccessor.invoke(DirectMethodHandleAccessor.java:104)
	at java.base/java.lang.reflect.Method.invoke(Method.java:565)
	at com.sun.javafx.reflect.Trampoline.invoke(MethodUtil.java:72)
	at java.base/jdk.internal.reflect.DirectMethodHandleAccessor.invoke(DirectMethodHandleAccessor.java:104)
	at java.base/java.lang.reflect.Method.invoke(Method.java:565)
	at javafx.base@21.0.6/com.sun.javafx.reflect.MethodUtil.invoke(MethodUtil.java:270)
	at javafx.fxml@21.0.6/com.sun.javafx.fxml.MethodHelper.invoke(MethodHelper.java:84)
	at javafx.fxml@21.0.6/javafx.fxml.FXMLLoader.loadImpl(FXMLLoader.java:2688)
	at javafx.fxml@21.0.6/javafx.fxml.FXMLLoader.loadImpl(FXMLLoader.java:2563)
	at javafx.fxml@21.0.6/javafx.fxml.FXMLLoader.load(FXMLLoader.java:2531)
	at hr.javafx.energycms/hr.javafx.energycms.controllers.MenuController.showDevicesList(MenuController.java:53)
	at java.base/jdk.internal.reflect.DirectMethodHandleAccessor.invoke(DirectMethodHandleAccessor.java:104)
	at java.base/java.lang.reflect.Method.invoke(Method.java:565)
	at com.sun.javafx.reflect.Trampoline.invoke(MethodUtil.java:72)
	at java.base/jdk.internal.reflect.DirectMethodHandleAccessor.invoke(DirectMethodHandleAccessor.java:104)
	at java.base/java.lang.reflect.Method.invoke(Method.java:565)
	at javafx.base@21.0.6/com.sun.javafx.reflect.MethodUtil.invoke(MethodUtil.java:270)
	at javafx.fxml@21.0.6/com.sun.javafx.fxml.MethodHelper.invoke(MethodHelper.java:84)
	at javafx.fxml@21.0.6/javafx.fxml.FXMLLoader$MethodHandler.invoke(FXMLLoader.java:1855)
	at javafx.fxml@21.0.6/javafx.fxml.FXMLLoader$ControllerMethodEventHandler.handle(FXMLLoader.java:1726)
	at javafx.base@21.0.6/com.sun.javafx.event.CompositeEventHandler.dispatchBubblingEvent(CompositeEventHandler.java:86)
	at javafx.base@21.0.6/com.sun.javafx.event.EventHandlerManager.dispatchBubblingEvent(EventHandlerManager.java:232)
	at javafx.base@21.0.6/com.sun.javafx.event.EventHandlerManager.dispatchBubblingEvent(EventHandlerManager.java:189)
	at javafx.base@21.0.6/com.sun.javafx.event.BasicEventDispatcher.dispatchEvent(BasicEventDispatcher.java:58)
	at javafx.base@21.0.6/com.sun.javafx.event.EventDispatchChainImpl.dispatchEvent(EventDispatchChainImpl.java:114)
	at javafx.base@21.0.6/com.sun.javafx.event.EventUtil.fireEventImpl(EventUtil.java:74)
	at javafx.base@21.0.6/com.sun.javafx.event.EventUtil.fireEvent(EventUtil.java:49)
	at javafx.base@21.0.6/javafx.event.Event.fireEvent(Event.java:198)
	at javafx.controls@21.0.6/javafx.scene.control.MenuItem.fire(MenuItem.java:459)
	at javafx.controls@21.0.6/com.sun.javafx.scene.control.ContextMenuContent$MenuItemContainer.doSelect(ContextMenuContent.java:1415)
	at javafx.controls@21.0.6/com.sun.javafx.scene.control.ContextMenuContent$MenuItemContainer.lambda$createChildren$12(ContextMenuContent.java:1368)
	at javafx.base@21.0.6/com.sun.javafx.event.CompositeEventHandler$NormalEventHandlerRecord.handleBubblingEvent(CompositeEventHandler.java:247)
	at javafx.base@21.0.6/com.sun.javafx.event.CompositeEventHandler.dispatchBubblingEvent(CompositeEventHandler.java:80)
	at javafx.base@21.0.6/com.sun.javafx.event.EventHandlerManager.dispatchBubblingEvent(EventHandlerManager.java:232)
	at javafx.base@21.0.6/com.sun.javafx.event.EventHandlerManager.dispatchBubblingEvent(EventHandlerManager.java:189)
	at javafx.base@21.0.6/com.sun.javafx.event.CompositeEventDispatcher.dispatchBubblingEvent(CompositeEventDispatcher.java:59)
	at javafx.base@21.0.6/com.sun.javafx.event.BasicEventDispatcher.dispatchEvent(BasicEventDispatcher.java:58)
	at javafx.base@21.0.6/com.sun.javafx.event.EventDispatchChainImpl.dispatchEvent(EventDispatchChainImpl.java:114)
	at javafx.base@21.0.6/com.sun.javafx.event.BasicEventDispatcher.dispatchEvent(BasicEventDispatcher.java:56)
	at javafx.base@21.0.6/com.sun.javafx.event.EventDispatchChainImpl.dispatchEvent(EventDispatchChainImpl.java:114)
	at javafx.base@21.0.6/com.sun.javafx.event.BasicEventDispatcher.dispatchEvent(BasicEventDispatcher.java:56)
	at javafx.base@21.0.6/com.sun.javafx.event.EventDispatchChainImpl.dispatchEvent(EventDispatchChainImpl.java:114)
	at javafx.base@21.0.6/com.sun.javafx.event.BasicEventDispatcher.dispatchEvent(BasicEventDispatcher.java:56)
	at javafx.base@21.0.6/com.sun.javafx.event.EventDispatchChainImpl.dispatchEvent(EventDispatchChainImpl.java:114)
	at javafx.base@21.0.6/com.sun.javafx.event.EventUtil.fireEventImpl(EventUtil.java:74)
	at javafx.base@21.0.6/com.sun.javafx.event.EventUtil.fireEvent(EventUtil.java:54)
	at javafx.base@21.0.6/javafx.event.Event.fireEvent(Event.java:198)
	at javafx.graphics@21.0.6/javafx.scene.Scene$MouseHandler.process(Scene.java:3984)
	at javafx.graphics@21.0.6/javafx.scene.Scene.processMouseEvent(Scene.java:1890)
	at javafx.graphics@21.0.6/javafx.scene.Scene$ScenePeerListener.mouseEvent(Scene.java:2708)
	at javafx.graphics@21.0.6/com.sun.javafx.tk.quantum.GlassViewEventHandler$MouseEventNotification.run(GlassViewEventHandler.java:411)
	at javafx.graphics@21.0.6/com.sun.javafx.tk.quantum.GlassViewEventHandler$MouseEventNotification.run(GlassViewEventHandler.java:301)
	at java.base/java.security.AccessController.doPrivileged(AccessController.java:138)
	at javafx.graphics@21.0.6/com.sun.javafx.tk.quantum.GlassViewEventHandler.lambda$handleMouseEvent$2(GlassViewEventHandler.java:450)
	at javafx.graphics@21.0.6/com.sun.javafx.tk.quantum.QuantumToolkit.runWithoutRenderLock(QuantumToolkit.java:424)
	at javafx.graphics@21.0.6/com.sun.javafx.tk.quantum.GlassViewEventHandler.handleMouseEvent(GlassViewEventHandler.java:449)
	at javafx.graphics@21.0.6/com.sun.glass.ui.View.handleMouseEvent(View.java:551)
	at javafx.graphics@21.0.6/com.sun.glass.ui.View.notifyMouse(View.java:937)
	at javafx.graphics@21.0.6/com.sun.glass.ui.win.WinApplication._runLoop(Native Method)
	at javafx.graphics@21.0.6/com.sun.glass.ui.win.WinApplication.lambda$runLoop$3(WinApplication.java:185)
	at java.base/java.lang.Thread.run(Thread.java:1474)
2026-02-16 06:36:10.951 [JavaFX Application Thread] ERROR h.j.e.app.MainConsoleLauncher - Greška pri spremanju korisnika!
jakarta.json.bind.JsonbException: Unable to serialize property 'devices' from hr.javafx.energycms.entities.User
	at org.eclipse.yasson@3.0.3/org.eclipse.yasson.internal.serializer.ObjectSerializer.lambda$serialize$0(ObjectSerializer.java:43)
	at java.base/java.util.LinkedHashMap.forEach(LinkedHashMap.java:987)
	at org.eclipse.yasson@3.0.3/org.eclipse.yasson.internal.serializer.ObjectSerializer.serialize(ObjectSerializer.java:38)
	at org.eclipse.yasson@3.0.3/org.eclipse.yasson.internal.serializer.RecursionChecker.serialize(RecursionChecker.java:38)
	at org.eclipse.yasson@3.0.3/org.eclipse.yasson.internal.serializer.KeyWriter.serialize(KeyWriter.java:41)
	at org.eclipse.yasson@3.0.3/org.eclipse.yasson.internal.serializer.NullVisibilitySwitcher.serialize(NullVisibilitySwitcher.java:40)
	at org.eclipse.yasson@3.0.3/org.eclipse.yasson.internal.serializer.NullSerializer.serialize(NullSerializer.java:67)
	at org.eclipse.yasson@3.0.3/org.eclipse.yasson.internal.serializer.types.ObjectTypeSerializer.findSerializer(ObjectTypeSerializer.java:68)
	at org.eclipse.yasson@3.0.3/org.eclipse.yasson.internal.serializer.types.ObjectTypeSerializer.serializeValue(ObjectTypeSerializer.java:50)
	at org.eclipse.yasson@3.0.3/org.eclipse.yasson.internal.serializer.types.TypeSerializer$ValueSerializer.serialize(TypeSerializer.java:51)
	at org.eclipse.yasson@3.0.3/org.eclipse.yasson.internal.serializer.types.TypeSerializer.serialize(TypeSerializer.java:37)
	at org.eclipse.yasson@3.0.3/org.eclipse.yasson.internal.serializer.types.ObjectTypeSerializer.serialize(ObjectTypeSerializer.java:31)
	at org.eclipse.yasson@3.0.3/org.eclipse.yasson.internal.serializer.NullSerializer.serialize(NullSerializer.java:67)
	at org.eclipse.yasson@3.0.3/org.eclipse.yasson.internal.serializer.CollectionSerializer.lambda$serialize$0(CollectionSerializer.java:37)
	at java.base/java.lang.Iterable.forEach(Iterable.java:75)
	at org.eclipse.yasson@3.0.3/org.eclipse.yasson.internal.serializer.CollectionSerializer.serialize(CollectionSerializer.java:37)
	at org.eclipse.yasson@3.0.3/org.eclipse.yasson.internal.serializer.KeyWriter.serialize(KeyWriter.java:41)
	at org.eclipse.yasson@3.0.3/org.eclipse.yasson.internal.serializer.NullVisibilitySwitcher.serialize(NullVisibilitySwitcher.java:40)
	at org.eclipse.yasson@3.0.3/org.eclipse.yasson.internal.serializer.NullSerializer.serialize(NullSerializer.java:67)
	at org.eclipse.yasson@3.0.3/org.eclipse.yasson.internal.SerializationContextImpl.serializeObject(SerializationContextImpl.java:197)
	at org.eclipse.yasson@3.0.3/org.eclipse.yasson.internal.SerializationContextImpl.marshall(SerializationContextImpl.java:133)
	at org.eclipse.yasson@3.0.3/org.eclipse.yasson.internal.SerializationContextImpl.marshall(SerializationContextImpl.java:159)
	at org.eclipse.yasson@3.0.3/org.eclipse.yasson.internal.JsonBinding.toJson(JsonBinding.java:131)
	at hr.javafx.energycms/hr.javafx.energycms.repository.JsonRepository.saveUser(JsonRepository.java:125)
	at hr.javafx.energycms/hr.javafx.energycms.controllers.AddNewUsersController.saveUser(AddNewUsersController.java:48)
	at java.base/jdk.internal.reflect.DirectMethodHandleAccessor.invoke(DirectMethodHandleAccessor.java:104)
	at java.base/java.lang.reflect.Method.invoke(Method.java:565)
	at com.sun.javafx.reflect.Trampoline.invoke(MethodUtil.java:72)
	at java.base/jdk.internal.reflect.DirectMethodHandleAccessor.invoke(DirectMethodHandleAccessor.java:104)
	at java.base/java.lang.reflect.Method.invoke(Method.java:565)
	at javafx.base@21.0.6/com.sun.javafx.reflect.MethodUtil.invoke(MethodUtil.java:270)
	at javafx.fxml@21.0.6/com.sun.javafx.fxml.MethodHelper.invoke(MethodHelper.java:84)
	at javafx.fxml@21.0.6/javafx.fxml.FXMLLoader$MethodHandler.invoke(FXMLLoader.java:1855)
	at javafx.fxml@21.0.6/javafx.fxml.FXMLLoader$ControllerMethodEventHandler.handle(FXMLLoader.java:1726)
	at javafx.base@21.0.6/com.sun.javafx.event.CompositeEventHandler.dispatchBubblingEvent(CompositeEventHandler.java:86)
	at javafx.base@21.0.6/com.sun.javafx.event.EventHandlerManager.dispatchBubblingEvent(EventHandlerManager.java:232)
	at javafx.base@21.0.6/com.sun.javafx.event.EventHandlerManager.dispatchBubblingEvent(EventHandlerManager.java:189)
	at javafx.base@21.0.6/com.sun.javafx.event.CompositeEventDispatcher.dispatchBubblingEvent(CompositeEventDispatcher.java:59)
	at javafx.base@21.0.6/com.sun.javafx.event.BasicEventDispatcher.dispatchEvent(BasicEventDispatcher.java:58)
	at javafx.base@21.0.6/com.sun.javafx.event.EventDispatchChainImpl.dispatchEvent(EventDispatchChainImpl.java:114)
	at javafx.base@21.0.6/com.sun.javafx.event.BasicEventDispatcher.dispatchEvent(BasicEventDispatcher.java:56)
	at javafx.base@21.0.6/com.sun.javafx.event.EventDispatchChainImpl.dispatchEvent(EventDispatchChainImpl.java:114)
	at javafx.base@21.0.6/com.sun.javafx.event.BasicEventDispatcher.dispatchEvent(BasicEventDispatcher.java:56)
	at javafx.base@21.0.6/com.sun.javafx.event.EventDispatchChainImpl.dispatchEvent(EventDispatchChainImpl.java:114)
	at javafx.base@21.0.6/com.sun.javafx.event.EventUtil.fireEventImpl(EventUtil.java:74)
	at javafx.base@21.0.6/com.sun.javafx.event.EventUtil.fireEvent(EventUtil.java:49)
	at javafx.base@21.0.6/javafx.event.Event.fireEvent(Event.java:198)
	at javafx.graphics@21.0.6/javafx.scene.Node.fireEvent(Node.java:8875)
	at javafx.controls@21.0.6/javafx.scene.control.Button.fire(Button.java:203)
	at javafx.controls@21.0.6/com.sun.javafx.scene.control.behavior.ButtonBehavior.mouseReleased(ButtonBehavior.java:207)
	at javafx.controls@21.0.6/com.sun.javafx.scene.control.inputmap.InputMap.handle(InputMap.java:274)
	at javafx.base@21.0.6/com.sun.javafx.event.CompositeEventHandler$NormalEventHandlerRecord.handleBubblingEvent(CompositeEventHandler.java:247)
	at javafx.base@21.0.6/com.sun.javafx.event.CompositeEventHandler.dispatchBubblingEvent(CompositeEventHandler.java:80)
	at javafx.base@21.0.6/com.sun.javafx.event.EventHandlerManager.dispatchBubblingEvent(EventHandlerManager.java:232)
	at javafx.base@21.0.6/com.sun.javafx.event.EventHandlerManager.dispatchBubblingEvent(EventHandlerManager.java:189)
	at javafx.base@21.0.6/com.sun.javafx.event.CompositeEventDispatcher.dispatchBubblingEvent(CompositeEventDispatcher.java:59)
	at javafx.base@21.0.6/com.sun.javafx.event.BasicEventDispatcher.dispatchEvent(BasicEventDispatcher.java:58)
	at javafx.base@21.0.6/com.sun.javafx.event.EventDispatchChainImpl.dispatchEvent(EventDispatchChainImpl.java:114)
	at javafx.base@21.0.6/com.sun.javafx.event.BasicEventDispatcher.dispatchEvent(BasicEventDispatcher.java:56)
	at javafx.base@21.0.6/com.sun.javafx.event.EventDispatchChainImpl.dispatchEvent(EventDispatchChainImpl.java:114)
	at javafx.base@21.0.6/com.sun.javafx.event.BasicEventDispatcher.dispatchEvent(BasicEventDispatcher.java:56)
	at javafx.base@21.0.6/com.sun.javafx.event.EventDispatchChainImpl.dispatchEvent(EventDispatchChainImpl.java:114)
	at javafx.base@21.0.6/com.sun.javafx.event.EventUtil.fireEventImpl(EventUtil.java:74)
	at javafx.base@21.0.6/com.sun.javafx.event.EventUtil.fireEvent(EventUtil.java:54)
	at javafx.base@21.0.6/javafx.event.Event.fireEvent(Event.java:198)
	at javafx.graphics@21.0.6/javafx.scene.Scene$MouseHandler.process(Scene.java:3984)
	at javafx.graphics@21.0.6/javafx.scene.Scene.processMouseEvent(Scene.java:1890)
	at javafx.graphics@21.0.6/javafx.scene.Scene$ScenePeerListener.mouseEvent(Scene.java:2708)
	at javafx.graphics@21.0.6/com.sun.javafx.tk.quantum.GlassViewEventHandler$MouseEventNotification.run(GlassViewEventHandler.java:411)
	at javafx.graphics@21.0.6/com.sun.javafx.tk.quantum.GlassViewEventHandler$MouseEventNotification.run(GlassViewEventHandler.java:301)
	at java.base/java.security.AccessController.doPrivileged(AccessController.java:138)
	at javafx.graphics@21.0.6/com.sun.javafx.tk.quantum.GlassViewEventHandler.lambda$handleMouseEvent$2(GlassViewEventHandler.java:450)
	at javafx.graphics@21.0.6/com.sun.javafx.tk.quantum.QuantumToolkit.runWithoutRenderLock(QuantumToolkit.java:424)
	at javafx.graphics@21.0.6/com.sun.javafx.tk.quantum.GlassViewEventHandler.handleMouseEvent(GlassViewEventHandler.java:449)
	at javafx.graphics@21.0.6/com.sun.glass.ui.View.handleMouseEvent(View.java:551)
	at javafx.graphics@21.0.6/com.sun.glass.ui.View.notifyMouse(View.java:937)
	at javafx.graphics@21.0.6/com.sun.glass.ui.win.WinApplication._runLoop(Native Method)
	at javafx.graphics@21.0.6/com.sun.glass.ui.win.WinApplication.lambda$runLoop$3(WinApplication.java:185)
	at java.base/java.lang.Thread.run(Thread.java:1474)
	Suppressed: jakarta.json.stream.JsonGenerationException: Generating incomplete JSON
		at org.eclipse.parsson@1.1.0/org.eclipse.parsson.JsonGeneratorImpl.close(JsonGeneratorImpl.java:519)
		at org.eclipse.parsson@1.1.0/org.eclipse.parsson.JsonPrettyGeneratorImpl.close(JsonPrettyGeneratorImpl.java:29)
		at org.eclipse.yasson@3.0.3/org.eclipse.yasson.internal.JsonBinding.toJson(JsonBinding.java:130)
		... 56 common frames omitted
Caused by: jakarta.json.bind.JsonbException: CHANGE naming conflict!
	at org.eclipse.yasson@3.0.3/org.eclipse.yasson.internal.serializer.SerializationModelCreator.addPolymorphismProperty(SerializationModelCreator.java:244)
	at org.eclipse.yasson@3.0.3/org.eclipse.yasson.internal.serializer.SerializationModelCreator.createObjectSerializer(SerializationModelCreator.java:208)
	at org.eclipse.yasson@3.0.3/org.eclipse.yasson.internal.serializer.SerializationModelCreator.serializerChainInternal(SerializationModelCreator.java:199)
	at org.eclipse.yasson@3.0.3/org.eclipse.yasson.internal.serializer.SerializationModelCreator.serializerChainRuntime(SerializationModelCreator.java:123)
	at org.eclipse.yasson@3.0.3/org.eclipse.yasson.internal.serializer.types.ObjectTypeSerializer.lambda$findSerializer$0(ObjectTypeSerializer.java:67)
	at java.base/java.util.concurrent.ConcurrentHashMap.computeIfAbsent(ConcurrentHashMap.java:1724)
	at org.eclipse.yasson@3.0.3/org.eclipse.yasson.internal.serializer.types.ObjectTypeSerializer.findSerializer(ObjectTypeSerializer.java:65)
	at org.eclipse.yasson@3.0.3/org.eclipse.yasson.internal.serializer.types.ObjectTypeSerializer.serializeValue(ObjectTypeSerializer.java:50)
	at org.eclipse.yasson@3.0.3/org.eclipse.yasson.internal.serializer.types.TypeSerializer$ValueSerializer.serialize(TypeSerializer.java:51)
	at org.eclipse.yasson@3.0.3/org.eclipse.yasson.internal.serializer.types.TypeSerializer.serialize(TypeSerializer.java:37)
	at org.eclipse.yasson@3.0.3/org.eclipse.yasson.internal.serializer.types.ObjectTypeSerializer.serialize(ObjectTypeSerializer.java:31)
	at org.eclipse.yasson@3.0.3/org.eclipse.yasson.internal.serializer.NullSerializer.serialize(NullSerializer.java:67)
	at org.eclipse.yasson@3.0.3/org.eclipse.yasson.internal.serializer.CollectionSerializer.lambda$serialize$0(CollectionSerializer.java:37)
	at java.base/java.util.ArrayList.forEach(ArrayList.java:1604)
	at org.eclipse.yasson@3.0.3/org.eclipse.yasson.internal.serializer.CollectionSerializer.serialize(CollectionSerializer.java:37)
	at org.eclipse.yasson@3.0.3/org.eclipse.yasson.internal.serializer.KeyWriter.serialize(KeyWriter.java:41)
	at org.eclipse.yasson@3.0.3/org.eclipse.yasson.internal.serializer.NullVisibilitySwitcher.serialize(NullVisibilitySwitcher.java:40)
	at org.eclipse.yasson@3.0.3/org.eclipse.yasson.internal.serializer.NullSerializer.serialize(NullSerializer.java:67)
	at org.eclipse.yasson@3.0.3/org.eclipse.yasson.internal.serializer.ValueGetterSerializer.serialize(ValueGetterSerializer.java:43)
	at org.eclipse.yasson@3.0.3/org.eclipse.yasson.internal.serializer.ObjectSerializer.lambda$serialize$0(ObjectSerializer.java:41)
	... 78 common frames omitted
2026-02-16 06:37:56.820 [JavaFX Application Thread] ERROR h.j.e.app.MainConsoleLauncher - Greška pri spremanju korisnika!
jakarta.json.bind.JsonbException: Unable to serialize property 'devices' from hr.javafx.energycms.entities.User
	at org.eclipse.yasson@3.0.3/org.eclipse.yasson.internal.serializer.ObjectSerializer.lambda$serialize$0(ObjectSerializer.java:43)
	at java.base/java.util.LinkedHashMap.forEach(LinkedHashMap.java:987)
	at org.eclipse.yasson@3.0.3/org.eclipse.yasson.internal.serializer.ObjectSerializer.serialize(ObjectSerializer.java:38)
	at org.eclipse.yasson@3.0.3/org.eclipse.yasson.internal.serializer.RecursionChecker.serialize(RecursionChecker.java:38)
	at org.eclipse.yasson@3.0.3/org.eclipse.yasson.internal.serializer.KeyWriter.serialize(KeyWriter.java:41)
	at org.eclipse.yasson@3.0.3/org.eclipse.yasson.internal.serializer.NullVisibilitySwitcher.serialize(NullVisibilitySwitcher.java:40)
	at org.eclipse.yasson@3.0.3/org.eclipse.yasson.internal.serializer.NullSerializer.serialize(NullSerializer.java:67)
	at org.eclipse.yasson@3.0.3/org.eclipse.yasson.internal.serializer.types.ObjectTypeSerializer.findSerializer(ObjectTypeSerializer.java:68)
	at org.eclipse.yasson@3.0.3/org.eclipse.yasson.internal.serializer.types.ObjectTypeSerializer.serializeValue(ObjectTypeSerializer.java:50)
	at org.eclipse.yasson@3.0.3/org.eclipse.yasson.internal.serializer.types.TypeSerializer$ValueSerializer.serialize(TypeSerializer.java:51)
	at org.eclipse.yasson@3.0.3/org.eclipse.yasson.internal.serializer.types.TypeSerializer.serialize(TypeSerializer.java:37)
	at org.eclipse.yasson@3.0.3/org.eclipse.yasson.internal.serializer.types.ObjectTypeSerializer.serialize(ObjectTypeSerializer.java:31)
	at org.eclipse.yasson@3.0.3/org.eclipse.yasson.internal.serializer.NullSerializer.serialize(NullSerializer.java:67)
	at org.eclipse.yasson@3.0.3/org.eclipse.yasson.internal.serializer.CollectionSerializer.lambda$serialize$0(CollectionSerializer.java:37)
	at java.base/java.lang.Iterable.forEach(Iterable.java:75)
	at org.eclipse.yasson@3.0.3/org.eclipse.yasson.internal.serializer.CollectionSerializer.serialize(CollectionSerializer.java:37)
	at org.eclipse.yasson@3.0.3/org.eclipse.yasson.internal.serializer.KeyWriter.serialize(KeyWriter.java:41)
	at org.eclipse.yasson@3.0.3/org.eclipse.yasson.internal.serializer.NullVisibilitySwitcher.serialize(NullVisibilitySwitcher.java:40)
	at org.eclipse.yasson@3.0.3/org.eclipse.yasson.internal.serializer.NullSerializer.serialize(NullSerializer.java:67)
	at org.eclipse.yasson@3.0.3/org.eclipse.yasson.internal.SerializationContextImpl.serializeObject(SerializationContextImpl.java:197)
	at org.eclipse.yasson@3.0.3/org.eclipse.yasson.internal.SerializationContextImpl.marshall(SerializationContextImpl.java:133)
	at org.eclipse.yasson@3.0.3/org.eclipse.yasson.internal.SerializationContextImpl.marshall(SerializationContextImpl.java:159)
	at org.eclipse.yasson@3.0.3/org.eclipse.yasson.internal.JsonBinding.toJson(JsonBinding.java:131)
	at hr.javafx.energycms/hr.javafx.energycms.repository.JsonRepository.saveUser(JsonRepository.java:125)
	at hr.javafx.energycms/hr.javafx.energycms.controllers.AddNewUsersController.saveUser(AddNewUsersController.java:48)
	at java.base/jdk.internal.reflect.DirectMethodHandleAccessor.invoke(DirectMethodHandleAccessor.java:104)
	at java.base/java.lang.reflect.Method.invoke(Method.java:565)
	at com.sun.javafx.reflect.Trampoline.invoke(MethodUtil.java:72)
	at java.base/jdk.internal.reflect.DirectMethodHandleAccessor.invoke(DirectMethodHandleAccessor.java:104)
	at java.base/java.lang.reflect.Method.invoke(Method.java:565)
	at javafx.base@21.0.6/com.sun.javafx.reflect.MethodUtil.invoke(MethodUtil.java:270)
	at javafx.fxml@21.0.6/com.sun.javafx.fxml.MethodHelper.invoke(MethodHelper.java:84)
	at javafx.fxml@21.0.6/javafx.fxml.FXMLLoader$MethodHandler.invoke(FXMLLoader.java:1855)
	at javafx.fxml@21.0.6/javafx.fxml.FXMLLoader$ControllerMethodEventHandler.handle(FXMLLoader.java:1726)
	at javafx.base@21.0.6/com.sun.javafx.event.CompositeEventHandler.dispatchBubblingEvent(CompositeEventHandler.java:86)
	at javafx.base@21.0.6/com.sun.javafx.event.EventHandlerManager.dispatchBubblingEvent(EventHandlerManager.java:232)
	at javafx.base@21.0.6/com.sun.javafx.event.EventHandlerManager.dispatchBubblingEvent(EventHandlerManager.java:189)
	at javafx.base@21.0.6/com.sun.javafx.event.CompositeEventDispatcher.dispatchBubblingEvent(CompositeEventDispatcher.java:59)
	at javafx.base@21.0.6/com.sun.javafx.event.BasicEventDispatcher.dispatchEvent(BasicEventDispatcher.java:58)
	at javafx.base@21.0.6/com.sun.javafx.event.EventDispatchChainImpl.dispatchEvent(EventDispatchChainImpl.java:114)
	at javafx.base@21.0.6/com.sun.javafx.event.BasicEventDispatcher.dispatchEvent(BasicEventDispatcher.java:56)
	at javafx.base@21.0.6/com.sun.javafx.event.EventDispatchChainImpl.dispatchEvent(EventDispatchChainImpl.java:114)
	at javafx.base@21.0.6/com.sun.javafx.event.BasicEventDispatcher.dispatchEvent(BasicEventDispatcher.java:56)
	at javafx.base@21.0.6/com.sun.javafx.event.EventDispatchChainImpl.dispatchEvent(EventDispatchChainImpl.java:114)
	at javafx.base@21.0.6/com.sun.javafx.event.EventUtil.fireEventImpl(EventUtil.java:74)
	at javafx.base@21.0.6/com.sun.javafx.event.EventUtil.fireEvent(EventUtil.java:49)
	at javafx.base@21.0.6/javafx.event.Event.fireEvent(Event.java:198)
	at javafx.graphics@21.0.6/javafx.scene.Node.fireEvent(Node.java:8875)
	at javafx.controls@21.0.6/javafx.scene.control.Button.fire(Button.java:203)
	at javafx.controls@21.0.6/com.sun.javafx.scene.control.behavior.ButtonBehavior.mouseReleased(ButtonBehavior.java:207)
	at javafx.controls@21.0.6/com.sun.javafx.scene.control.inputmap.InputMap.handle(InputMap.java:274)
	at javafx.base@21.0.6/com.sun.javafx.event.CompositeEventHandler$NormalEventHandlerRecord.handleBubblingEvent(CompositeEventHandler.java:247)
	at javafx.base@21.0.6/com.sun.javafx.event.CompositeEventHandler.dispatchBubblingEvent(CompositeEventHandler.java:80)
	at javafx.base@21.0.6/com.sun.javafx.event.EventHandlerManager.dispatchBubblingEvent(EventHandlerManager.java:232)
	at javafx.base@21.0.6/com.sun.javafx.event.EventHandlerManager.dispatchBubblingEvent(EventHandlerManager.java:189)
	at javafx.base@21.0.6/com.sun.javafx.event.CompositeEventDispatcher.dispatchBubblingEvent(CompositeEventDispatcher.java:59)
	at javafx.base@21.0.6/com.sun.javafx.event.BasicEventDispatcher.dispatchEvent(BasicEventDispatcher.java:58)
	at javafx.base@21.0.6/com.sun.javafx.event.EventDispatchChainImpl.dispatchEvent(EventDispatchChainImpl.java:114)
	at javafx.base@21.0.6/com.sun.javafx.event.BasicEventDispatcher.dispatchEvent(BasicEventDispatcher.java:56)
	at javafx.base@21.0.6/com.sun.javafx.event.EventDispatchChainImpl.dispatchEvent(EventDispatchChainImpl.java:114)
	at javafx.base@21.0.6/com.sun.javafx.event.BasicEventDispatcher.dispatchEvent(BasicEventDispatcher.java:56)
	at javafx.base@21.0.6/com.sun.javafx.event.EventDispatchChainImpl.dispatchEvent(EventDispatchChainImpl.java:114)
	at javafx.base@21.0.6/com.sun.javafx.event.EventUtil.fireEventImpl(EventUtil.java:74)
	at javafx.base@21.0.6/com.sun.javafx.event.EventUtil.fireEvent(EventUtil.java:54)
	at javafx.base@21.0.6/javafx.event.Event.fireEvent(Event.java:198)
	at javafx.graphics@21.0.6/javafx.scene.Scene$MouseHandler.process(Scene.java:3984)
	at javafx.graphics@21.0.6/javafx.scene.Scene.processMouseEvent(Scene.java:1890)
	at javafx.graphics@21.0.6/javafx.scene.Scene$ScenePeerListener.mouseEvent(Scene.java:2708)
	at javafx.graphics@21.0.6/com.sun.javafx.tk.quantum.GlassViewEventHandler$MouseEventNotification.run(GlassViewEventHandler.java:411)
	at javafx.graphics@21.0.6/com.sun.javafx.tk.quantum.GlassViewEventHandler$MouseEventNotification.run(GlassViewEventHandler.java:301)
	at java.base/java.security.AccessController.doPrivileged(AccessController.java:138)
	at javafx.graphics@21.0.6/com.sun.javafx.tk.quantum.GlassViewEventHandler.lambda$handleMouseEvent$2(GlassViewEventHandler.java:450)
	at javafx.graphics@21.0.6/com.sun.javafx.tk.quantum.QuantumToolkit.runWithoutRenderLock(QuantumToolkit.java:424)
	at javafx.graphics@21.0.6/com.sun.javafx.tk.quantum.GlassViewEventHandler.handleMouseEvent(GlassViewEventHandler.java:449)
	at javafx.graphics@21.0.6/com.sun.glass.ui.View.handleMouseEvent(View.java:551)
	at javafx.graphics@21.0.6/com.sun.glass.ui.View.notifyMouse(View.java:937)
	at javafx.graphics@21.0.6/com.sun.glass.ui.win.WinApplication._runLoop(Native Method)
	at javafx.graphics@21.0.6/com.sun.glass.ui.win.WinApplication.lambda$runLoop$3(WinApplication.java:185)
	at java.base/java.lang.Thread.run(Thread.java:1474)
	Suppressed: jakarta.json.stream.JsonGenerationException: Generating incomplete JSON
		at org.eclipse.parsson@1.1.0/org.eclipse.parsson.JsonGeneratorImpl.close(JsonGeneratorImpl.java:519)
		at org.eclipse.parsson@1.1.0/org.eclipse.parsson.JsonPrettyGeneratorImpl.close(JsonPrettyGeneratorImpl.java:29)
		at org.eclipse.yasson@3.0.3/org.eclipse.yasson.internal.JsonBinding.toJson(JsonBinding.java:130)
		... 56 common frames omitted
Caused by: jakarta.json.bind.JsonbException: CHANGE naming conflict!
	at org.eclipse.yasson@3.0.3/org.eclipse.yasson.internal.serializer.SerializationModelCreator.addPolymorphismProperty(SerializationModelCreator.java:244)
	at org.eclipse.yasson@3.0.3/org.eclipse.yasson.internal.serializer.SerializationModelCreator.createObjectSerializer(SerializationModelCreator.java:208)
	at org.eclipse.yasson@3.0.3/org.eclipse.yasson.internal.serializer.SerializationModelCreator.serializerChainInternal(SerializationModelCreator.java:199)
	at org.eclipse.yasson@3.0.3/org.eclipse.yasson.internal.serializer.SerializationModelCreator.serializerChainRuntime(SerializationModelCreator.java:123)
	at org.eclipse.yasson@3.0.3/org.eclipse.yasson.internal.serializer.types.ObjectTypeSerializer.lambda$findSerializer$0(ObjectTypeSerializer.java:67)
	at java.base/java.util.concurrent.ConcurrentHashMap.computeIfAbsent(ConcurrentHashMap.java:1724)
	at org.eclipse.yasson@3.0.3/org.eclipse.yasson.internal.serializer.types.ObjectTypeSerializer.findSerializer(ObjectTypeSerializer.java:65)
	at org.eclipse.yasson@3.0.3/org.eclipse.yasson.internal.serializer.types.ObjectTypeSerializer.serializeValue(ObjectTypeSerializer.java:50)
	at org.eclipse.yasson@3.0.3/org.eclipse.yasson.internal.serializer.types.TypeSerializer$ValueSerializer.serialize(TypeSerializer.java:51)
	at org.eclipse.yasson@3.0.3/org.eclipse.yasson.internal.serializer.types.TypeSerializer.serialize(TypeSerializer.java:37)
	at org.eclipse.yasson@3.0.3/org.eclipse.yasson.internal.serializer.types.ObjectTypeSerializer.serialize(ObjectTypeSerializer.java:31)
	at org.eclipse.yasson@3.0.3/org.eclipse.yasson.internal.serializer.NullSerializer.serialize(NullSerializer.java:67)
	at org.eclipse.yasson@3.0.3/org.eclipse.yasson.internal.serializer.CollectionSerializer.lambda$serialize$0(CollectionSerializer.java:37)
	at java.base/java.util.ArrayList.forEach(ArrayList.java:1604)
	at org.eclipse.yasson@3.0.3/org.eclipse.yasson.internal.serializer.CollectionSerializer.serialize(CollectionSerializer.java:37)
	at org.eclipse.yasson@3.0.3/org.eclipse.yasson.internal.serializer.KeyWriter.serialize(KeyWriter.java:41)
	at org.eclipse.yasson@3.0.3/org.eclipse.yasson.internal.serializer.NullVisibilitySwitcher.serialize(NullVisibilitySwitcher.java:40)
	at org.eclipse.yasson@3.0.3/org.eclipse.yasson.internal.serializer.NullSerializer.serialize(NullSerializer.java:67)
	at org.eclipse.yasson@3.0.3/org.eclipse.yasson.internal.serializer.ValueGetterSerializer.serialize(ValueGetterSerializer.java:43)
	at org.eclipse.yasson@3.0.3/org.eclipse.yasson.internal.serializer.ObjectSerializer.lambda$serialize$0(ObjectSerializer.java:41)
	... 78 common frames omitted
2026-02-17 05:44:11.990 [JavaFX Application Thread] ERROR h.j.e.app.MainConsoleLauncher - Greška prilikom učitavanja add-new-devices.fxml
javafx.fxml.LoadException: Error resolving onAction='#showAddStandardDevice', either the event handler is not in the Namespace or there is an error in the script.
/C:/Users/dinov/Desktop/Java%202025/Projekt%202/EnergyCMS/target/classes/hr/javafx/energycms/add-new-devices.fxml:34

	at javafx.fxml@21.0.6/javafx.fxml.FXMLLoader.constructLoadException(FXMLLoader.java:2718)
	at javafx.fxml@21.0.6/javafx.fxml.FXMLLoader$Element.processEventHandlerAttributes(FXMLLoader.java:623)
	at javafx.fxml@21.0.6/javafx.fxml.FXMLLoader$ValueElement.processEndElement(FXMLLoader.java:783)
	at javafx.fxml@21.0.6/javafx.fxml.FXMLLoader.processEndElement(FXMLLoader.java:2969)
	at javafx.fxml@21.0.6/javafx.fxml.FXMLLoader.loadImpl(FXMLLoader.java:2654)
	at javafx.fxml@21.0.6/javafx.fxml.FXMLLoader.loadImpl(FXMLLoader.java:2563)
	at javafx.fxml@21.0.6/javafx.fxml.FXMLLoader.load(FXMLLoader.java:2531)
	at hr.javafx.energycms/hr.javafx.energycms.controllers.MenuController.showAddNewDevice(MenuController.java:69)
	at java.base/jdk.internal.reflect.DirectMethodHandleAccessor.invoke(DirectMethodHandleAccessor.java:104)
	at java.base/java.lang.reflect.Method.invoke(Method.java:565)
	at com.sun.javafx.reflect.Trampoline.invoke(MethodUtil.java:72)
	at java.base/jdk.internal.reflect.DirectMethodHandleAccessor.invoke(DirectMethodHandleAccessor.java:104)
	at java.base/java.lang.reflect.Method.invoke(Method.java:565)
	at javafx.base@21.0.6/com.sun.javafx.reflect.MethodUtil.invoke(MethodUtil.java:270)
	at javafx.fxml@21.0.6/com.sun.javafx.fxml.MethodHelper.invoke(MethodHelper.java:84)
	at javafx.fxml@21.0.6/javafx.fxml.FXMLLoader$MethodHandler.invoke(FXMLLoader.java:1855)
	at javafx.fxml@21.0.6/javafx.fxml.FXMLLoader$ControllerMethodEventHandler.handle(FXMLLoader.java:1726)
	at javafx.base@21.0.6/com.sun.javafx.event.CompositeEventHandler.dispatchBubblingEvent(CompositeEventHandler.java:86)
	at javafx.base@21.0.6/com.sun.javafx.event.EventHandlerManager.dispatchBubblingEvent(EventHandlerManager.java:232)
	at javafx.base@21.0.6/com.sun.javafx.event.EventHandlerManager.dispatchBubblingEvent(EventHandlerManager.java:189)
	at javafx.base@21.0.6/com.sun.javafx.event.BasicEventDispatcher.dispatchEvent(BasicEventDispatcher.java:58)
	at javafx.base@21.0.6/com.sun.javafx.event.EventDispatchChainImpl.dispatchEvent(EventDispatchChainImpl.java:114)
	at javafx.base@21.0.6/com.sun.javafx.event.EventUtil.fireEventImpl(EventUtil.java:74)
	at javafx.base@21.0.6/com.sun.javafx.event.EventUtil.fireEvent(EventUtil.java:49)
	at javafx.base@21.0.6/javafx.event.Event.fireEvent(Event.java:198)
	at javafx.controls@21.0.6/javafx.scene.control.MenuItem.fire(MenuItem.java:459)
	at javafx.controls@21.0.6/com.sun.javafx.scene.control.ContextMenuContent$MenuItemContainer.doSelect(ContextMenuContent.java:1415)
	at javafx.controls@21.0.6/com.sun.javafx.scene.control.ContextMenuContent$MenuItemContainer.lambda$createChildren$12(ContextMenuContent.java:1368)
	at javafx.base@21.0.6/com.sun.javafx.event.CompositeEventHandler$NormalEventHandlerRecord.handleBubblingEvent(CompositeEventHandler.java:247)
	at javafx.base@21.0.6/com.sun.javafx.event.CompositeEventHandler.dispatchBubblingEvent(CompositeEventHandler.java:80)
	at javafx.base@21.0.6/com.sun.javafx.event.EventHandlerManager.dispatchBubblingEvent(EventHandlerManager.java:232)
	at javafx.base@21.0.6/com.sun.javafx.event.EventHandlerManager.dispatchBubblingEvent(EventHandlerManager.java:189)
	at javafx.base@21.0.6/com.sun.javafx.event.CompositeEventDispatcher.dispatchBubblingEvent(CompositeEventDispatcher.java:59)
	at javafx.base@21.0.6/com.sun.javafx.event.BasicEventDispatcher.dispatchEvent(BasicEventDispatcher.java:58)
	at javafx.base@21.0.6/com.sun.javafx.event.EventDispatchChainImpl.dispatchEvent(EventDispatchChainImpl.java:114)
	at javafx.base@21.0.6/com.sun.javafx.event.BasicEventDispatcher.dispatchEvent(BasicEventDispatcher.java:56)
	at javafx.base@21.0.6/com.sun.javafx.event.EventDispatchChainImpl.dispatchEvent(EventDispatchChainImpl.java:114)
	at javafx.base@21.0.6/com.sun.javafx.event.BasicEventDispatcher.dispatchEvent(BasicEventDispatcher.java:56)
	at javafx.base@21.0.6/com.sun.javafx.event.EventDispatchChainImpl.dispatchEvent(EventDispatchChainImpl.java:114)
	at javafx.base@21.0.6/com.sun.javafx.event.BasicEventDispatcher.dispatchEvent(BasicEventDispatcher.java:56)
	at javafx.base@21.0.6/com.sun.javafx.event.EventDispatchChainImpl.dispatchEvent(EventDispatchChainImpl.java:114)
	at javafx.base@21.0.6/com.sun.javafx.event.EventUtil.fireEventImpl(EventUtil.java:74)
	at javafx.base@21.0.6/com.sun.javafx.event.EventUtil.fireEvent(EventUtil.java:54)
	at javafx.base@21.0.6/javafx.event.Event.fireEvent(Event.java:198)
	at javafx.graphics@21.0.6/javafx.scene.Scene$MouseHandler.process(Scene.java:3984)
	at javafx.graphics@21.0.6/javafx.scene.Scene.processMouseEvent(Scene.java:1890)
	at javafx.graphics@21.0.6/javafx.scene.Scene$ScenePeerListener.mouseEvent(Scene.java:2708)
	at javafx.graphics@21.0.6/com.sun.javafx.tk.quantum.GlassViewEventHandler$MouseEventNotification.run(GlassViewEventHandler.java:411)
	at javafx.graphics@21.0.6/com.sun.javafx.tk.quantum.GlassViewEventHandler$MouseEventNotification.run(GlassViewEventHandler.java:301)
	at java.base/java.security.AccessController.doPrivileged(AccessController.java:138)
	at javafx.graphics@21.0.6/com.sun.javafx.tk.quantum.GlassViewEventHandler.lambda$handleMouseEvent$2(GlassViewEventHandler.java:450)
	at javafx.graphics@21.0.6/com.sun.javafx.tk.quantum.QuantumToolkit.runWithoutRenderLock(QuantumToolkit.java:424)
	at javafx.graphics@21.0.6/com.sun.javafx.tk.quantum.GlassViewEventHandler.handleMouseEvent(GlassViewEventHandler.java:449)
	at javafx.graphics@21.0.6/com.sun.glass.ui.View.handleMouseEvent(View.java:551)
	at javafx.graphics@21.0.6/com.sun.glass.ui.View.notifyMouse(View.java:937)
	at javafx.graphics@21.0.6/com.sun.glass.ui.win.WinApplication._runLoop(Native Method)
	at javafx.graphics@21.0.6/com.sun.glass.ui.win.WinApplication.lambda$runLoop$3(WinApplication.java:185)
	at java.base/java.lang.Thread.run(Thread.java:1474)
2026-02-17 05:44:15.172 [JavaFX Application Thread] ERROR h.j.e.app.MainConsoleLauncher - Greška prilikom učitavanja add-new-devices.fxml
javafx.fxml.LoadException: Error resolving onAction='#showAddStandardDevice', either the event handler is not in the Namespace or there is an error in the script.
/C:/Users/dinov/Desktop/Java%202025/Projekt%202/EnergyCMS/target/classes/hr/javafx/energycms/add-new-devices.fxml:34

	at javafx.fxml@21.0.6/javafx.fxml.FXMLLoader.constructLoadException(FXMLLoader.java:2718)
	at javafx.fxml@21.0.6/javafx.fxml.FXMLLoader$Element.processEventHandlerAttributes(FXMLLoader.java:623)
	at javafx.fxml@21.0.6/javafx.fxml.FXMLLoader$ValueElement.processEndElement(FXMLLoader.java:783)
	at javafx.fxml@21.0.6/javafx.fxml.FXMLLoader.processEndElement(FXMLLoader.java:2969)
	at javafx.fxml@21.0.6/javafx.fxml.FXMLLoader.loadImpl(FXMLLoader.java:2654)
	at javafx.fxml@21.0.6/javafx.fxml.FXMLLoader.loadImpl(FXMLLoader.java:2563)
	at javafx.fxml@21.0.6/javafx.fxml.FXMLLoader.load(FXMLLoader.java:2531)
	at hr.javafx.energycms/hr.javafx.energycms.controllers.MenuController.showAddNewDevice(MenuController.java:69)
	at java.base/jdk.internal.reflect.DirectMethodHandleAccessor.invoke(DirectMethodHandleAccessor.java:104)
	at java.base/java.lang.reflect.Method.invoke(Method.java:565)
	at com.sun.javafx.reflect.Trampoline.invoke(MethodUtil.java:72)
	at java.base/jdk.internal.reflect.DirectMethodHandleAccessor.invoke(DirectMethodHandleAccessor.java:104)
	at java.base/java.lang.reflect.Method.invoke(Method.java:565)
	at javafx.base@21.0.6/com.sun.javafx.reflect.MethodUtil.invoke(MethodUtil.java:270)
	at javafx.fxml@21.0.6/com.sun.javafx.fxml.MethodHelper.invoke(MethodHelper.java:84)
	at javafx.fxml@21.0.6/javafx.fxml.FXMLLoader$MethodHandler.invoke(FXMLLoader.java:1855)
	at javafx.fxml@21.0.6/javafx.fxml.FXMLLoader$ControllerMethodEventHandler.handle(FXMLLoader.java:1726)
	at javafx.base@21.0.6/com.sun.javafx.event.CompositeEventHandler.dispatchBubblingEvent(CompositeEventHandler.java:86)
	at javafx.base@21.0.6/com.sun.javafx.event.EventHandlerManager.dispatchBubblingEvent(EventHandlerManager.java:232)
	at javafx.base@21.0.6/com.sun.javafx.event.EventHandlerManager.dispatchBubblingEvent(EventHandlerManager.java:189)
	at javafx.base@21.0.6/com.sun.javafx.event.BasicEventDispatcher.dispatchEvent(BasicEventDispatcher.java:58)
	at javafx.base@21.0.6/com.sun.javafx.event.EventDispatchChainImpl.dispatchEvent(EventDispatchChainImpl.java:114)
	at javafx.base@21.0.6/com.sun.javafx.event.EventUtil.fireEventImpl(EventUtil.java:74)
	at javafx.base@21.0.6/com.sun.javafx.event.EventUtil.fireEvent(EventUtil.java:49)
	at javafx.base@21.0.6/javafx.event.Event.fireEvent(Event.java:198)
	at javafx.controls@21.0.6/javafx.scene.control.MenuItem.fire(MenuItem.java:459)
	at javafx.controls@21.0.6/com.sun.javafx.scene.control.ContextMenuContent$MenuItemContainer.doSelect(ContextMenuContent.java:1415)
	at javafx.controls@21.0.6/com.sun.javafx.scene.control.ContextMenuContent$MenuItemContainer.lambda$createChildren$12(ContextMenuContent.java:1368)
	at javafx.base@21.0.6/com.sun.javafx.event.CompositeEventHandler$NormalEventHandlerRecord.handleBubblingEvent(CompositeEventHandler.java:247)
	at javafx.base@21.0.6/com.sun.javafx.event.CompositeEventHandler.dispatchBubblingEvent(CompositeEventHandler.java:80)
	at javafx.base@21.0.6/com.sun.javafx.event.EventHandlerManager.dispatchBubblingEvent(EventHandlerManager.java:232)
	at javafx.base@21.0.6/com.sun.javafx.event.EventHandlerManager.dispatchBubblingEvent(EventHandlerManager.java:189)
	at javafx.base@21.0.6/com.sun.javafx.event.CompositeEventDispatcher.dispatchBubblingEvent(CompositeEventDispatcher.java:59)
	at javafx.base@21.0.6/com.sun.javafx.event.BasicEventDispatcher.dispatchEvent(BasicEventDispatcher.java:58)
	at javafx.base@21.0.6/com.sun.javafx.event.EventDispatchChainImpl.dispatchEvent(EventDispatchChainImpl.java:114)
	at javafx.base@21.0.6/com.sun.javafx.event.BasicEventDispatcher.dispatchEvent(BasicEventDispatcher.java:56)
	at javafx.base@21.0.6/com.sun.javafx.event.EventDispatchChainImpl.dispatchEvent(EventDispatchChainImpl.java:114)
	at javafx.base@21.0.6/com.sun.javafx.event.BasicEventDispatcher.dispatchEvent(BasicEventDispatcher.java:56)
	at javafx.base@21.0.6/com.sun.javafx.event.EventDispatchChainImpl.dispatchEvent(EventDispatchChainImpl.java:114)
	at javafx.base@21.0.6/com.sun.javafx.event.BasicEventDispatcher.dispatchEvent(BasicEventDispatcher.java:56)
	at javafx.base@21.0.6/com.sun.javafx.event.EventDispatchChainImpl.dispatchEvent(EventDispatchChainImpl.java:114)
	at javafx.base@21.0.6/com.sun.javafx.event.EventUtil.fireEventImpl(EventUtil.java:74)
	at javafx.base@21.0.6/com.sun.javafx.event.EventUtil.fireEvent(EventUtil.java:54)
	at javafx.base@21.0.6/javafx.event.Event.fireEvent(Event.java:198)
	at javafx.graphics@21.0.6/javafx.scene.Scene$MouseHandler.process(Scene.java:3984)
	at javafx.graphics@21.0.6/javafx.scene.Scene.processMouseEvent(Scene.java:1890)
	at javafx.graphics@21.0.6/javafx.scene.Scene$ScenePeerListener.mouseEvent(Scene.java:2708)
	at javafx.graphics@21.0.6/com.sun.javafx.tk.quantum.GlassViewEventHandler$MouseEventNotification.run(GlassViewEventHandler.java:411)
	at javafx.graphics@21.0.6/com.sun.javafx.tk.quantum.GlassViewEventHandler$MouseEventNotification.run(GlassViewEventHandler.java:301)
	at java.base/java.security.AccessController.doPrivileged(AccessController.java:138)
	at javafx.graphics@21.0.6/com.sun.javafx.tk.quantum.GlassViewEventHandler.lambda$handleMouseEvent$2(GlassViewEventHandler.java:450)
	at javafx.graphics@21.0.6/com.sun.javafx.tk.quantum.QuantumToolkit.runWithoutRenderLock(QuantumToolkit.java:424)
	at javafx.graphics@21.0.6/com.sun.javafx.tk.quantum.GlassViewEventHandler.handleMouseEvent(GlassViewEventHandler.java:449)
	at javafx.graphics@21.0.6/com.sun.glass.ui.View.handleMouseEvent(View.java:551)
	at javafx.graphics@21.0.6/com.sun.glass.ui.View.notifyMouse(View.java:937)
	at javafx.graphics@21.0.6/com.sun.glass.ui.win.WinApplication._runLoop(Native Method)
	at javafx.graphics@21.0.6/com.sun.glass.ui.win.WinApplication.lambda$runLoop$3(WinApplication.java:185)
	at java.base/java.lang.Thread.run(Thread.java:1474)
2026-02-17 05:56:30.538 [JavaFX Application Thread] ERROR h.j.e.app.MainConsoleLauncher - Greška prilikom učitavanja measurements-list.fxml
javafx.fxml.LoadException: No controller specified.
/C:/Users/dinov/Desktop/Java%202025/Projekt%202/EnergyCMS/target/classes/hr/javafx/energycms/add-new-smart-device.fxml:31

	at javafx.fxml@21.0.6/javafx.fxml.FXMLLoader.constructLoadException(FXMLLoader.java:2718)
	at javafx.fxml@21.0.6/javafx.fxml.FXMLLoader$Element.getControllerMethodHandle(FXMLLoader.java:570)
	at javafx.fxml@21.0.6/javafx.fxml.FXMLLoader$Element.processEventHandlerAttributes(FXMLLoader.java:612)
	at javafx.fxml@21.0.6/javafx.fxml.FXMLLoader$ValueElement.processEndElement(FXMLLoader.java:783)
	at javafx.fxml@21.0.6/javafx.fxml.FXMLLoader.processEndElement(FXMLLoader.java:2969)
	at javafx.fxml@21.0.6/javafx.fxml.FXMLLoader.loadImpl(FXMLLoader.java:2654)
	at javafx.fxml@21.0.6/javafx.fxml.FXMLLoader.loadImpl(FXMLLoader.java:2563)
	at javafx.fxml@21.0.6/javafx.fxml.FXMLLoader.load(FXMLLoader.java:2531)
	at hr.javafx.energycms/hr.javafx.energycms.controllers.AddNewDevicesController.showAddSmartDevices(AddNewDevicesController.java:37)
	at java.base/jdk.internal.reflect.DirectMethodHandleAccessor.invoke(DirectMethodHandleAccessor.java:104)
	at java.base/java.lang.reflect.Method.invoke(Method.java:565)
	at com.sun.javafx.reflect.Trampoline.invoke(MethodUtil.java:72)
	at java.base/jdk.internal.reflect.DirectMethodHandleAccessor.invoke(DirectMethodHandleAccessor.java:104)
	at java.base/java.lang.reflect.Method.invoke(Method.java:565)
	at javafx.base@21.0.6/com.sun.javafx.reflect.MethodUtil.invoke(MethodUtil.java:270)
	at javafx.fxml@21.0.6/com.sun.javafx.fxml.MethodHelper.invoke(MethodHelper.java:84)
	at javafx.fxml@21.0.6/javafx.fxml.FXMLLoader$MethodHandler.invoke(FXMLLoader.java:1855)
	at javafx.fxml@21.0.6/javafx.fxml.FXMLLoader$ControllerMethodEventHandler.handle(FXMLLoader.java:1726)
	at javafx.base@21.0.6/com.sun.javafx.event.CompositeEventHandler.dispatchBubblingEvent(CompositeEventHandler.java:86)
	at javafx.base@21.0.6/com.sun.javafx.event.EventHandlerManager.dispatchBubblingEvent(EventHandlerManager.java:232)
	at javafx.base@21.0.6/com.sun.javafx.event.EventHandlerManager.dispatchBubblingEvent(EventHandlerManager.java:189)
	at javafx.base@21.0.6/com.sun.javafx.event.CompositeEventDispatcher.dispatchBubblingEvent(CompositeEventDispatcher.java:59)
	at javafx.base@21.0.6/com.sun.javafx.event.BasicEventDispatcher.dispatchEvent(BasicEventDispatcher.java:58)
	at javafx.base@21.0.6/com.sun.javafx.event.EventDispatchChainImpl.dispatchEvent(EventDispatchChainImpl.java:114)
	at javafx.base@21.0.6/com.sun.javafx.event.BasicEventDispatcher.dispatchEvent(BasicEventDispatcher.java:56)
	at javafx.base@21.0.6/com.sun.javafx.event.EventDispatchChainImpl.dispatchEvent(EventDispatchChainImpl.java:114)
	at javafx.base@21.0.6/com.sun.javafx.event.BasicEventDispatcher.dispatchEvent(BasicEventDispatcher.java:56)
	at javafx.base@21.0.6/com.sun.javafx.event.EventDispatchChainImpl.dispatchEvent(EventDispatchChainImpl.java:114)
	at javafx.base@21.0.6/com.sun.javafx.event.EventUtil.fireEventImpl(EventUtil.java:74)
	at javafx.base@21.0.6/com.sun.javafx.event.EventUtil.fireEvent(EventUtil.java:49)
	at javafx.base@21.0.6/javafx.event.Event.fireEvent(Event.java:198)
	at javafx.graphics@21.0.6/javafx.scene.Node.fireEvent(Node.java:8875)
	at javafx.controls@21.0.6/javafx.scene.control.Button.fire(Button.java:203)
	at javafx.controls@21.0.6/com.sun.javafx.scene.control.behavior.ButtonBehavior.mouseReleased(ButtonBehavior.java:207)
	at javafx.controls@21.0.6/com.sun.javafx.scene.control.inputmap.InputMap.handle(InputMap.java:274)
	at javafx.base@21.0.6/com.sun.javafx.event.CompositeEventHandler$NormalEventHandlerRecord.handleBubblingEvent(CompositeEventHandler.java:247)
	at javafx.base@21.0.6/com.sun.javafx.event.CompositeEventHandler.dispatchBubblingEvent(CompositeEventHandler.java:80)
	at javafx.base@21.0.6/com.sun.javafx.event.EventHandlerManager.dispatchBubblingEvent(EventHandlerManager.java:232)
	at javafx.base@21.0.6/com.sun.javafx.event.EventHandlerManager.dispatchBubblingEvent(EventHandlerManager.java:189)
	at javafx.base@21.0.6/com.sun.javafx.event.CompositeEventDispatcher.dispatchBubblingEvent(CompositeEventDispatcher.java:59)
	at javafx.base@21.0.6/com.sun.javafx.event.BasicEventDispatcher.dispatchEvent(BasicEventDispatcher.java:58)
	at javafx.base@21.0.6/com.sun.javafx.event.EventDispatchChainImpl.dispatchEvent(EventDispatchChainImpl.java:114)
	at javafx.base@21.0.6/com.sun.javafx.event.BasicEventDispatcher.dispatchEvent(BasicEventDispatcher.java:56)
	at javafx.base@21.0.6/com.sun.javafx.event.EventDispatchChainImpl.dispatchEvent(EventDispatchChainImpl.java:114)
	at javafx.base@21.0.6/com.sun.javafx.event.BasicEventDispatcher.dispatchEvent(BasicEventDispatcher.java:56)
	at javafx.base@21.0.6/com.sun.javafx.event.EventDispatchChainImpl.dispatchEvent(EventDispatchChainImpl.java:114)
	at javafx.base@21.0.6/com.sun.javafx.event.EventUtil.fireEventImpl(EventUtil.java:74)
	at javafx.base@21.0.6/com.sun.javafx.event.EventUtil.fireEvent(EventUtil.java:54)
	at javafx.base@21.0.6/javafx.event.Event.fireEvent(Event.java:198)
	at javafx.graphics@21.0.6/javafx.scene.Scene$MouseHandler.process(Scene.java:3984)
	at javafx.graphics@21.0.6/javafx.scene.Scene.processMouseEvent(Scene.java:1890)
	at javafx.graphics@21.0.6/javafx.scene.Scene$ScenePeerListener.mouseEvent(Scene.java:2708)
	at javafx.graphics@21.0.6/com.sun.javafx.tk.quantum.GlassViewEventHandler$MouseEventNotification.run(GlassViewEventHandler.java:411)
	at javafx.graphics@21.0.6/com.sun.javafx.tk.quantum.GlassViewEventHandler$MouseEventNotification.run(GlassViewEventHandler.java:301)
	at java.base/java.security.AccessController.doPrivileged(AccessController.java:138)
	at javafx.graphics@21.0.6/com.sun.javafx.tk.quantum.GlassViewEventHandler.lambda$handleMouseEvent$2(GlassViewEventHandler.java:450)
	at javafx.graphics@21.0.6/com.sun.javafx.tk.quantum.QuantumToolkit.runWithoutRenderLock(QuantumToolkit.java:424)
	at javafx.graphics@21.0.6/com.sun.javafx.tk.quantum.GlassViewEventHandler.handleMouseEvent(GlassViewEventHandler.java:449)
	at javafx.graphics@21.0.6/com.sun.glass.ui.View.handleMouseEvent(View.java:551)
	at javafx.graphics@21.0.6/com.sun.glass.ui.View.notifyMouse(View.java:937)
	at javafx.graphics@21.0.6/com.sun.glass.ui.win.WinApplication._runLoop(Native Method)
	at javafx.graphics@21.0.6/com.sun.glass.ui.win.WinApplication.lambda$runLoop$3(WinApplication.java:185)
	at java.base/java.lang.Thread.run(Thread.java:1474)
2026-02-17 05:57:18.607 [JavaFX Application Thread] ERROR h.j.e.app.MainConsoleLauncher - Greška prilikom učitavanja measurements-list.fxml
javafx.fxml.LoadException: No controller specified.
/C:/Users/dinov/Desktop/Java%202025/Projekt%202/EnergyCMS/target/classes/hr/javafx/energycms/add-new-smart-device.fxml:31

	at javafx.fxml@21.0.6/javafx.fxml.FXMLLoader.constructLoadException(FXMLLoader.java:2718)
	at javafx.fxml@21.0.6/javafx.fxml.FXMLLoader$Element.getControllerMethodHandle(FXMLLoader.java:570)
	at javafx.fxml@21.0.6/javafx.fxml.FXMLLoader$Element.processEventHandlerAttributes(FXMLLoader.java:612)
	at javafx.fxml@21.0.6/javafx.fxml.FXMLLoader$ValueElement.processEndElement(FXMLLoader.java:783)
	at javafx.fxml@21.0.6/javafx.fxml.FXMLLoader.processEndElement(FXMLLoader.java:2969)
	at javafx.fxml@21.0.6/javafx.fxml.FXMLLoader.loadImpl(FXMLLoader.java:2654)
	at javafx.fxml@21.0.6/javafx.fxml.FXMLLoader.loadImpl(FXMLLoader.java:2563)
	at javafx.fxml@21.0.6/javafx.fxml.FXMLLoader.load(FXMLLoader.java:2531)
	at hr.javafx.energycms/hr.javafx.energycms.controllers.AddNewDevicesController.showAddSmartDevices(AddNewDevicesController.java:37)
	at java.base/jdk.internal.reflect.DirectMethodHandleAccessor.invoke(DirectMethodHandleAccessor.java:104)
	at java.base/java.lang.reflect.Method.invoke(Method.java:565)
	at com.sun.javafx.reflect.Trampoline.invoke(MethodUtil.java:72)
	at java.base/jdk.internal.reflect.DirectMethodHandleAccessor.invoke(DirectMethodHandleAccessor.java:104)
	at java.base/java.lang.reflect.Method.invoke(Method.java:565)
	at javafx.base@21.0.6/com.sun.javafx.reflect.MethodUtil.invoke(MethodUtil.java:270)
	at javafx.fxml@21.0.6/com.sun.javafx.fxml.MethodHelper.invoke(MethodHelper.java:84)
	at javafx.fxml@21.0.6/javafx.fxml.FXMLLoader$MethodHandler.invoke(FXMLLoader.java:1855)
	at javafx.fxml@21.0.6/javafx.fxml.FXMLLoader$ControllerMethodEventHandler.handle(FXMLLoader.java:1726)
	at javafx.base@21.0.6/com.sun.javafx.event.CompositeEventHandler.dispatchBubblingEvent(CompositeEventHandler.java:86)
	at javafx.base@21.0.6/com.sun.javafx.event.EventHandlerManager.dispatchBubblingEvent(EventHandlerManager.java:232)
	at javafx.base@21.0.6/com.sun.javafx.event.EventHandlerManager.dispatchBubblingEvent(EventHandlerManager.java:189)
	at javafx.base@21.0.6/com.sun.javafx.event.CompositeEventDispatcher.dispatchBubblingEvent(CompositeEventDispatcher.java:59)
	at javafx.base@21.0.6/com.sun.javafx.event.BasicEventDispatcher.dispatchEvent(BasicEventDispatcher.java:58)
	at javafx.base@21.0.6/com.sun.javafx.event.EventDispatchChainImpl.dispatchEvent(EventDispatchChainImpl.java:114)
	at javafx.base@21.0.6/com.sun.javafx.event.BasicEventDispatcher.dispatchEvent(BasicEventDispatcher.java:56)
	at javafx.base@21.0.6/com.sun.javafx.event.EventDispatchChainImpl.dispatchEvent(EventDispatchChainImpl.java:114)
	at javafx.base@21.0.6/com.sun.javafx.event.BasicEventDispatcher.dispatchEvent(BasicEventDispatcher.java:56)
	at javafx.base@21.0.6/com.sun.javafx.event.EventDispatchChainImpl.dispatchEvent(EventDispatchChainImpl.java:114)
	at javafx.base@21.0.6/com.sun.javafx.event.EventUtil.fireEventImpl(EventUtil.java:74)
	at javafx.base@21.0.6/com.sun.javafx.event.EventUtil.fireEvent(EventUtil.java:49)
	at javafx.base@21.0.6/javafx.event.Event.fireEvent(Event.java:198)
	at javafx.graphics@21.0.6/javafx.scene.Node.fireEvent(Node.java:8875)
	at javafx.controls@21.0.6/javafx.scene.control.Button.fire(Button.java:203)
	at javafx.controls@21.0.6/com.sun.javafx.scene.control.behavior.ButtonBehavior.mouseReleased(ButtonBehavior.java:207)
	at javafx.controls@21.0.6/com.sun.javafx.scene.control.inputmap.InputMap.handle(InputMap.java:274)
	at javafx.base@21.0.6/com.sun.javafx.event.CompositeEventHandler$NormalEventHandlerRecord.handleBubblingEvent(CompositeEventHandler.java:247)
	at javafx.base@21.0.6/com.sun.javafx.event.CompositeEventHandler.dispatchBubblingEvent(CompositeEventHandler.java:80)
	at javafx.base@21.0.6/com.sun.javafx.event.EventHandlerManager.dispatchBubblingEvent(EventHandlerManager.java:232)
	at javafx.base@21.0.6/com.sun.javafx.event.EventHandlerManager.dispatchBubblingEvent(EventHandlerManager.java:189)
	at javafx.base@21.0.6/com.sun.javafx.event.CompositeEventDispatcher.dispatchBubblingEvent(CompositeEventDispatcher.java:59)
	at javafx.base@21.0.6/com.sun.javafx.event.BasicEventDispatcher.dispatchEvent(BasicEventDispatcher.java:58)
	at javafx.base@21.0.6/com.sun.javafx.event.EventDispatchChainImpl.dispatchEvent(EventDispatchChainImpl.java:114)
	at javafx.base@21.0.6/com.sun.javafx.event.BasicEventDispatcher.dispatchEvent(BasicEventDispatcher.java:56)
	at javafx.base@21.0.6/com.sun.javafx.event.EventDispatchChainImpl.dispatchEvent(EventDispatchChainImpl.java:114)
	at javafx.base@21.0.6/com.sun.javafx.event.BasicEventDispatcher.dispatchEvent(BasicEventDispatcher.java:56)
	at javafx.base@21.0.6/com.sun.javafx.event.EventDispatchChainImpl.dispatchEvent(EventDispatchChainImpl.java:114)
	at javafx.base@21.0.6/com.sun.javafx.event.EventUtil.fireEventImpl(EventUtil.java:74)
	at javafx.base@21.0.6/com.sun.javafx.event.EventUtil.fireEvent(EventUtil.java:54)
	at javafx.base@21.0.6/javafx.event.Event.fireEvent(Event.java:198)
	at javafx.graphics@21.0.6/javafx.scene.Scene$MouseHandler.process(Scene.java:3984)
	at javafx.graphics@21.0.6/javafx.scene.Scene.processMouseEvent(Scene.java:1890)
	at javafx.graphics@21.0.6/javafx.scene.Scene$ScenePeerListener.mouseEvent(Scene.java:2708)
	at javafx.graphics@21.0.6/com.sun.javafx.tk.quantum.GlassViewEventHandler$MouseEventNotification.run(GlassViewEventHandler.java:411)
	at javafx.graphics@21.0.6/com.sun.javafx.tk.quantum.GlassViewEventHandler$MouseEventNotification.run(GlassViewEventHandler.java:301)
	at java.base/java.security.AccessController.doPrivileged(AccessController.java:138)
	at javafx.graphics@21.0.6/com.sun.javafx.tk.quantum.GlassViewEventHandler.lambda$handleMouseEvent$2(GlassViewEventHandler.java:450)
	at javafx.graphics@21.0.6/com.sun.javafx.tk.quantum.QuantumToolkit.runWithoutRenderLock(QuantumToolkit.java:424)
	at javafx.graphics@21.0.6/com.sun.javafx.tk.quantum.GlassViewEventHandler.handleMouseEvent(GlassViewEventHandler.java:449)
	at javafx.graphics@21.0.6/com.sun.glass.ui.View.handleMouseEvent(View.java:551)
	at javafx.graphics@21.0.6/com.sun.glass.ui.View.notifyMouse(View.java:937)
	at javafx.graphics@21.0.6/com.sun.glass.ui.win.WinApplication._runLoop(Native Method)
	at javafx.graphics@21.0.6/com.sun.glass.ui.win.WinApplication.lambda$runLoop$3(WinApplication.java:185)
	at java.base/java.lang.Thread.run(Thread.java:1474)
2026-02-17 05:57:48.016 [JavaFX Application Thread] ERROR h.j.e.app.MainConsoleLauncher - Greška prilikom učitavanja measurements-list.fxml
javafx.fxml.LoadException: No controller specified.
/C:/Users/dinov/Desktop/Java%202025/Projekt%202/EnergyCMS/target/classes/hr/javafx/energycms/add-new-smart-device.fxml:31

	at javafx.fxml@21.0.6/javafx.fxml.FXMLLoader.constructLoadException(FXMLLoader.java:2718)
	at javafx.fxml@21.0.6/javafx.fxml.FXMLLoader$Element.getControllerMethodHandle(FXMLLoader.java:570)
	at javafx.fxml@21.0.6/javafx.fxml.FXMLLoader$Element.processEventHandlerAttributes(FXMLLoader.java:612)
	at javafx.fxml@21.0.6/javafx.fxml.FXMLLoader$ValueElement.processEndElement(FXMLLoader.java:783)
	at javafx.fxml@21.0.6/javafx.fxml.FXMLLoader.processEndElement(FXMLLoader.java:2969)
	at javafx.fxml@21.0.6/javafx.fxml.FXMLLoader.loadImpl(FXMLLoader.java:2654)
	at javafx.fxml@21.0.6/javafx.fxml.FXMLLoader.loadImpl(FXMLLoader.java:2563)
	at javafx.fxml@21.0.6/javafx.fxml.FXMLLoader.load(FXMLLoader.java:2531)
	at hr.javafx.energycms/hr.javafx.energycms.controllers.AddNewDevicesController.showAddSmartDevices(AddNewDevicesController.java:37)
	at java.base/jdk.internal.reflect.DirectMethodHandleAccessor.invoke(DirectMethodHandleAccessor.java:104)
	at java.base/java.lang.reflect.Method.invoke(Method.java:565)
	at com.sun.javafx.reflect.Trampoline.invoke(MethodUtil.java:72)
	at java.base/jdk.internal.reflect.DirectMethodHandleAccessor.invoke(DirectMethodHandleAccessor.java:104)
	at java.base/java.lang.reflect.Method.invoke(Method.java:565)
	at javafx.base@21.0.6/com.sun.javafx.reflect.MethodUtil.invoke(MethodUtil.java:270)
	at javafx.fxml@21.0.6/com.sun.javafx.fxml.MethodHelper.invoke(MethodHelper.java:84)
	at javafx.fxml@21.0.6/javafx.fxml.FXMLLoader$MethodHandler.invoke(FXMLLoader.java:1855)
	at javafx.fxml@21.0.6/javafx.fxml.FXMLLoader$ControllerMethodEventHandler.handle(FXMLLoader.java:1726)
	at javafx.base@21.0.6/com.sun.javafx.event.CompositeEventHandler.dispatchBubblingEvent(CompositeEventHandler.java:86)
	at javafx.base@21.0.6/com.sun.javafx.event.EventHandlerManager.dispatchBubblingEvent(EventHandlerManager.java:232)
	at javafx.base@21.0.6/com.sun.javafx.event.EventHandlerManager.dispatchBubblingEvent(EventHandlerManager.java:189)
	at javafx.base@21.0.6/com.sun.javafx.event.CompositeEventDispatcher.dispatchBubblingEvent(CompositeEventDispatcher.java:59)
	at javafx.base@21.0.6/com.sun.javafx.event.BasicEventDispatcher.dispatchEvent(BasicEventDispatcher.java:58)
	at javafx.base@21.0.6/com.sun.javafx.event.EventDispatchChainImpl.dispatchEvent(EventDispatchChainImpl.java:114)
	at javafx.base@21.0.6/com.sun.javafx.event.BasicEventDispatcher.dispatchEvent(BasicEventDispatcher.java:56)
	at javafx.base@21.0.6/com.sun.javafx.event.EventDispatchChainImpl.dispatchEvent(EventDispatchChainImpl.java:114)
	at javafx.base@21.0.6/com.sun.javafx.event.BasicEventDispatcher.dispatchEvent(BasicEventDispatcher.java:56)
	at javafx.base@21.0.6/com.sun.javafx.event.EventDispatchChainImpl.dispatchEvent(EventDispatchChainImpl.java:114)
	at javafx.base@21.0.6/com.sun.javafx.event.EventUtil.fireEventImpl(EventUtil.java:74)
	at javafx.base@21.0.6/com.sun.javafx.event.EventUtil.fireEvent(EventUtil.java:49)
	at javafx.base@21.0.6/javafx.event.Event.fireEvent(Event.java:198)
	at javafx.graphics@21.0.6/javafx.scene.Node.fireEvent(Node.java:8875)
	at javafx.controls@21.0.6/javafx.scene.control.Button.fire(Button.java:203)
	at javafx.controls@21.0.6/com.sun.javafx.scene.control.behavior.ButtonBehavior.mouseReleased(ButtonBehavior.java:207)
	at javafx.controls@21.0.6/com.sun.javafx.scene.control.inputmap.InputMap.handle(InputMap.java:274)
	at javafx.base@21.0.6/com.sun.javafx.event.CompositeEventHandler$NormalEventHandlerRecord.handleBubblingEvent(CompositeEventHandler.java:247)
	at javafx.base@21.0.6/com.sun.javafx.event.CompositeEventHandler.dispatchBubblingEvent(CompositeEventHandler.java:80)
	at javafx.base@21.0.6/com.sun.javafx.event.EventHandlerManager.dispatchBubblingEvent(EventHandlerManager.java:232)
	at javafx.base@21.0.6/com.sun.javafx.event.EventHandlerManager.dispatchBubblingEvent(EventHandlerManager.java:189)
	at javafx.base@21.0.6/com.sun.javafx.event.CompositeEventDispatcher.dispatchBubblingEvent(CompositeEventDispatcher.java:59)
	at javafx.base@21.0.6/com.sun.javafx.event.BasicEventDispatcher.dispatchEvent(BasicEventDispatcher.java:58)
	at javafx.base@21.0.6/com.sun.javafx.event.EventDispatchChainImpl.dispatchEvent(EventDispatchChainImpl.java:114)
	at javafx.base@21.0.6/com.sun.javafx.event.BasicEventDispatcher.dispatchEvent(BasicEventDispatcher.java:56)
	at javafx.base@21.0.6/com.sun.javafx.event.EventDispatchChainImpl.dispatchEvent(EventDispatchChainImpl.java:114)
	at javafx.base@21.0.6/com.sun.javafx.event.BasicEventDispatcher.dispatchEvent(BasicEventDispatcher.java:56)
	at javafx.base@21.0.6/com.sun.javafx.event.EventDispatchChainImpl.dispatchEvent(EventDispatchChainImpl.java:114)
	at javafx.base@21.0.6/com.sun.javafx.event.EventUtil.fireEventImpl(EventUtil.java:74)
	at javafx.base@21.0.6/com.sun.javafx.event.EventUtil.fireEvent(EventUtil.java:54)
	at javafx.base@21.0.6/javafx.event.Event.fireEvent(Event.java:198)
	at javafx.graphics@21.0.6/javafx.scene.Scene$MouseHandler.process(Scene.java:3984)
	at javafx.graphics@21.0.6/javafx.scene.Scene.processMouseEvent(Scene.java:1890)
	at javafx.graphics@21.0.6/javafx.scene.Scene$ScenePeerListener.mouseEvent(Scene.java:2708)
	at javafx.graphics@21.0.6/com.sun.javafx.tk.quantum.GlassViewEventHandler$MouseEventNotification.run(GlassViewEventHandler.java:411)
	at javafx.graphics@21.0.6/com.sun.javafx.tk.quantum.GlassViewEventHandler$MouseEventNotification.run(GlassViewEventHandler.java:301)
	at java.base/java.security.AccessController.doPrivileged(AccessController.java:138)
	at javafx.graphics@21.0.6/com.sun.javafx.tk.quantum.GlassViewEventHandler.lambda$handleMouseEvent$2(GlassViewEventHandler.java:450)
	at javafx.graphics@21.0.6/com.sun.javafx.tk.quantum.QuantumToolkit.runWithoutRenderLock(QuantumToolkit.java:424)
	at javafx.graphics@21.0.6/com.sun.javafx.tk.quantum.GlassViewEventHandler.handleMouseEvent(GlassViewEventHandler.java:449)
	at javafx.graphics@21.0.6/com.sun.glass.ui.View.handleMouseEvent(View.java:551)
	at javafx.graphics@21.0.6/com.sun.glass.ui.View.notifyMouse(View.java:937)
	at javafx.graphics@21.0.6/com.sun.glass.ui.win.WinApplication._runLoop(Native Method)
	at javafx.graphics@21.0.6/com.sun.glass.ui.win.WinApplication.lambda$runLoop$3(WinApplication.java:185)
	at java.base/java.lang.Thread.run(Thread.java:1474)
2026-02-17 05:58:43.859 [JavaFX Application Thread] ERROR h.j.e.app.MainConsoleLauncher - Greška prilikom učitavanja measurements-list.fxml
javafx.fxml.LoadException: No controller specified.
/C:/Users/dinov/Desktop/Java%202025/Projekt%202/EnergyCMS/target/classes/hr/javafx/energycms/add-new-smart-device.fxml:89

	at javafx.fxml@21.0.6/javafx.fxml.FXMLLoader.constructLoadException(FXMLLoader.java:2718)
	at javafx.fxml@21.0.6/javafx.fxml.FXMLLoader$Element.getControllerMethodHandle(FXMLLoader.java:570)
	at javafx.fxml@21.0.6/javafx.fxml.FXMLLoader$Element.processEventHandlerAttributes(FXMLLoader.java:612)
	at javafx.fxml@21.0.6/javafx.fxml.FXMLLoader$ValueElement.processEndElement(FXMLLoader.java:783)
	at javafx.fxml@21.0.6/javafx.fxml.FXMLLoader.processEndElement(FXMLLoader.java:2969)
	at javafx.fxml@21.0.6/javafx.fxml.FXMLLoader.loadImpl(FXMLLoader.java:2654)
	at javafx.fxml@21.0.6/javafx.fxml.FXMLLoader.loadImpl(FXMLLoader.java:2563)
	at javafx.fxml@21.0.6/javafx.fxml.FXMLLoader.load(FXMLLoader.java:2531)
	at hr.javafx.energycms/hr.javafx.energycms.controllers.AddNewDevicesController.showAddSmartDevices(AddNewDevicesController.java:37)
	at java.base/jdk.internal.reflect.DirectMethodHandleAccessor.invoke(DirectMethodHandleAccessor.java:104)
	at java.base/java.lang.reflect.Method.invoke(Method.java:565)
	at com.sun.javafx.reflect.Trampoline.invoke(MethodUtil.java:72)
	at java.base/jdk.internal.reflect.DirectMethodHandleAccessor.invoke(DirectMethodHandleAccessor.java:104)
	at java.base/java.lang.reflect.Method.invoke(Method.java:565)
	at javafx.base@21.0.6/com.sun.javafx.reflect.MethodUtil.invoke(MethodUtil.java:270)
	at javafx.fxml@21.0.6/com.sun.javafx.fxml.MethodHelper.invoke(MethodHelper.java:84)
	at javafx.fxml@21.0.6/javafx.fxml.FXMLLoader$MethodHandler.invoke(FXMLLoader.java:1855)
	at javafx.fxml@21.0.6/javafx.fxml.FXMLLoader$ControllerMethodEventHandler.handle(FXMLLoader.java:1726)
	at javafx.base@21.0.6/com.sun.javafx.event.CompositeEventHandler.dispatchBubblingEvent(CompositeEventHandler.java:86)
	at javafx.base@21.0.6/com.sun.javafx.event.EventHandlerManager.dispatchBubblingEvent(EventHandlerManager.java:232)
	at javafx.base@21.0.6/com.sun.javafx.event.EventHandlerManager.dispatchBubblingEvent(EventHandlerManager.java:189)
	at javafx.base@21.0.6/com.sun.javafx.event.CompositeEventDispatcher.dispatchBubblingEvent(CompositeEventDispatcher.java:59)
	at javafx.base@21.0.6/com.sun.javafx.event.BasicEventDispatcher.dispatchEvent(BasicEventDispatcher.java:58)
	at javafx.base@21.0.6/com.sun.javafx.event.EventDispatchChainImpl.dispatchEvent(EventDispatchChainImpl.java:114)
	at javafx.base@21.0.6/com.sun.javafx.event.BasicEventDispatcher.dispatchEvent(BasicEventDispatcher.java:56)
	at javafx.base@21.0.6/com.sun.javafx.event.EventDispatchChainImpl.dispatchEvent(EventDispatchChainImpl.java:114)
	at javafx.base@21.0.6/com.sun.javafx.event.BasicEventDispatcher.dispatchEvent(BasicEventDispatcher.java:56)
	at javafx.base@21.0.6/com.sun.javafx.event.EventDispatchChainImpl.dispatchEvent(EventDispatchChainImpl.java:114)
	at javafx.base@21.0.6/com.sun.javafx.event.EventUtil.fireEventImpl(EventUtil.java:74)
	at javafx.base@21.0.6/com.sun.javafx.event.EventUtil.fireEvent(EventUtil.java:49)
	at javafx.base@21.0.6/javafx.event.Event.fireEvent(Event.java:198)
	at javafx.graphics@21.0.6/javafx.scene.Node.fireEvent(Node.java:8875)
	at javafx.controls@21.0.6/javafx.scene.control.Button.fire(Button.java:203)
	at javafx.controls@21.0.6/com.sun.javafx.scene.control.behavior.ButtonBehavior.mouseReleased(ButtonBehavior.java:207)
	at javafx.controls@21.0.6/com.sun.javafx.scene.control.inputmap.InputMap.handle(InputMap.java:274)
	at javafx.base@21.0.6/com.sun.javafx.event.CompositeEventHandler$NormalEventHandlerRecord.handleBubblingEvent(CompositeEventHandler.java:247)
	at javafx.base@21.0.6/com.sun.javafx.event.CompositeEventHandler.dispatchBubblingEvent(CompositeEventHandler.java:80)
	at javafx.base@21.0.6/com.sun.javafx.event.EventHandlerManager.dispatchBubblingEvent(EventHandlerManager.java:232)
	at javafx.base@21.0.6/com.sun.javafx.event.EventHandlerManager.dispatchBubblingEvent(EventHandlerManager.java:189)
	at javafx.base@21.0.6/com.sun.javafx.event.CompositeEventDispatcher.dispatchBubblingEvent(CompositeEventDispatcher.java:59)
	at javafx.base@21.0.6/com.sun.javafx.event.BasicEventDispatcher.dispatchEvent(BasicEventDispatcher.java:58)
	at javafx.base@21.0.6/com.sun.javafx.event.EventDispatchChainImpl.dispatchEvent(EventDispatchChainImpl.java:114)
	at javafx.base@21.0.6/com.sun.javafx.event.BasicEventDispatcher.dispatchEvent(BasicEventDispatcher.java:56)
	at javafx.base@21.0.6/com.sun.javafx.event.EventDispatchChainImpl.dispatchEvent(EventDispatchChainImpl.java:114)
	at javafx.base@21.0.6/com.sun.javafx.event.BasicEventDispatcher.dispatchEvent(BasicEventDispatcher.java:56)
	at javafx.base@21.0.6/com.sun.javafx.event.EventDispatchChainImpl.dispatchEvent(EventDispatchChainImpl.java:114)
	at javafx.base@21.0.6/com.sun.javafx.event.EventUtil.fireEventImpl(EventUtil.java:74)
	at javafx.base@21.0.6/com.sun.javafx.event.EventUtil.fireEvent(EventUtil.java:54)
	at javafx.base@21.0.6/javafx.event.Event.fireEvent(Event.java:198)
	at javafx.graphics@21.0.6/javafx.scene.Scene$MouseHandler.process(Scene.java:3984)
	at javafx.graphics@21.0.6/javafx.scene.Scene.processMouseEvent(Scene.java:1890)
	at javafx.graphics@21.0.6/javafx.scene.Scene$ScenePeerListener.mouseEvent(Scene.java:2708)
	at javafx.graphics@21.0.6/com.sun.javafx.tk.quantum.GlassViewEventHandler$MouseEventNotification.run(GlassViewEventHandler.java:411)
	at javafx.graphics@21.0.6/com.sun.javafx.tk.quantum.GlassViewEventHandler$MouseEventNotification.run(GlassViewEventHandler.java:301)
	at java.base/java.security.AccessController.doPrivileged(AccessController.java:138)
	at javafx.graphics@21.0.6/com.sun.javafx.tk.quantum.GlassViewEventHandler.lambda$handleMouseEvent$2(GlassViewEventHandler.java:450)
	at javafx.graphics@21.0.6/com.sun.javafx.tk.quantum.QuantumToolkit.runWithoutRenderLock(QuantumToolkit.java:424)
	at javafx.graphics@21.0.6/com.sun.javafx.tk.quantum.GlassViewEventHandler.handleMouseEvent(GlassViewEventHandler.java:449)
	at javafx.graphics@21.0.6/com.sun.glass.ui.View.handleMouseEvent(View.java:551)
	at javafx.graphics@21.0.6/com.sun.glass.ui.View.notifyMouse(View.java:937)
	at javafx.graphics@21.0.6/com.sun.glass.ui.win.WinApplication._runLoop(Native Method)
	at javafx.graphics@21.0.6/com.sun.glass.ui.win.WinApplication.lambda$runLoop$3(WinApplication.java:185)
	at java.base/java.lang.Thread.run(Thread.java:1474)
2026-02-17 06:00:12.042 [JavaFX Application Thread] ERROR h.j.e.app.MainConsoleLauncher - Greška prilikom učitavanja measurements-list.fxml
javafx.fxml.LoadException: No controller specified.
/C:/Users/dinov/Desktop/Java%202025/Projekt%202/EnergyCMS/target/classes/hr/javafx/energycms/add-new-smart-device.fxml:89

	at javafx.fxml@21.0.6/javafx.fxml.FXMLLoader.constructLoadException(FXMLLoader.java:2718)
	at javafx.fxml@21.0.6/javafx.fxml.FXMLLoader$Element.getControllerMethodHandle(FXMLLoader.java:570)
	at javafx.fxml@21.0.6/javafx.fxml.FXMLLoader$Element.processEventHandlerAttributes(FXMLLoader.java:612)
	at javafx.fxml@21.0.6/javafx.fxml.FXMLLoader$ValueElement.processEndElement(FXMLLoader.java:783)
	at javafx.fxml@21.0.6/javafx.fxml.FXMLLoader.processEndElement(FXMLLoader.java:2969)
	at javafx.fxml@21.0.6/javafx.fxml.FXMLLoader.loadImpl(FXMLLoader.java:2654)
	at javafx.fxml@21.0.6/javafx.fxml.FXMLLoader.loadImpl(FXMLLoader.java:2563)
	at javafx.fxml@21.0.6/javafx.fxml.FXMLLoader.load(FXMLLoader.java:2531)
	at hr.javafx.energycms/hr.javafx.energycms.controllers.AddNewDevicesController.showAddSmartDevices(AddNewDevicesController.java:37)
	at java.base/jdk.internal.reflect.DirectMethodHandleAccessor.invoke(DirectMethodHandleAccessor.java:104)
	at java.base/java.lang.reflect.Method.invoke(Method.java:565)
	at com.sun.javafx.reflect.Trampoline.invoke(MethodUtil.java:72)
	at java.base/jdk.internal.reflect.DirectMethodHandleAccessor.invoke(DirectMethodHandleAccessor.java:104)
	at java.base/java.lang.reflect.Method.invoke(Method.java:565)
	at javafx.base@21.0.6/com.sun.javafx.reflect.MethodUtil.invoke(MethodUtil.java:270)
	at javafx.fxml@21.0.6/com.sun.javafx.fxml.MethodHelper.invoke(MethodHelper.java:84)
	at javafx.fxml@21.0.6/javafx.fxml.FXMLLoader$MethodHandler.invoke(FXMLLoader.java:1855)
	at javafx.fxml@21.0.6/javafx.fxml.FXMLLoader$ControllerMethodEventHandler.handle(FXMLLoader.java:1726)
	at javafx.base@21.0.6/com.sun.javafx.event.CompositeEventHandler.dispatchBubblingEvent(CompositeEventHandler.java:86)
	at javafx.base@21.0.6/com.sun.javafx.event.EventHandlerManager.dispatchBubblingEvent(EventHandlerManager.java:232)
	at javafx.base@21.0.6/com.sun.javafx.event.EventHandlerManager.dispatchBubblingEvent(EventHandlerManager.java:189)
	at javafx.base@21.0.6/com.sun.javafx.event.CompositeEventDispatcher.dispatchBubblingEvent(CompositeEventDispatcher.java:59)
	at javafx.base@21.0.6/com.sun.javafx.event.BasicEventDispatcher.dispatchEvent(BasicEventDispatcher.java:58)
	at javafx.base@21.0.6/com.sun.javafx.event.EventDispatchChainImpl.dispatchEvent(EventDispatchChainImpl.java:114)
	at javafx.base@21.0.6/com.sun.javafx.event.BasicEventDispatcher.dispatchEvent(BasicEventDispatcher.java:56)
	at javafx.base@21.0.6/com.sun.javafx.event.EventDispatchChainImpl.dispatchEvent(EventDispatchChainImpl.java:114)
	at javafx.base@21.0.6/com.sun.javafx.event.BasicEventDispatcher.dispatchEvent(BasicEventDispatcher.java:56)
	at javafx.base@21.0.6/com.sun.javafx.event.EventDispatchChainImpl.dispatchEvent(EventDispatchChainImpl.java:114)
	at javafx.base@21.0.6/com.sun.javafx.event.EventUtil.fireEventImpl(EventUtil.java:74)
	at javafx.base@21.0.6/com.sun.javafx.event.EventUtil.fireEvent(EventUtil.java:49)
	at javafx.base@21.0.6/javafx.event.Event.fireEvent(Event.java:198)
	at javafx.graphics@21.0.6/javafx.scene.Node.fireEvent(Node.java:8875)
	at javafx.controls@21.0.6/javafx.scene.control.Button.fire(Button.java:203)
	at javafx.controls@21.0.6/com.sun.javafx.scene.control.behavior.ButtonBehavior.mouseReleased(ButtonBehavior.java:207)
	at javafx.controls@21.0.6/com.sun.javafx.scene.control.inputmap.InputMap.handle(InputMap.java:274)
	at javafx.base@21.0.6/com.sun.javafx.event.CompositeEventHandler$NormalEventHandlerRecord.handleBubblingEvent(CompositeEventHandler.java:247)
	at javafx.base@21.0.6/com.sun.javafx.event.CompositeEventHandler.dispatchBubblingEvent(CompositeEventHandler.java:80)
	at javafx.base@21.0.6/com.sun.javafx.event.EventHandlerManager.dispatchBubblingEvent(EventHandlerManager.java:232)
	at javafx.base@21.0.6/com.sun.javafx.event.EventHandlerManager.dispatchBubblingEvent(EventHandlerManager.java:189)
	at javafx.base@21.0.6/com.sun.javafx.event.CompositeEventDispatcher.dispatchBubblingEvent(CompositeEventDispatcher.java:59)
	at javafx.base@21.0.6/com.sun.javafx.event.BasicEventDispatcher.dispatchEvent(BasicEventDispatcher.java:58)
	at javafx.base@21.0.6/com.sun.javafx.event.EventDispatchChainImpl.dispatchEvent(EventDispatchChainImpl.java:114)
	at javafx.base@21.0.6/com.sun.javafx.event.BasicEventDispatcher.dispatchEvent(BasicEventDispatcher.java:56)
	at javafx.base@21.0.6/com.sun.javafx.event.EventDispatchChainImpl.dispatchEvent(EventDispatchChainImpl.java:114)
	at javafx.base@21.0.6/com.sun.javafx.event.BasicEventDispatcher.dispatchEvent(BasicEventDispatcher.java:56)
	at javafx.base@21.0.6/com.sun.javafx.event.EventDispatchChainImpl.dispatchEvent(EventDispatchChainImpl.java:114)
	at javafx.base@21.0.6/com.sun.javafx.event.EventUtil.fireEventImpl(EventUtil.java:74)
	at javafx.base@21.0.6/com.sun.javafx.event.EventUtil.fireEvent(EventUtil.java:54)
	at javafx.base@21.0.6/javafx.event.Event.fireEvent(Event.java:198)
	at javafx.graphics@21.0.6/javafx.scene.Scene$MouseHandler.process(Scene.java:3984)
	at javafx.graphics@21.0.6/javafx.scene.Scene.processMouseEvent(Scene.java:1890)
	at javafx.graphics@21.0.6/javafx.scene.Scene$ScenePeerListener.mouseEvent(Scene.java:2708)
	at javafx.graphics@21.0.6/com.sun.javafx.tk.quantum.GlassViewEventHandler$MouseEventNotification.run(GlassViewEventHandler.java:411)
	at javafx.graphics@21.0.6/com.sun.javafx.tk.quantum.GlassViewEventHandler$MouseEventNotification.run(GlassViewEventHandler.java:301)
	at java.base/java.security.AccessController.doPrivileged(AccessController.java:138)
	at javafx.graphics@21.0.6/com.sun.javafx.tk.quantum.GlassViewEventHandler.lambda$handleMouseEvent$2(GlassViewEventHandler.java:450)
	at javafx.graphics@21.0.6/com.sun.javafx.tk.quantum.QuantumToolkit.runWithoutRenderLock(QuantumToolkit.java:424)
	at javafx.graphics@21.0.6/com.sun.javafx.tk.quantum.GlassViewEventHandler.handleMouseEvent(GlassViewEventHandler.java:449)
	at javafx.graphics@21.0.6/com.sun.glass.ui.View.handleMouseEvent(View.java:551)
	at javafx.graphics@21.0.6/com.sun.glass.ui.View.notifyMouse(View.java:937)
	at javafx.graphics@21.0.6/com.sun.glass.ui.win.WinApplication._runLoop(Native Method)
	at javafx.graphics@21.0.6/com.sun.glass.ui.win.WinApplication.lambda$runLoop$3(WinApplication.java:185)
	at java.base/java.lang.Thread.run(Thread.java:1474)
2026-02-17 06:05:38.982 [JavaFX Application Thread] ERROR h.j.e.app.MainConsoleLauncher - Greška prilikom učitavanja measurements-list.fxml
javafx.fxml.LoadException: Error resolving onAction='goBack', either the event handler is not in the Namespace or there is an error in the script.
/C:/Users/dinov/Desktop/Java%202025/Projekt%202/EnergyCMS/target/classes/hr/javafx/energycms/add-new-standard-device.fxml:31

	at javafx.fxml@21.0.6/javafx.fxml.FXMLLoader.constructLoadException(FXMLLoader.java:2718)
	at javafx.fxml@21.0.6/javafx.fxml.FXMLLoader$Element.processEventHandlerAttributes(FXMLLoader.java:623)
	at javafx.fxml@21.0.6/javafx.fxml.FXMLLoader$ValueElement.processEndElement(FXMLLoader.java:783)
	at javafx.fxml@21.0.6/javafx.fxml.FXMLLoader.processEndElement(FXMLLoader.java:2969)
	at javafx.fxml@21.0.6/javafx.fxml.FXMLLoader.loadImpl(FXMLLoader.java:2654)
	at javafx.fxml@21.0.6/javafx.fxml.FXMLLoader.loadImpl(FXMLLoader.java:2563)
	at javafx.fxml@21.0.6/javafx.fxml.FXMLLoader.load(FXMLLoader.java:2531)
	at hr.javafx.energycms/hr.javafx.energycms.controllers.AddNewDevicesController.showAddStandardDevices(AddNewDevicesController.java:19)
	at java.base/jdk.internal.reflect.DirectMethodHandleAccessor.invoke(DirectMethodHandleAccessor.java:104)
	at java.base/java.lang.reflect.Method.invoke(Method.java:565)
	at com.sun.javafx.reflect.Trampoline.invoke(MethodUtil.java:72)
	at java.base/jdk.internal.reflect.DirectMethodHandleAccessor.invoke(DirectMethodHandleAccessor.java:104)
	at java.base/java.lang.reflect.Method.invoke(Method.java:565)
	at javafx.base@21.0.6/com.sun.javafx.reflect.MethodUtil.invoke(MethodUtil.java:270)
	at javafx.fxml@21.0.6/com.sun.javafx.fxml.MethodHelper.invoke(MethodHelper.java:84)
	at javafx.fxml@21.0.6/javafx.fxml.FXMLLoader$MethodHandler.invoke(FXMLLoader.java:1855)
	at javafx.fxml@21.0.6/javafx.fxml.FXMLLoader$ControllerMethodEventHandler.handle(FXMLLoader.java:1726)
	at javafx.base@21.0.6/com.sun.javafx.event.CompositeEventHandler.dispatchBubblingEvent(CompositeEventHandler.java:86)
	at javafx.base@21.0.6/com.sun.javafx.event.EventHandlerManager.dispatchBubblingEvent(EventHandlerManager.java:232)
	at javafx.base@21.0.6/com.sun.javafx.event.EventHandlerManager.dispatchBubblingEvent(EventHandlerManager.java:189)
	at javafx.base@21.0.6/com.sun.javafx.event.CompositeEventDispatcher.dispatchBubblingEvent(CompositeEventDispatcher.java:59)
	at javafx.base@21.0.6/com.sun.javafx.event.BasicEventDispatcher.dispatchEvent(BasicEventDispatcher.java:58)
	at javafx.base@21.0.6/com.sun.javafx.event.EventDispatchChainImpl.dispatchEvent(EventDispatchChainImpl.java:114)
	at javafx.base@21.0.6/com.sun.javafx.event.BasicEventDispatcher.dispatchEvent(BasicEventDispatcher.java:56)
	at javafx.base@21.0.6/com.sun.javafx.event.EventDispatchChainImpl.dispatchEvent(EventDispatchChainImpl.java:114)
	at javafx.base@21.0.6/com.sun.javafx.event.BasicEventDispatcher.dispatchEvent(BasicEventDispatcher.java:56)
	at javafx.base@21.0.6/com.sun.javafx.event.EventDispatchChainImpl.dispatchEvent(EventDispatchChainImpl.java:114)
	at javafx.base@21.0.6/com.sun.javafx.event.EventUtil.fireEventImpl(EventUtil.java:74)
	at javafx.base@21.0.6/com.sun.javafx.event.EventUtil.fireEvent(EventUtil.java:49)
	at javafx.base@21.0.6/javafx.event.Event.fireEvent(Event.java:198)
	at javafx.graphics@21.0.6/javafx.scene.Node.fireEvent(Node.java:8875)
	at javafx.controls@21.0.6/javafx.scene.control.Button.fire(Button.java:203)
	at javafx.controls@21.0.6/com.sun.javafx.scene.control.behavior.ButtonBehavior.mouseReleased(ButtonBehavior.java:207)
	at javafx.controls@21.0.6/com.sun.javafx.scene.control.inputmap.InputMap.handle(InputMap.java:274)
	at javafx.base@21.0.6/com.sun.javafx.event.CompositeEventHandler$NormalEventHandlerRecord.handleBubblingEvent(CompositeEventHandler.java:247)
	at javafx.base@21.0.6/com.sun.javafx.event.CompositeEventHandler.dispatchBubblingEvent(CompositeEventHandler.java:80)
	at javafx.base@21.0.6/com.sun.javafx.event.EventHandlerManager.dispatchBubblingEvent(EventHandlerManager.java:232)
	at javafx.base@21.0.6/com.sun.javafx.event.EventHandlerManager.dispatchBubblingEvent(EventHandlerManager.java:189)
	at javafx.base@21.0.6/com.sun.javafx.event.CompositeEventDispatcher.dispatchBubblingEvent(CompositeEventDispatcher.java:59)
	at javafx.base@21.0.6/com.sun.javafx.event.BasicEventDispatcher.dispatchEvent(BasicEventDispatcher.java:58)
	at javafx.base@21.0.6/com.sun.javafx.event.EventDispatchChainImpl.dispatchEvent(EventDispatchChainImpl.java:114)
	at javafx.base@21.0.6/com.sun.javafx.event.BasicEventDispatcher.dispatchEvent(BasicEventDispatcher.java:56)
	at javafx.base@21.0.6/com.sun.javafx.event.EventDispatchChainImpl.dispatchEvent(EventDispatchChainImpl.java:114)
	at javafx.base@21.0.6/com.sun.javafx.event.BasicEventDispatcher.dispatchEvent(BasicEventDispatcher.java:56)
	at javafx.base@21.0.6/com.sun.javafx.event.EventDispatchChainImpl.dispatchEvent(EventDispatchChainImpl.java:114)
	at javafx.base@21.0.6/com.sun.javafx.event.EventUtil.fireEventImpl(EventUtil.java:74)
	at javafx.base@21.0.6/com.sun.javafx.event.EventUtil.fireEvent(EventUtil.java:54)
	at javafx.base@21.0.6/javafx.event.Event.fireEvent(Event.java:198)
	at javafx.graphics@21.0.6/javafx.scene.Scene$MouseHandler.process(Scene.java:3984)
	at javafx.graphics@21.0.6/javafx.scene.Scene.processMouseEvent(Scene.java:1890)
	at javafx.graphics@21.0.6/javafx.scene.Scene$ScenePeerListener.mouseEvent(Scene.java:2708)
	at javafx.graphics@21.0.6/com.sun.javafx.tk.quantum.GlassViewEventHandler$MouseEventNotification.run(GlassViewEventHandler.java:411)
	at javafx.graphics@21.0.6/com.sun.javafx.tk.quantum.GlassViewEventHandler$MouseEventNotification.run(GlassViewEventHandler.java:301)
	at java.base/java.security.AccessController.doPrivileged(AccessController.java:138)
	at javafx.graphics@21.0.6/com.sun.javafx.tk.quantum.GlassViewEventHandler.lambda$handleMouseEvent$2(GlassViewEventHandler.java:450)
	at javafx.graphics@21.0.6/com.sun.javafx.tk.quantum.QuantumToolkit.runWithoutRenderLock(QuantumToolkit.java:424)
	at javafx.graphics@21.0.6/com.sun.javafx.tk.quantum.GlassViewEventHandler.handleMouseEvent(GlassViewEventHandler.java:449)
	at javafx.graphics@21.0.6/com.sun.glass.ui.View.handleMouseEvent(View.java:551)
	at javafx.graphics@21.0.6/com.sun.glass.ui.View.notifyMouse(View.java:937)
	at javafx.graphics@21.0.6/com.sun.glass.ui.win.WinApplication._runLoop(Native Method)
	at javafx.graphics@21.0.6/com.sun.glass.ui.win.WinApplication.lambda$runLoop$3(WinApplication.java:185)
	at java.base/java.lang.Thread.run(Thread.java:1474)
2026-02-17 06:05:42.656 [JavaFX Application Thread] ERROR h.j.e.app.MainConsoleLauncher - Greška prilikom učitavanja measurements-list.fxml
javafx.fxml.LoadException: Error resolving onAction='goBack', either the event handler is not in the Namespace or there is an error in the script.
/C:/Users/dinov/Desktop/Java%202025/Projekt%202/EnergyCMS/target/classes/hr/javafx/energycms/add-new-smart-device.fxml:32

	at javafx.fxml@21.0.6/javafx.fxml.FXMLLoader.constructLoadException(FXMLLoader.java:2718)
	at javafx.fxml@21.0.6/javafx.fxml.FXMLLoader$Element.processEventHandlerAttributes(FXMLLoader.java:623)
	at javafx.fxml@21.0.6/javafx.fxml.FXMLLoader$ValueElement.processEndElement(FXMLLoader.java:783)
	at javafx.fxml@21.0.6/javafx.fxml.FXMLLoader.processEndElement(FXMLLoader.java:2969)
	at javafx.fxml@21.0.6/javafx.fxml.FXMLLoader.loadImpl(FXMLLoader.java:2654)
	at javafx.fxml@21.0.6/javafx.fxml.FXMLLoader.loadImpl(FXMLLoader.java:2563)
	at javafx.fxml@21.0.6/javafx.fxml.FXMLLoader.load(FXMLLoader.java:2531)
	at hr.javafx.energycms/hr.javafx.energycms.controllers.AddNewDevicesController.showAddSmartDevices(AddNewDevicesController.java:37)
	at java.base/jdk.internal.reflect.DirectMethodHandleAccessor.invoke(DirectMethodHandleAccessor.java:104)
	at java.base/java.lang.reflect.Method.invoke(Method.java:565)
	at com.sun.javafx.reflect.Trampoline.invoke(MethodUtil.java:72)
	at java.base/jdk.internal.reflect.DirectMethodHandleAccessor.invoke(DirectMethodHandleAccessor.java:104)
	at java.base/java.lang.reflect.Method.invoke(Method.java:565)
	at javafx.base@21.0.6/com.sun.javafx.reflect.MethodUtil.invoke(MethodUtil.java:270)
	at javafx.fxml@21.0.6/com.sun.javafx.fxml.MethodHelper.invoke(MethodHelper.java:84)
	at javafx.fxml@21.0.6/javafx.fxml.FXMLLoader$MethodHandler.invoke(FXMLLoader.java:1855)
	at javafx.fxml@21.0.6/javafx.fxml.FXMLLoader$ControllerMethodEventHandler.handle(FXMLLoader.java:1726)
	at javafx.base@21.0.6/com.sun.javafx.event.CompositeEventHandler.dispatchBubblingEvent(CompositeEventHandler.java:86)
	at javafx.base@21.0.6/com.sun.javafx.event.EventHandlerManager.dispatchBubblingEvent(EventHandlerManager.java:232)
	at javafx.base@21.0.6/com.sun.javafx.event.EventHandlerManager.dispatchBubblingEvent(EventHandlerManager.java:189)
	at javafx.base@21.0.6/com.sun.javafx.event.CompositeEventDispatcher.dispatchBubblingEvent(CompositeEventDispatcher.java:59)
	at javafx.base@21.0.6/com.sun.javafx.event.BasicEventDispatcher.dispatchEvent(BasicEventDispatcher.java:58)
	at javafx.base@21.0.6/com.sun.javafx.event.EventDispatchChainImpl.dispatchEvent(EventDispatchChainImpl.java:114)
	at javafx.base@21.0.6/com.sun.javafx.event.BasicEventDispatcher.dispatchEvent(BasicEventDispatcher.java:56)
	at javafx.base@21.0.6/com.sun.javafx.event.EventDispatchChainImpl.dispatchEvent(EventDispatchChainImpl.java:114)
	at javafx.base@21.0.6/com.sun.javafx.event.BasicEventDispatcher.dispatchEvent(BasicEventDispatcher.java:56)
	at javafx.base@21.0.6/com.sun.javafx.event.EventDispatchChainImpl.dispatchEvent(EventDispatchChainImpl.java:114)
	at javafx.base@21.0.6/com.sun.javafx.event.EventUtil.fireEventImpl(EventUtil.java:74)
	at javafx.base@21.0.6/com.sun.javafx.event.EventUtil.fireEvent(EventUtil.java:49)
	at javafx.base@21.0.6/javafx.event.Event.fireEvent(Event.java:198)
	at javafx.graphics@21.0.6/javafx.scene.Node.fireEvent(Node.java:8875)
	at javafx.controls@21.0.6/javafx.scene.control.Button.fire(Button.java:203)
	at javafx.controls@21.0.6/com.sun.javafx.scene.control.behavior.ButtonBehavior.mouseReleased(ButtonBehavior.java:207)
	at javafx.controls@21.0.6/com.sun.javafx.scene.control.inputmap.InputMap.handle(InputMap.java:274)
	at javafx.base@21.0.6/com.sun.javafx.event.CompositeEventHandler$NormalEventHandlerRecord.handleBubblingEvent(CompositeEventHandler.java:247)
	at javafx.base@21.0.6/com.sun.javafx.event.CompositeEventHandler.dispatchBubblingEvent(CompositeEventHandler.java:80)
	at javafx.base@21.0.6/com.sun.javafx.event.EventHandlerManager.dispatchBubblingEvent(EventHandlerManager.java:232)
	at javafx.base@21.0.6/com.sun.javafx.event.EventHandlerManager.dispatchBubblingEvent(EventHandlerManager.java:189)
	at javafx.base@21.0.6/com.sun.javafx.event.CompositeEventDispatcher.dispatchBubblingEvent(CompositeEventDispatcher.java:59)
	at javafx.base@21.0.6/com.sun.javafx.event.BasicEventDispatcher.dispatchEvent(BasicEventDispatcher.java:58)
	at javafx.base@21.0.6/com.sun.javafx.event.EventDispatchChainImpl.dispatchEvent(EventDispatchChainImpl.java:114)
	at javafx.base@21.0.6/com.sun.javafx.event.BasicEventDispatcher.dispatchEvent(BasicEventDispatcher.java:56)
	at javafx.base@21.0.6/com.sun.javafx.event.EventDispatchChainImpl.dispatchEvent(EventDispatchChainImpl.java:114)
	at javafx.base@21.0.6/com.sun.javafx.event.BasicEventDispatcher.dispatchEvent(BasicEventDispatcher.java:56)
	at javafx.base@21.0.6/com.sun.javafx.event.EventDispatchChainImpl.dispatchEvent(EventDispatchChainImpl.java:114)
	at javafx.base@21.0.6/com.sun.javafx.event.EventUtil.fireEventImpl(EventUtil.java:74)
	at javafx.base@21.0.6/com.sun.javafx.event.EventUtil.fireEvent(EventUtil.java:54)
	at javafx.base@21.0.6/javafx.event.Event.fireEvent(Event.java:198)
	at javafx.graphics@21.0.6/javafx.scene.Scene$MouseHandler.process(Scene.java:3984)
	at javafx.graphics@21.0.6/javafx.scene.Scene.processMouseEvent(Scene.java:1890)
	at javafx.graphics@21.0.6/javafx.scene.Scene$ScenePeerListener.mouseEvent(Scene.java:2708)
	at javafx.graphics@21.0.6/com.sun.javafx.tk.quantum.GlassViewEventHandler$MouseEventNotification.run(GlassViewEventHandler.java:411)
	at javafx.graphics@21.0.6/com.sun.javafx.tk.quantum.GlassViewEventHandler$MouseEventNotification.run(GlassViewEventHandler.java:301)
	at java.base/java.security.AccessController.doPrivileged(AccessController.java:138)
	at javafx.graphics@21.0.6/com.sun.javafx.tk.quantum.GlassViewEventHandler.lambda$handleMouseEvent$2(GlassViewEventHandler.java:450)
	at javafx.graphics@21.0.6/com.sun.javafx.tk.quantum.QuantumToolkit.runWithoutRenderLock(QuantumToolkit.java:424)
	at javafx.graphics@21.0.6/com.sun.javafx.tk.quantum.GlassViewEventHandler.handleMouseEvent(GlassViewEventHandler.java:449)
	at javafx.graphics@21.0.6/com.sun.glass.ui.View.handleMouseEvent(View.java:551)
	at javafx.graphics@21.0.6/com.sun.glass.ui.View.notifyMouse(View.java:937)
	at javafx.graphics@21.0.6/com.sun.glass.ui.win.WinApplication._runLoop(Native Method)
	at javafx.graphics@21.0.6/com.sun.glass.ui.win.WinApplication.lambda$runLoop$3(WinApplication.java:185)
	at java.base/java.lang.Thread.run(Thread.java:1474)
2026-02-17 06:22:41.543 [JavaFX Application Thread] ERROR h.j.e.app.MainConsoleLauncher - Greška pri zapisivanju u: src\data\smartdevices.json
jakarta.json.bind.JsonbException: CHANGE naming conflict!
	at org.eclipse.yasson@3.0.3/org.eclipse.yasson.internal.serializer.SerializationModelCreator.addPolymorphismProperty(SerializationModelCreator.java:244)
	at org.eclipse.yasson@3.0.3/org.eclipse.yasson.internal.serializer.SerializationModelCreator.createObjectSerializer(SerializationModelCreator.java:208)
	at org.eclipse.yasson@3.0.3/org.eclipse.yasson.internal.serializer.SerializationModelCreator.serializerChainInternal(SerializationModelCreator.java:199)
	at org.eclipse.yasson@3.0.3/org.eclipse.yasson.internal.serializer.SerializationModelCreator.serializerChainRuntime(SerializationModelCreator.java:123)
	at org.eclipse.yasson@3.0.3/org.eclipse.yasson.internal.serializer.types.ObjectTypeSerializer.lambda$findSerializer$0(ObjectTypeSerializer.java:67)
	at java.base/java.util.concurrent.ConcurrentHashMap.computeIfAbsent(ConcurrentHashMap.java:1724)
	at org.eclipse.yasson@3.0.3/org.eclipse.yasson.internal.serializer.types.ObjectTypeSerializer.findSerializer(ObjectTypeSerializer.java:65)
	at org.eclipse.yasson@3.0.3/org.eclipse.yasson.internal.serializer.types.ObjectTypeSerializer.serializeValue(ObjectTypeSerializer.java:50)
	at org.eclipse.yasson@3.0.3/org.eclipse.yasson.internal.serializer.types.TypeSerializer$ValueSerializer.serialize(TypeSerializer.java:51)
	at org.eclipse.yasson@3.0.3/org.eclipse.yasson.internal.serializer.types.TypeSerializer.serialize(TypeSerializer.java:37)
	at org.eclipse.yasson@3.0.3/org.eclipse.yasson.internal.serializer.types.ObjectTypeSerializer.serialize(ObjectTypeSerializer.java:31)
	at org.eclipse.yasson@3.0.3/org.eclipse.yasson.internal.serializer.NullSerializer.serialize(NullSerializer.java:67)
	at org.eclipse.yasson@3.0.3/org.eclipse.yasson.internal.serializer.CollectionSerializer.lambda$serialize$0(CollectionSerializer.java:37)
	at java.base/java.util.ArrayList.forEach(ArrayList.java:1604)
	at org.eclipse.yasson@3.0.3/org.eclipse.yasson.internal.serializer.CollectionSerializer.serialize(CollectionSerializer.java:37)
	at org.eclipse.yasson@3.0.3/org.eclipse.yasson.internal.serializer.KeyWriter.serialize(KeyWriter.java:41)
	at org.eclipse.yasson@3.0.3/org.eclipse.yasson.internal.serializer.NullVisibilitySwitcher.serialize(NullVisibilitySwitcher.java:40)
	at org.eclipse.yasson@3.0.3/org.eclipse.yasson.internal.serializer.NullSerializer.serialize(NullSerializer.java:67)
	at org.eclipse.yasson@3.0.3/org.eclipse.yasson.internal.SerializationContextImpl.serializeObject(SerializationContextImpl.java:197)
	at org.eclipse.yasson@3.0.3/org.eclipse.yasson.internal.SerializationContextImpl.marshall(SerializationContextImpl.java:133)
	at org.eclipse.yasson@3.0.3/org.eclipse.yasson.internal.SerializationContextImpl.marshall(SerializationContextImpl.java:159)
	at org.eclipse.yasson@3.0.3/org.eclipse.yasson.internal.JsonBinding.toJson(JsonBinding.java:131)
	at hr.javafx.energycms/hr.javafx.energycms.repository.JsonRepository.writeListToFile(JsonRepository.java:148)
	at hr.javafx.energycms/hr.javafx.energycms.repository.JsonRepository.saveSmartDevice(JsonRepository.java:136)
	at hr.javafx.energycms/hr.javafx.energycms.controllers.AddSmartDeviceController.saveSmartDevice(AddSmartDeviceController.java:70)
	at java.base/jdk.internal.reflect.DirectMethodHandleAccessor.invoke(DirectMethodHandleAccessor.java:104)
	at java.base/java.lang.reflect.Method.invoke(Method.java:565)
	at com.sun.javafx.reflect.Trampoline.invoke(MethodUtil.java:72)
	at java.base/jdk.internal.reflect.DirectMethodHandleAccessor.invoke(DirectMethodHandleAccessor.java:104)
	at java.base/java.lang.reflect.Method.invoke(Method.java:565)
	at javafx.base@21.0.6/com.sun.javafx.reflect.MethodUtil.invoke(MethodUtil.java:270)
	at javafx.fxml@21.0.6/com.sun.javafx.fxml.MethodHelper.invoke(MethodHelper.java:84)
	at javafx.fxml@21.0.6/javafx.fxml.FXMLLoader$MethodHandler.invoke(FXMLLoader.java:1855)
	at javafx.fxml@21.0.6/javafx.fxml.FXMLLoader$ControllerMethodEventHandler.handle(FXMLLoader.java:1726)
	at javafx.base@21.0.6/com.sun.javafx.event.CompositeEventHandler.dispatchBubblingEvent(CompositeEventHandler.java:86)
	at javafx.base@21.0.6/com.sun.javafx.event.EventHandlerManager.dispatchBubblingEvent(EventHandlerManager.java:232)
	at javafx.base@21.0.6/com.sun.javafx.event.EventHandlerManager.dispatchBubblingEvent(EventHandlerManager.java:189)
	at javafx.base@21.0.6/com.sun.javafx.event.CompositeEventDispatcher.dispatchBubblingEvent(CompositeEventDispatcher.java:59)
	at javafx.base@21.0.6/com.sun.javafx.event.BasicEventDispatcher.dispatchEvent(BasicEventDispatcher.java:58)
	at javafx.base@21.0.6/com.sun.javafx.event.EventDispatchChainImpl.dispatchEvent(EventDispatchChainImpl.java:114)
	at javafx.base@21.0.6/com.sun.javafx.event.BasicEventDispatcher.dispatchEvent(BasicEventDispatcher.java:56)
	at javafx.base@21.0.6/com.sun.javafx.event.EventDispatchChainImpl.dispatchEvent(EventDispatchChainImpl.java:114)
	at javafx.base@21.0.6/com.sun.javafx.event.BasicEventDispatcher.dispatchEvent(BasicEventDispatcher.java:56)
	at javafx.base@21.0.6/com.sun.javafx.event.EventDispatchChainImpl.dispatchEvent(EventDispatchChainImpl.java:114)
	at javafx.base@21.0.6/com.sun.javafx.event.EventUtil.fireEventImpl(EventUtil.java:74)
	at javafx.base@21.0.6/com.sun.javafx.event.EventUtil.fireEvent(EventUtil.java:49)
	at javafx.base@21.0.6/javafx.event.Event.fireEvent(Event.java:198)
	at javafx.graphics@21.0.6/javafx.scene.Node.fireEvent(Node.java:8875)
	at javafx.controls@21.0.6/javafx.scene.control.Button.fire(Button.java:203)
	at javafx.controls@21.0.6/com.sun.javafx.scene.control.behavior.ButtonBehavior.mouseReleased(ButtonBehavior.java:207)
	at javafx.controls@21.0.6/com.sun.javafx.scene.control.inputmap.InputMap.handle(InputMap.java:274)
	at javafx.base@21.0.6/com.sun.javafx.event.CompositeEventHandler$NormalEventHandlerRecord.handleBubblingEvent(CompositeEventHandler.java:247)
	at javafx.base@21.0.6/com.sun.javafx.event.CompositeEventHandler.dispatchBubblingEvent(CompositeEventHandler.java:80)
	at javafx.base@21.0.6/com.sun.javafx.event.EventHandlerManager.dispatchBubblingEvent(EventHandlerManager.java:232)
	at javafx.base@21.0.6/com.sun.javafx.event.EventHandlerManager.dispatchBubblingEvent(EventHandlerManager.java:189)
	at javafx.base@21.0.6/com.sun.javafx.event.CompositeEventDispatcher.dispatchBubblingEvent(CompositeEventDispatcher.java:59)
	at javafx.base@21.0.6/com.sun.javafx.event.BasicEventDispatcher.dispatchEvent(BasicEventDispatcher.java:58)
	at javafx.base@21.0.6/com.sun.javafx.event.EventDispatchChainImpl.dispatchEvent(EventDispatchChainImpl.java:114)
	at javafx.base@21.0.6/com.sun.javafx.event.BasicEventDispatcher.dispatchEvent(BasicEventDispatcher.java:56)
	at javafx.base@21.0.6/com.sun.javafx.event.EventDispatchChainImpl.dispatchEvent(EventDispatchChainImpl.java:114)
	at javafx.base@21.0.6/com.sun.javafx.event.BasicEventDispatcher.dispatchEvent(BasicEventDispatcher.java:56)
	at javafx.base@21.0.6/com.sun.javafx.event.EventDispatchChainImpl.dispatchEvent(EventDispatchChainImpl.java:114)
	at javafx.base@21.0.6/com.sun.javafx.event.EventUtil.fireEventImpl(EventUtil.java:74)
	at javafx.base@21.0.6/com.sun.javafx.event.EventUtil.fireEvent(EventUtil.java:54)
	at javafx.base@21.0.6/javafx.event.Event.fireEvent(Event.java:198)
	at javafx.graphics@21.0.6/javafx.scene.Scene$MouseHandler.process(Scene.java:3984)
	at javafx.graphics@21.0.6/javafx.scene.Scene.processMouseEvent(Scene.java:1890)
	at javafx.graphics@21.0.6/javafx.scene.Scene$ScenePeerListener.mouseEvent(Scene.java:2708)
	at javafx.graphics@21.0.6/com.sun.javafx.tk.quantum.GlassViewEventHandler$MouseEventNotification.run(GlassViewEventHandler.java:411)
	at javafx.graphics@21.0.6/com.sun.javafx.tk.quantum.GlassViewEventHandler$MouseEventNotification.run(GlassViewEventHandler.java:301)
	at java.base/java.security.AccessController.doPrivileged(AccessController.java:138)
	at javafx.graphics@21.0.6/com.sun.javafx.tk.quantum.GlassViewEventHandler.lambda$handleMouseEvent$2(GlassViewEventHandler.java:450)
	at javafx.graphics@21.0.6/com.sun.javafx.tk.quantum.QuantumToolkit.runWithoutRenderLock(QuantumToolkit.java:424)
	at javafx.graphics@21.0.6/com.sun.javafx.tk.quantum.GlassViewEventHandler.handleMouseEvent(GlassViewEventHandler.java:449)
	at javafx.graphics@21.0.6/com.sun.glass.ui.View.handleMouseEvent(View.java:551)
	at javafx.graphics@21.0.6/com.sun.glass.ui.View.notifyMouse(View.java:937)
	at javafx.graphics@21.0.6/com.sun.glass.ui.win.WinApplication._runLoop(Native Method)
	at javafx.graphics@21.0.6/com.sun.glass.ui.win.WinApplication.lambda$runLoop$3(WinApplication.java:185)
	at java.base/java.lang.Thread.run(Thread.java:1474)
	Suppressed: jakarta.json.stream.JsonGenerationException: Generating incomplete JSON
		at org.eclipse.parsson@1.1.0/org.eclipse.parsson.JsonGeneratorImpl.close(JsonGeneratorImpl.java:519)
		at org.eclipse.parsson@1.1.0/org.eclipse.parsson.JsonPrettyGeneratorImpl.close(JsonPrettyGeneratorImpl.java:29)
		at org.eclipse.yasson@3.0.3/org.eclipse.yasson.internal.JsonBinding.toJson(JsonBinding.java:130)
		... 57 common frames omitted
2026-02-17 06:25:40.843 [JavaFX Application Thread] ERROR h.j.e.app.MainConsoleLauncher - Greška pri zapisivanju u: src\data\smartdevices.json
jakarta.json.bind.JsonbException: CHANGE naming conflict!
	at org.eclipse.yasson@3.0.3/org.eclipse.yasson.internal.serializer.SerializationModelCreator.addPolymorphismProperty(SerializationModelCreator.java:244)
	at org.eclipse.yasson@3.0.3/org.eclipse.yasson.internal.serializer.SerializationModelCreator.createObjectSerializer(SerializationModelCreator.java:208)
	at org.eclipse.yasson@3.0.3/org.eclipse.yasson.internal.serializer.SerializationModelCreator.serializerChainInternal(SerializationModelCreator.java:199)
	at org.eclipse.yasson@3.0.3/org.eclipse.yasson.internal.serializer.SerializationModelCreator.serializerChainRuntime(SerializationModelCreator.java:123)
	at org.eclipse.yasson@3.0.3/org.eclipse.yasson.internal.serializer.types.ObjectTypeSerializer.lambda$findSerializer$0(ObjectTypeSerializer.java:67)
	at java.base/java.util.concurrent.ConcurrentHashMap.computeIfAbsent(ConcurrentHashMap.java:1724)
	at org.eclipse.yasson@3.0.3/org.eclipse.yasson.internal.serializer.types.ObjectTypeSerializer.findSerializer(ObjectTypeSerializer.java:65)
	at org.eclipse.yasson@3.0.3/org.eclipse.yasson.internal.serializer.types.ObjectTypeSerializer.serializeValue(ObjectTypeSerializer.java:50)
	at org.eclipse.yasson@3.0.3/org.eclipse.yasson.internal.serializer.types.TypeSerializer$ValueSerializer.serialize(TypeSerializer.java:51)
	at org.eclipse.yasson@3.0.3/org.eclipse.yasson.internal.serializer.types.TypeSerializer.serialize(TypeSerializer.java:37)
	at org.eclipse.yasson@3.0.3/org.eclipse.yasson.internal.serializer.types.ObjectTypeSerializer.serialize(ObjectTypeSerializer.java:31)
	at org.eclipse.yasson@3.0.3/org.eclipse.yasson.internal.serializer.NullSerializer.serialize(NullSerializer.java:67)
	at org.eclipse.yasson@3.0.3/org.eclipse.yasson.internal.serializer.CollectionSerializer.lambda$serialize$0(CollectionSerializer.java:37)
	at java.base/java.util.ArrayList.forEach(ArrayList.java:1604)
	at org.eclipse.yasson@3.0.3/org.eclipse.yasson.internal.serializer.CollectionSerializer.serialize(CollectionSerializer.java:37)
	at org.eclipse.yasson@3.0.3/org.eclipse.yasson.internal.serializer.KeyWriter.serialize(KeyWriter.java:41)
	at org.eclipse.yasson@3.0.3/org.eclipse.yasson.internal.serializer.NullVisibilitySwitcher.serialize(NullVisibilitySwitcher.java:40)
	at org.eclipse.yasson@3.0.3/org.eclipse.yasson.internal.serializer.NullSerializer.serialize(NullSerializer.java:67)
	at org.eclipse.yasson@3.0.3/org.eclipse.yasson.internal.SerializationContextImpl.serializeObject(SerializationContextImpl.java:197)
	at org.eclipse.yasson@3.0.3/org.eclipse.yasson.internal.SerializationContextImpl.marshall(SerializationContextImpl.java:133)
	at org.eclipse.yasson@3.0.3/org.eclipse.yasson.internal.SerializationContextImpl.marshall(SerializationContextImpl.java:159)
	at org.eclipse.yasson@3.0.3/org.eclipse.yasson.internal.JsonBinding.toJson(JsonBinding.java:131)
	at hr.javafx.energycms/hr.javafx.energycms.repository.JsonRepository.writeListToFile(JsonRepository.java:148)
	at hr.javafx.energycms/hr.javafx.energycms.repository.JsonRepository.saveSmartDevice(JsonRepository.java:136)
	at hr.javafx.energycms/hr.javafx.energycms.controllers.AddSmartDeviceController.saveSmartDevice(AddSmartDeviceController.java:70)
	at java.base/jdk.internal.reflect.DirectMethodHandleAccessor.invoke(DirectMethodHandleAccessor.java:104)
	at java.base/java.lang.reflect.Method.invoke(Method.java:565)
	at com.sun.javafx.reflect.Trampoline.invoke(MethodUtil.java:72)
	at java.base/jdk.internal.reflect.DirectMethodHandleAccessor.invoke(DirectMethodHandleAccessor.java:104)
	at java.base/java.lang.reflect.Method.invoke(Method.java:565)
	at javafx.base@21.0.6/com.sun.javafx.reflect.MethodUtil.invoke(MethodUtil.java:270)
	at javafx.fxml@21.0.6/com.sun.javafx.fxml.MethodHelper.invoke(MethodHelper.java:84)
	at javafx.fxml@21.0.6/javafx.fxml.FXMLLoader$MethodHandler.invoke(FXMLLoader.java:1855)
	at javafx.fxml@21.0.6/javafx.fxml.FXMLLoader$ControllerMethodEventHandler.handle(FXMLLoader.java:1726)
	at javafx.base@21.0.6/com.sun.javafx.event.CompositeEventHandler.dispatchBubblingEvent(CompositeEventHandler.java:86)
	at javafx.base@21.0.6/com.sun.javafx.event.EventHandlerManager.dispatchBubblingEvent(EventHandlerManager.java:232)
	at javafx.base@21.0.6/com.sun.javafx.event.EventHandlerManager.dispatchBubblingEvent(EventHandlerManager.java:189)
	at javafx.base@21.0.6/com.sun.javafx.event.CompositeEventDispatcher.dispatchBubblingEvent(CompositeEventDispatcher.java:59)
	at javafx.base@21.0.6/com.sun.javafx.event.BasicEventDispatcher.dispatchEvent(BasicEventDispatcher.java:58)
	at javafx.base@21.0.6/com.sun.javafx.event.EventDispatchChainImpl.dispatchEvent(EventDispatchChainImpl.java:114)
	at javafx.base@21.0.6/com.sun.javafx.event.BasicEventDispatcher.dispatchEvent(BasicEventDispatcher.java:56)
	at javafx.base@21.0.6/com.sun.javafx.event.EventDispatchChainImpl.dispatchEvent(EventDispatchChainImpl.java:114)
	at javafx.base@21.0.6/com.sun.javafx.event.BasicEventDispatcher.dispatchEvent(BasicEventDispatcher.java:56)
	at javafx.base@21.0.6/com.sun.javafx.event.EventDispatchChainImpl.dispatchEvent(EventDispatchChainImpl.java:114)
	at javafx.base@21.0.6/com.sun.javafx.event.EventUtil.fireEventImpl(EventUtil.java:74)
	at javafx.base@21.0.6/com.sun.javafx.event.EventUtil.fireEvent(EventUtil.java:49)
	at javafx.base@21.0.6/javafx.event.Event.fireEvent(Event.java:198)
	at javafx.graphics@21.0.6/javafx.scene.Node.fireEvent(Node.java:8875)
	at javafx.controls@21.0.6/javafx.scene.control.Button.fire(Button.java:203)
	at javafx.controls@21.0.6/com.sun.javafx.scene.control.behavior.ButtonBehavior.mouseReleased(ButtonBehavior.java:207)
	at javafx.controls@21.0.6/com.sun.javafx.scene.control.inputmap.InputMap.handle(InputMap.java:274)
	at javafx.base@21.0.6/com.sun.javafx.event.CompositeEventHandler$NormalEventHandlerRecord.handleBubblingEvent(CompositeEventHandler.java:247)
	at javafx.base@21.0.6/com.sun.javafx.event.CompositeEventHandler.dispatchBubblingEvent(CompositeEventHandler.java:80)
	at javafx.base@21.0.6/com.sun.javafx.event.EventHandlerManager.dispatchBubblingEvent(EventHandlerManager.java:232)
	at javafx.base@21.0.6/com.sun.javafx.event.EventHandlerManager.dispatchBubblingEvent(EventHandlerManager.java:189)
	at javafx.base@21.0.6/com.sun.javafx.event.CompositeEventDispatcher.dispatchBubblingEvent(CompositeEventDispatcher.java:59)
	at javafx.base@21.0.6/com.sun.javafx.event.BasicEventDispatcher.dispatchEvent(BasicEventDispatcher.java:58)
	at javafx.base@21.0.6/com.sun.javafx.event.EventDispatchChainImpl.dispatchEvent(EventDispatchChainImpl.java:114)
	at javafx.base@21.0.6/com.sun.javafx.event.BasicEventDispatcher.dispatchEvent(BasicEventDispatcher.java:56)
	at javafx.base@21.0.6/com.sun.javafx.event.EventDispatchChainImpl.dispatchEvent(EventDispatchChainImpl.java:114)
	at javafx.base@21.0.6/com.sun.javafx.event.BasicEventDispatcher.dispatchEvent(BasicEventDispatcher.java:56)
	at javafx.base@21.0.6/com.sun.javafx.event.EventDispatchChainImpl.dispatchEvent(EventDispatchChainImpl.java:114)
	at javafx.base@21.0.6/com.sun.javafx.event.EventUtil.fireEventImpl(EventUtil.java:74)
	at javafx.base@21.0.6/com.sun.javafx.event.EventUtil.fireEvent(EventUtil.java:54)
	at javafx.base@21.0.6/javafx.event.Event.fireEvent(Event.java:198)
	at javafx.graphics@21.0.6/javafx.scene.Scene$MouseHandler.process(Scene.java:3984)
	at javafx.graphics@21.0.6/javafx.scene.Scene.processMouseEvent(Scene.java:1890)
	at javafx.graphics@21.0.6/javafx.scene.Scene$ScenePeerListener.mouseEvent(Scene.java:2708)
	at javafx.graphics@21.0.6/com.sun.javafx.tk.quantum.GlassViewEventHandler$MouseEventNotification.run(GlassViewEventHandler.java:411)
	at javafx.graphics@21.0.6/com.sun.javafx.tk.quantum.GlassViewEventHandler$MouseEventNotification.run(GlassViewEventHandler.java:301)
	at java.base/java.security.AccessController.doPrivileged(AccessController.java:138)
	at javafx.graphics@21.0.6/com.sun.javafx.tk.quantum.GlassViewEventHandler.lambda$handleMouseEvent$2(GlassViewEventHandler.java:450)
	at javafx.graphics@21.0.6/com.sun.javafx.tk.quantum.QuantumToolkit.runWithoutRenderLock(QuantumToolkit.java:424)
	at javafx.graphics@21.0.6/com.sun.javafx.tk.quantum.GlassViewEventHandler.handleMouseEvent(GlassViewEventHandler.java:449)
	at javafx.graphics@21.0.6/com.sun.glass.ui.View.handleMouseEvent(View.java:551)
	at javafx.graphics@21.0.6/com.sun.glass.ui.View.notifyMouse(View.java:937)
	at javafx.graphics@21.0.6/com.sun.glass.ui.win.WinApplication._runLoop(Native Method)
	at javafx.graphics@21.0.6/com.sun.glass.ui.win.WinApplication.lambda$runLoop$3(WinApplication.java:185)
	at java.base/java.lang.Thread.run(Thread.java:1474)
	Suppressed: jakarta.json.stream.JsonGenerationException: Generating incomplete JSON
		at org.eclipse.parsson@1.1.0/org.eclipse.parsson.JsonGeneratorImpl.close(JsonGeneratorImpl.java:519)
		at org.eclipse.parsson@1.1.0/org.eclipse.parsson.JsonPrettyGeneratorImpl.close(JsonPrettyGeneratorImpl.java:29)
		at org.eclipse.yasson@3.0.3/org.eclipse.yasson.internal.JsonBinding.toJson(JsonBinding.java:130)
		... 57 common frames omitted
2026-02-17 06:30:46.130 [JavaFX Application Thread] ERROR h.j.e.app.MainConsoleLauncher - Kritična greška pri spremanju smart uređaja!
jakarta.json.bind.JsonbException: CHANGE naming conflict!
	at org.eclipse.yasson@3.0.3/org.eclipse.yasson.internal.serializer.SerializationModelCreator.addPolymorphismProperty(SerializationModelCreator.java:244)
	at org.eclipse.yasson@3.0.3/org.eclipse.yasson.internal.serializer.SerializationModelCreator.createObjectSerializer(SerializationModelCreator.java:208)
	at org.eclipse.yasson@3.0.3/org.eclipse.yasson.internal.serializer.SerializationModelCreator.serializerChainInternal(SerializationModelCreator.java:199)
	at org.eclipse.yasson@3.0.3/org.eclipse.yasson.internal.serializer.SerializationModelCreator.serializerChainRuntime(SerializationModelCreator.java:123)
	at org.eclipse.yasson@3.0.3/org.eclipse.yasson.internal.serializer.types.ObjectTypeSerializer.lambda$findSerializer$0(ObjectTypeSerializer.java:67)
	at java.base/java.util.concurrent.ConcurrentHashMap.computeIfAbsent(ConcurrentHashMap.java:1724)
	at org.eclipse.yasson@3.0.3/org.eclipse.yasson.internal.serializer.types.ObjectTypeSerializer.findSerializer(ObjectTypeSerializer.java:65)
	at org.eclipse.yasson@3.0.3/org.eclipse.yasson.internal.serializer.types.ObjectTypeSerializer.serializeValue(ObjectTypeSerializer.java:50)
	at org.eclipse.yasson@3.0.3/org.eclipse.yasson.internal.serializer.types.TypeSerializer$ValueSerializer.serialize(TypeSerializer.java:51)
	at org.eclipse.yasson@3.0.3/org.eclipse.yasson.internal.serializer.types.TypeSerializer.serialize(TypeSerializer.java:37)
	at org.eclipse.yasson@3.0.3/org.eclipse.yasson.internal.serializer.types.ObjectTypeSerializer.serialize(ObjectTypeSerializer.java:31)
	at org.eclipse.yasson@3.0.3/org.eclipse.yasson.internal.serializer.NullSerializer.serialize(NullSerializer.java:67)
	at org.eclipse.yasson@3.0.3/org.eclipse.yasson.internal.serializer.CollectionSerializer.lambda$serialize$0(CollectionSerializer.java:37)
	at java.base/java.util.ArrayList.forEach(ArrayList.java:1604)
	at org.eclipse.yasson@3.0.3/org.eclipse.yasson.internal.serializer.CollectionSerializer.serialize(CollectionSerializer.java:37)
	at org.eclipse.yasson@3.0.3/org.eclipse.yasson.internal.serializer.KeyWriter.serialize(KeyWriter.java:41)
	at org.eclipse.yasson@3.0.3/org.eclipse.yasson.internal.serializer.NullVisibilitySwitcher.serialize(NullVisibilitySwitcher.java:40)
	at org.eclipse.yasson@3.0.3/org.eclipse.yasson.internal.serializer.NullSerializer.serialize(NullSerializer.java:67)
	at org.eclipse.yasson@3.0.3/org.eclipse.yasson.internal.SerializationContextImpl.serializeObject(SerializationContextImpl.java:197)
	at org.eclipse.yasson@3.0.3/org.eclipse.yasson.internal.SerializationContextImpl.marshall(SerializationContextImpl.java:133)
	at org.eclipse.yasson@3.0.3/org.eclipse.yasson.internal.SerializationContextImpl.marshall(SerializationContextImpl.java:159)
	at org.eclipse.yasson@3.0.3/org.eclipse.yasson.internal.JsonBinding.toJson(JsonBinding.java:131)
	at hr.javafx.energycms/hr.javafx.energycms.repository.JsonRepository.saveSmartDevice(JsonRepository.java:138)
	at hr.javafx.energycms/hr.javafx.energycms.controllers.AddSmartDeviceController.saveSmartDevice(AddSmartDeviceController.java:70)
	at java.base/jdk.internal.reflect.DirectMethodHandleAccessor.invoke(DirectMethodHandleAccessor.java:104)
	at java.base/java.lang.reflect.Method.invoke(Method.java:565)
	at com.sun.javafx.reflect.Trampoline.invoke(MethodUtil.java:72)
	at java.base/jdk.internal.reflect.DirectMethodHandleAccessor.invoke(DirectMethodHandleAccessor.java:104)
	at java.base/java.lang.reflect.Method.invoke(Method.java:565)
	at javafx.base@21.0.6/com.sun.javafx.reflect.MethodUtil.invoke(MethodUtil.java:270)
	at javafx.fxml@21.0.6/com.sun.javafx.fxml.MethodHelper.invoke(MethodHelper.java:84)
	at javafx.fxml@21.0.6/javafx.fxml.FXMLLoader$MethodHandler.invoke(FXMLLoader.java:1855)
	at javafx.fxml@21.0.6/javafx.fxml.FXMLLoader$ControllerMethodEventHandler.handle(FXMLLoader.java:1726)
	at javafx.base@21.0.6/com.sun.javafx.event.CompositeEventHandler.dispatchBubblingEvent(CompositeEventHandler.java:86)
	at javafx.base@21.0.6/com.sun.javafx.event.EventHandlerManager.dispatchBubblingEvent(EventHandlerManager.java:232)
	at javafx.base@21.0.6/com.sun.javafx.event.EventHandlerManager.dispatchBubblingEvent(EventHandlerManager.java:189)
	at javafx.base@21.0.6/com.sun.javafx.event.CompositeEventDispatcher.dispatchBubblingEvent(CompositeEventDispatcher.java:59)
	at javafx.base@21.0.6/com.sun.javafx.event.BasicEventDispatcher.dispatchEvent(BasicEventDispatcher.java:58)
	at javafx.base@21.0.6/com.sun.javafx.event.EventDispatchChainImpl.dispatchEvent(EventDispatchChainImpl.java:114)
	at javafx.base@21.0.6/com.sun.javafx.event.BasicEventDispatcher.dispatchEvent(BasicEventDispatcher.java:56)
	at javafx.base@21.0.6/com.sun.javafx.event.EventDispatchChainImpl.dispatchEvent(EventDispatchChainImpl.java:114)
	at javafx.base@21.0.6/com.sun.javafx.event.BasicEventDispatcher.dispatchEvent(BasicEventDispatcher.java:56)
	at javafx.base@21.0.6/com.sun.javafx.event.EventDispatchChainImpl.dispatchEvent(EventDispatchChainImpl.java:114)
	at javafx.base@21.0.6/com.sun.javafx.event.EventUtil.fireEventImpl(EventUtil.java:74)
	at javafx.base@21.0.6/com.sun.javafx.event.EventUtil.fireEvent(EventUtil.java:49)
	at javafx.base@21.0.6/javafx.event.Event.fireEvent(Event.java:198)
	at javafx.graphics@21.0.6/javafx.scene.Node.fireEvent(Node.java:8875)
	at javafx.controls@21.0.6/javafx.scene.control.Button.fire(Button.java:203)
	at javafx.controls@21.0.6/com.sun.javafx.scene.control.behavior.ButtonBehavior.mouseReleased(ButtonBehavior.java:207)
	at javafx.controls@21.0.6/com.sun.javafx.scene.control.inputmap.InputMap.handle(InputMap.java:274)
	at javafx.base@21.0.6/com.sun.javafx.event.CompositeEventHandler$NormalEventHandlerRecord.handleBubblingEvent(CompositeEventHandler.java:247)
	at javafx.base@21.0.6/com.sun.javafx.event.CompositeEventHandler.dispatchBubblingEvent(CompositeEventHandler.java:80)
	at javafx.base@21.0.6/com.sun.javafx.event.EventHandlerManager.dispatchBubblingEvent(EventHandlerManager.java:232)
	at javafx.base@21.0.6/com.sun.javafx.event.EventHandlerManager.dispatchBubblingEvent(EventHandlerManager.java:189)
	at javafx.base@21.0.6/com.sun.javafx.event.CompositeEventDispatcher.dispatchBubblingEvent(CompositeEventDispatcher.java:59)
	at javafx.base@21.0.6/com.sun.javafx.event.BasicEventDispatcher.dispatchEvent(BasicEventDispatcher.java:58)
	at javafx.base@21.0.6/com.sun.javafx.event.EventDispatchChainImpl.dispatchEvent(EventDispatchChainImpl.java:114)
	at javafx.base@21.0.6/com.sun.javafx.event.BasicEventDispatcher.dispatchEvent(BasicEventDispatcher.java:56)
	at javafx.base@21.0.6/com.sun.javafx.event.EventDispatchChainImpl.dispatchEvent(EventDispatchChainImpl.java:114)
	at javafx.base@21.0.6/com.sun.javafx.event.BasicEventDispatcher.dispatchEvent(BasicEventDispatcher.java:56)
	at javafx.base@21.0.6/com.sun.javafx.event.EventDispatchChainImpl.dispatchEvent(EventDispatchChainImpl.java:114)
	at javafx.base@21.0.6/com.sun.javafx.event.EventUtil.fireEventImpl(EventUtil.java:74)
	at javafx.base@21.0.6/com.sun.javafx.event.EventUtil.fireEvent(EventUtil.java:54)
	at javafx.base@21.0.6/javafx.event.Event.fireEvent(Event.java:198)
	at javafx.graphics@21.0.6/javafx.scene.Scene$MouseHandler.process(Scene.java:3984)
	at javafx.graphics@21.0.6/javafx.scene.Scene.processMouseEvent(Scene.java:1890)
	at javafx.graphics@21.0.6/javafx.scene.Scene$ScenePeerListener.mouseEvent(Scene.java:2708)
	at javafx.graphics@21.0.6/com.sun.javafx.tk.quantum.GlassViewEventHandler$MouseEventNotification.run(GlassViewEventHandler.java:411)
	at javafx.graphics@21.0.6/com.sun.javafx.tk.quantum.GlassViewEventHandler$MouseEventNotification.run(GlassViewEventHandler.java:301)
	at java.base/java.security.AccessController.doPrivileged(AccessController.java:138)
	at javafx.graphics@21.0.6/com.sun.javafx.tk.quantum.GlassViewEventHandler.lambda$handleMouseEvent$2(GlassViewEventHandler.java:450)
	at javafx.graphics@21.0.6/com.sun.javafx.tk.quantum.QuantumToolkit.runWithoutRenderLock(QuantumToolkit.java:424)
	at javafx.graphics@21.0.6/com.sun.javafx.tk.quantum.GlassViewEventHandler.handleMouseEvent(GlassViewEventHandler.java:449)
	at javafx.graphics@21.0.6/com.sun.glass.ui.View.handleMouseEvent(View.java:551)
	at javafx.graphics@21.0.6/com.sun.glass.ui.View.notifyMouse(View.java:937)
	at javafx.graphics@21.0.6/com.sun.glass.ui.win.WinApplication._runLoop(Native Method)
	at javafx.graphics@21.0.6/com.sun.glass.ui.win.WinApplication.lambda$runLoop$3(WinApplication.java:185)
	at java.base/java.lang.Thread.run(Thread.java:1474)
	Suppressed: jakarta.json.stream.JsonGenerationException: Generating incomplete JSON
		at org.eclipse.parsson@1.1.0/org.eclipse.parsson.JsonGeneratorImpl.close(JsonGeneratorImpl.java:519)
		at org.eclipse.parsson@1.1.0/org.eclipse.parsson.JsonPrettyGeneratorImpl.close(JsonPrettyGeneratorImpl.java:29)
		at org.eclipse.yasson@3.0.3/org.eclipse.yasson.internal.JsonBinding.toJson(JsonBinding.java:130)
		... 56 common frames omitted
2026-02-17 06:36:36.993 [JavaFX Application Thread] ERROR h.j.e.app.MainConsoleLauncher - Kritična greška pri spremanju smart uređaja!
jakarta.json.bind.JsonbException: CHANGE naming conflict!
	at org.eclipse.yasson@3.0.3/org.eclipse.yasson.internal.serializer.SerializationModelCreator.addPolymorphismProperty(SerializationModelCreator.java:244)
	at org.eclipse.yasson@3.0.3/org.eclipse.yasson.internal.serializer.SerializationModelCreator.createObjectSerializer(SerializationModelCreator.java:208)
	at org.eclipse.yasson@3.0.3/org.eclipse.yasson.internal.serializer.SerializationModelCreator.serializerChainInternal(SerializationModelCreator.java:199)
	at org.eclipse.yasson@3.0.3/org.eclipse.yasson.internal.serializer.SerializationModelCreator.serializerChainRuntime(SerializationModelCreator.java:123)
	at org.eclipse.yasson@3.0.3/org.eclipse.yasson.internal.serializer.types.ObjectTypeSerializer.lambda$findSerializer$0(ObjectTypeSerializer.java:67)
	at java.base/java.util.concurrent.ConcurrentHashMap.computeIfAbsent(ConcurrentHashMap.java:1724)
	at org.eclipse.yasson@3.0.3/org.eclipse.yasson.internal.serializer.types.ObjectTypeSerializer.findSerializer(ObjectTypeSerializer.java:65)
	at org.eclipse.yasson@3.0.3/org.eclipse.yasson.internal.serializer.types.ObjectTypeSerializer.serializeValue(ObjectTypeSerializer.java:50)
	at org.eclipse.yasson@3.0.3/org.eclipse.yasson.internal.serializer.types.TypeSerializer$ValueSerializer.serialize(TypeSerializer.java:51)
	at org.eclipse.yasson@3.0.3/org.eclipse.yasson.internal.serializer.types.TypeSerializer.serialize(TypeSerializer.java:37)
	at org.eclipse.yasson@3.0.3/org.eclipse.yasson.internal.serializer.types.ObjectTypeSerializer.serialize(ObjectTypeSerializer.java:31)
	at org.eclipse.yasson@3.0.3/org.eclipse.yasson.internal.serializer.NullSerializer.serialize(NullSerializer.java:67)
	at org.eclipse.yasson@3.0.3/org.eclipse.yasson.internal.serializer.CollectionSerializer.lambda$serialize$0(CollectionSerializer.java:37)
	at java.base/java.util.ArrayList.forEach(ArrayList.java:1604)
	at org.eclipse.yasson@3.0.3/org.eclipse.yasson.internal.serializer.CollectionSerializer.serialize(CollectionSerializer.java:37)
	at org.eclipse.yasson@3.0.3/org.eclipse.yasson.internal.serializer.KeyWriter.serialize(KeyWriter.java:41)
	at org.eclipse.yasson@3.0.3/org.eclipse.yasson.internal.serializer.NullVisibilitySwitcher.serialize(NullVisibilitySwitcher.java:40)
	at org.eclipse.yasson@3.0.3/org.eclipse.yasson.internal.serializer.NullSerializer.serialize(NullSerializer.java:67)
	at org.eclipse.yasson@3.0.3/org.eclipse.yasson.internal.SerializationContextImpl.serializeObject(SerializationContextImpl.java:197)
	at org.eclipse.yasson@3.0.3/org.eclipse.yasson.internal.SerializationContextImpl.marshall(SerializationContextImpl.java:133)
	at org.eclipse.yasson@3.0.3/org.eclipse.yasson.internal.SerializationContextImpl.marshall(SerializationContextImpl.java:159)
	at org.eclipse.yasson@3.0.3/org.eclipse.yasson.internal.JsonBinding.toJson(JsonBinding.java:131)
	at hr.javafx.energycms/hr.javafx.energycms.repository.JsonRepository.saveSmartDevice(JsonRepository.java:138)
	at hr.javafx.energycms/hr.javafx.energycms.controllers.AddSmartDeviceController.saveSmartDevice(AddSmartDeviceController.java:70)
	at java.base/jdk.internal.reflect.DirectMethodHandleAccessor.invoke(DirectMethodHandleAccessor.java:104)
	at java.base/java.lang.reflect.Method.invoke(Method.java:565)
	at com.sun.javafx.reflect.Trampoline.invoke(MethodUtil.java:72)
	at java.base/jdk.internal.reflect.DirectMethodHandleAccessor.invoke(DirectMethodHandleAccessor.java:104)
	at java.base/java.lang.reflect.Method.invoke(Method.java:565)
	at javafx.base@21.0.6/com.sun.javafx.reflect.MethodUtil.invoke(MethodUtil.java:270)
	at javafx.fxml@21.0.6/com.sun.javafx.fxml.MethodHelper.invoke(MethodHelper.java:84)
	at javafx.fxml@21.0.6/javafx.fxml.FXMLLoader$MethodHandler.invoke(FXMLLoader.java:1855)
	at javafx.fxml@21.0.6/javafx.fxml.FXMLLoader$ControllerMethodEventHandler.handle(FXMLLoader.java:1726)
	at javafx.base@21.0.6/com.sun.javafx.event.CompositeEventHandler.dispatchBubblingEvent(CompositeEventHandler.java:86)
	at javafx.base@21.0.6/com.sun.javafx.event.EventHandlerManager.dispatchBubblingEvent(EventHandlerManager.java:232)
	at javafx.base@21.0.6/com.sun.javafx.event.EventHandlerManager.dispatchBubblingEvent(EventHandlerManager.java:189)
	at javafx.base@21.0.6/com.sun.javafx.event.CompositeEventDispatcher.dispatchBubblingEvent(CompositeEventDispatcher.java:59)
	at javafx.base@21.0.6/com.sun.javafx.event.BasicEventDispatcher.dispatchEvent(BasicEventDispatcher.java:58)
	at javafx.base@21.0.6/com.sun.javafx.event.EventDispatchChainImpl.dispatchEvent(EventDispatchChainImpl.java:114)
	at javafx.base@21.0.6/com.sun.javafx.event.BasicEventDispatcher.dispatchEvent(BasicEventDispatcher.java:56)
	at javafx.base@21.0.6/com.sun.javafx.event.EventDispatchChainImpl.dispatchEvent(EventDispatchChainImpl.java:114)
	at javafx.base@21.0.6/com.sun.javafx.event.BasicEventDispatcher.dispatchEvent(BasicEventDispatcher.java:56)
	at javafx.base@21.0.6/com.sun.javafx.event.EventDispatchChainImpl.dispatchEvent(EventDispatchChainImpl.java:114)
	at javafx.base@21.0.6/com.sun.javafx.event.EventUtil.fireEventImpl(EventUtil.java:74)
	at javafx.base@21.0.6/com.sun.javafx.event.EventUtil.fireEvent(EventUtil.java:49)
	at javafx.base@21.0.6/javafx.event.Event.fireEvent(Event.java:198)
	at javafx.graphics@21.0.6/javafx.scene.Node.fireEvent(Node.java:8875)
	at javafx.controls@21.0.6/javafx.scene.control.Button.fire(Button.java:203)
	at javafx.controls@21.0.6/com.sun.javafx.scene.control.behavior.ButtonBehavior.mouseReleased(ButtonBehavior.java:207)
	at javafx.controls@21.0.6/com.sun.javafx.scene.control.inputmap.InputMap.handle(InputMap.java:274)
	at javafx.base@21.0.6/com.sun.javafx.event.CompositeEventHandler$NormalEventHandlerRecord.handleBubblingEvent(CompositeEventHandler.java:247)
	at javafx.base@21.0.6/com.sun.javafx.event.CompositeEventHandler.dispatchBubblingEvent(CompositeEventHandler.java:80)
	at javafx.base@21.0.6/com.sun.javafx.event.EventHandlerManager.dispatchBubblingEvent(EventHandlerManager.java:232)
	at javafx.base@21.0.6/com.sun.javafx.event.EventHandlerManager.dispatchBubblingEvent(EventHandlerManager.java:189)
	at javafx.base@21.0.6/com.sun.javafx.event.CompositeEventDispatcher.dispatchBubblingEvent(CompositeEventDispatcher.java:59)
	at javafx.base@21.0.6/com.sun.javafx.event.BasicEventDispatcher.dispatchEvent(BasicEventDispatcher.java:58)
	at javafx.base@21.0.6/com.sun.javafx.event.EventDispatchChainImpl.dispatchEvent(EventDispatchChainImpl.java:114)
	at javafx.base@21.0.6/com.sun.javafx.event.BasicEventDispatcher.dispatchEvent(BasicEventDispatcher.java:56)
	at javafx.base@21.0.6/com.sun.javafx.event.EventDispatchChainImpl.dispatchEvent(EventDispatchChainImpl.java:114)
	at javafx.base@21.0.6/com.sun.javafx.event.BasicEventDispatcher.dispatchEvent(BasicEventDispatcher.java:56)
	at javafx.base@21.0.6/com.sun.javafx.event.EventDispatchChainImpl.dispatchEvent(EventDispatchChainImpl.java:114)
	at javafx.base@21.0.6/com.sun.javafx.event.EventUtil.fireEventImpl(EventUtil.java:74)
	at javafx.base@21.0.6/com.sun.javafx.event.EventUtil.fireEvent(EventUtil.java:54)
	at javafx.base@21.0.6/javafx.event.Event.fireEvent(Event.java:198)
	at javafx.graphics@21.0.6/javafx.scene.Scene$MouseHandler.process(Scene.java:3984)
	at javafx.graphics@21.0.6/javafx.scene.Scene.processMouseEvent(Scene.java:1890)
	at javafx.graphics@21.0.6/javafx.scene.Scene$ScenePeerListener.mouseEvent(Scene.java:2708)
	at javafx.graphics@21.0.6/com.sun.javafx.tk.quantum.GlassViewEventHandler$MouseEventNotification.run(GlassViewEventHandler.java:411)
	at javafx.graphics@21.0.6/com.sun.javafx.tk.quantum.GlassViewEventHandler$MouseEventNotification.run(GlassViewEventHandler.java:301)
	at java.base/java.security.AccessController.doPrivileged(AccessController.java:138)
	at javafx.graphics@21.0.6/com.sun.javafx.tk.quantum.GlassViewEventHandler.lambda$handleMouseEvent$2(GlassViewEventHandler.java:450)
	at javafx.graphics@21.0.6/com.sun.javafx.tk.quantum.QuantumToolkit.runWithoutRenderLock(QuantumToolkit.java:424)
	at javafx.graphics@21.0.6/com.sun.javafx.tk.quantum.GlassViewEventHandler.handleMouseEvent(GlassViewEventHandler.java:449)
	at javafx.graphics@21.0.6/com.sun.glass.ui.View.handleMouseEvent(View.java:551)
	at javafx.graphics@21.0.6/com.sun.glass.ui.View.notifyMouse(View.java:937)
	at javafx.graphics@21.0.6/com.sun.glass.ui.win.WinApplication._runLoop(Native Method)
	at javafx.graphics@21.0.6/com.sun.glass.ui.win.WinApplication.lambda$runLoop$3(WinApplication.java:185)
	at java.base/java.lang.Thread.run(Thread.java:1474)
	Suppressed: jakarta.json.stream.JsonGenerationException: Generating incomplete JSON
		at org.eclipse.parsson@1.1.0/org.eclipse.parsson.JsonGeneratorImpl.close(JsonGeneratorImpl.java:519)
		at org.eclipse.parsson@1.1.0/org.eclipse.parsson.JsonPrettyGeneratorImpl.close(JsonPrettyGeneratorImpl.java:29)
		at org.eclipse.yasson@3.0.3/org.eclipse.yasson.internal.JsonBinding.toJson(JsonBinding.java:130)
		... 56 common frames omitted
2026-02-17 08:41:58.403 [JavaFX Application Thread] ERROR h.j.e.app.MainConsoleLauncher - Greška prilikom učitavanja add-new-measurements.fxml
javafx.fxml.LoadException: 
/C:/Users/dinov/Desktop/Java%202025/Projekt%202/EnergyCMS/target/classes/hr/javafx/energycms/add-new-measurement.fxml

	at javafx.fxml@21.0.6/javafx.fxml.FXMLLoader.constructLoadException(FXMLLoader.java:2722)
	at javafx.fxml@21.0.6/javafx.fxml.FXMLLoader.loadImpl(FXMLLoader.java:2692)
	at javafx.fxml@21.0.6/javafx.fxml.FXMLLoader.loadImpl(FXMLLoader.java:2563)
	at javafx.fxml@21.0.6/javafx.fxml.FXMLLoader.load(FXMLLoader.java:2531)
	at hr.javafx.energycms/hr.javafx.energycms.controllers.MenuController.showAddNewMeasurement(MenuController.java:37)
	at java.base/jdk.internal.reflect.DirectMethodHandleAccessor.invoke(DirectMethodHandleAccessor.java:104)
	at java.base/java.lang.reflect.Method.invoke(Method.java:565)
	at com.sun.javafx.reflect.Trampoline.invoke(MethodUtil.java:72)
	at java.base/jdk.internal.reflect.DirectMethodHandleAccessor.invoke(DirectMethodHandleAccessor.java:104)
	at java.base/java.lang.reflect.Method.invoke(Method.java:565)
	at javafx.base@21.0.6/com.sun.javafx.reflect.MethodUtil.invoke(MethodUtil.java:270)
	at javafx.fxml@21.0.6/com.sun.javafx.fxml.MethodHelper.invoke(MethodHelper.java:84)
	at javafx.fxml@21.0.6/javafx.fxml.FXMLLoader$MethodHandler.invoke(FXMLLoader.java:1855)
	at javafx.fxml@21.0.6/javafx.fxml.FXMLLoader$ControllerMethodEventHandler.handle(FXMLLoader.java:1726)
	at javafx.base@21.0.6/com.sun.javafx.event.CompositeEventHandler.dispatchBubblingEvent(CompositeEventHandler.java:86)
	at javafx.base@21.0.6/com.sun.javafx.event.EventHandlerManager.dispatchBubblingEvent(EventHandlerManager.java:232)
	at javafx.base@21.0.6/com.sun.javafx.event.EventHandlerManager.dispatchBubblingEvent(EventHandlerManager.java:189)
	at javafx.base@21.0.6/com.sun.javafx.event.BasicEventDispatcher.dispatchEvent(BasicEventDispatcher.java:58)
	at javafx.base@21.0.6/com.sun.javafx.event.EventDispatchChainImpl.dispatchEvent(EventDispatchChainImpl.java:114)
	at javafx.base@21.0.6/com.sun.javafx.event.EventUtil.fireEventImpl(EventUtil.java:74)
	at javafx.base@21.0.6/com.sun.javafx.event.EventUtil.fireEvent(EventUtil.java:49)
	at javafx.base@21.0.6/javafx.event.Event.fireEvent(Event.java:198)
	at javafx.controls@21.0.6/javafx.scene.control.MenuItem.fire(MenuItem.java:459)
	at javafx.controls@21.0.6/com.sun.javafx.scene.control.ContextMenuContent$MenuItemContainer.doSelect(ContextMenuContent.java:1415)
	at javafx.controls@21.0.6/com.sun.javafx.scene.control.ContextMenuContent$MenuItemContainer.lambda$createChildren$12(ContextMenuContent.java:1368)
	at javafx.base@21.0.6/com.sun.javafx.event.CompositeEventHandler$NormalEventHandlerRecord.handleBubblingEvent(CompositeEventHandler.java:247)
	at javafx.base@21.0.6/com.sun.javafx.event.CompositeEventHandler.dispatchBubblingEvent(CompositeEventHandler.java:80)
	at javafx.base@21.0.6/com.sun.javafx.event.EventHandlerManager.dispatchBubblingEvent(EventHandlerManager.java:232)
	at javafx.base@21.0.6/com.sun.javafx.event.EventHandlerManager.dispatchBubblingEvent(EventHandlerManager.java:189)
	at javafx.base@21.0.6/com.sun.javafx.event.CompositeEventDispatcher.dispatchBubblingEvent(CompositeEventDispatcher.java:59)
	at javafx.base@21.0.6/com.sun.javafx.event.BasicEventDispatcher.dispatchEvent(BasicEventDispatcher.java:58)
	at javafx.base@21.0.6/com.sun.javafx.event.EventDispatchChainImpl.dispatchEvent(EventDispatchChainImpl.java:114)
	at javafx.base@21.0.6/com.sun.javafx.event.BasicEventDispatcher.dispatchEvent(BasicEventDispatcher.java:56)
	at javafx.base@21.0.6/com.sun.javafx.event.EventDispatchChainImpl.dispatchEvent(EventDispatchChainImpl.java:114)
	at javafx.base@21.0.6/com.sun.javafx.event.BasicEventDispatcher.dispatchEvent(BasicEventDispatcher.java:56)
	at javafx.base@21.0.6/com.sun.javafx.event.EventDispatchChainImpl.dispatchEvent(EventDispatchChainImpl.java:114)
	at javafx.base@21.0.6/com.sun.javafx.event.BasicEventDispatcher.dispatchEvent(BasicEventDispatcher.java:56)
	at javafx.base@21.0.6/com.sun.javafx.event.EventDispatchChainImpl.dispatchEvent(EventDispatchChainImpl.java:114)
	at javafx.base@21.0.6/com.sun.javafx.event.EventUtil.fireEventImpl(EventUtil.java:74)
	at javafx.base@21.0.6/com.sun.javafx.event.EventUtil.fireEvent(EventUtil.java:54)
	at javafx.base@21.0.6/javafx.event.Event.fireEvent(Event.java:198)
	at javafx.graphics@21.0.6/javafx.scene.Scene$MouseHandler.process(Scene.java:3984)
	at javafx.graphics@21.0.6/javafx.scene.Scene.processMouseEvent(Scene.java:1890)
	at javafx.graphics@21.0.6/javafx.scene.Scene$ScenePeerListener.mouseEvent(Scene.java:2708)
	at javafx.graphics@21.0.6/com.sun.javafx.tk.quantum.GlassViewEventHandler$MouseEventNotification.run(GlassViewEventHandler.java:411)
	at javafx.graphics@21.0.6/com.sun.javafx.tk.quantum.GlassViewEventHandler$MouseEventNotification.run(GlassViewEventHandler.java:301)
	at java.base/java.security.AccessController.doPrivileged(AccessController.java:138)
	at javafx.graphics@21.0.6/com.sun.javafx.tk.quantum.GlassViewEventHandler.lambda$handleMouseEvent$2(GlassViewEventHandler.java:450)
	at javafx.graphics@21.0.6/com.sun.javafx.tk.quantum.QuantumToolkit.runWithoutRenderLock(QuantumToolkit.java:424)
	at javafx.graphics@21.0.6/com.sun.javafx.tk.quantum.GlassViewEventHandler.handleMouseEvent(GlassViewEventHandler.java:449)
	at javafx.graphics@21.0.6/com.sun.glass.ui.View.handleMouseEvent(View.java:551)
	at javafx.graphics@21.0.6/com.sun.glass.ui.View.notifyMouse(View.java:937)
	at javafx.graphics@21.0.6/com.sun.glass.ui.win.WinApplication._runLoop(Native Method)
	at javafx.graphics@21.0.6/com.sun.glass.ui.win.WinApplication.lambda$runLoop$3(WinApplication.java:185)
	at java.base/java.lang.Thread.run(Thread.java:1474)
Caused by: java.lang.reflect.InvocationTargetException: null
	at java.base/jdk.internal.reflect.DirectMethodHandleAccessor.invoke(DirectMethodHandleAccessor.java:116)
	at java.base/java.lang.reflect.Method.invoke(Method.java:565)
	at com.sun.javafx.reflect.Trampoline.invoke(MethodUtil.java:72)
	at java.base/jdk.internal.reflect.DirectMethodHandleAccessor.invoke(DirectMethodHandleAccessor.java:104)
	at java.base/java.lang.reflect.Method.invoke(Method.java:565)
	at javafx.base@21.0.6/com.sun.javafx.reflect.MethodUtil.invoke(MethodUtil.java:270)
	at javafx.fxml@21.0.6/com.sun.javafx.fxml.MethodHelper.invoke(MethodHelper.java:84)
	at javafx.fxml@21.0.6/javafx.fxml.FXMLLoader.loadImpl(FXMLLoader.java:2688)
	... 53 common frames omitted
Caused by: java.lang.NullPointerException: Cannot invoke "javafx.scene.control.ComboBox.getItems()" because "this.userComboBox" is null
	at hr.javafx.energycms/hr.javafx.energycms.controllers.AddNewMeasurementsController.initialize(AddNewMeasurementsController.java:38)
	at java.base/jdk.internal.reflect.DirectMethodHandleAccessor.invoke(DirectMethodHandleAccessor.java:104)
	... 60 common frames omitted
2026-02-17 08:42:54.967 [JavaFX Application Thread] ERROR h.j.e.app.MainConsoleLauncher - Greška prilikom učitavanja add-new-measurements.fxml
javafx.fxml.LoadException: 
/C:/Users/dinov/Desktop/Java%202025/Projekt%202/EnergyCMS/target/classes/hr/javafx/energycms/add-new-measurement.fxml

	at javafx.fxml@21.0.6/javafx.fxml.FXMLLoader.constructLoadException(FXMLLoader.java:2722)
	at javafx.fxml@21.0.6/javafx.fxml.FXMLLoader.loadImpl(FXMLLoader.java:2692)
	at javafx.fxml@21.0.6/javafx.fxml.FXMLLoader.loadImpl(FXMLLoader.java:2563)
	at javafx.fxml@21.0.6/javafx.fxml.FXMLLoader.load(FXMLLoader.java:2531)
	at hr.javafx.energycms/hr.javafx.energycms.controllers.MenuController.showAddNewMeasurement(MenuController.java:37)
	at java.base/jdk.internal.reflect.DirectMethodHandleAccessor.invoke(DirectMethodHandleAccessor.java:104)
	at java.base/java.lang.reflect.Method.invoke(Method.java:565)
	at com.sun.javafx.reflect.Trampoline.invoke(MethodUtil.java:72)
	at java.base/jdk.internal.reflect.DirectMethodHandleAccessor.invoke(DirectMethodHandleAccessor.java:104)
	at java.base/java.lang.reflect.Method.invoke(Method.java:565)
	at javafx.base@21.0.6/com.sun.javafx.reflect.MethodUtil.invoke(MethodUtil.java:270)
	at javafx.fxml@21.0.6/com.sun.javafx.fxml.MethodHelper.invoke(MethodHelper.java:84)
	at javafx.fxml@21.0.6/javafx.fxml.FXMLLoader$MethodHandler.invoke(FXMLLoader.java:1855)
	at javafx.fxml@21.0.6/javafx.fxml.FXMLLoader$ControllerMethodEventHandler.handle(FXMLLoader.java:1726)
	at javafx.base@21.0.6/com.sun.javafx.event.CompositeEventHandler.dispatchBubblingEvent(CompositeEventHandler.java:86)
	at javafx.base@21.0.6/com.sun.javafx.event.EventHandlerManager.dispatchBubblingEvent(EventHandlerManager.java:232)
	at javafx.base@21.0.6/com.sun.javafx.event.EventHandlerManager.dispatchBubblingEvent(EventHandlerManager.java:189)
	at javafx.base@21.0.6/com.sun.javafx.event.BasicEventDispatcher.dispatchEvent(BasicEventDispatcher.java:58)
	at javafx.base@21.0.6/com.sun.javafx.event.EventDispatchChainImpl.dispatchEvent(EventDispatchChainImpl.java:114)
	at javafx.base@21.0.6/com.sun.javafx.event.EventUtil.fireEventImpl(EventUtil.java:74)
	at javafx.base@21.0.6/com.sun.javafx.event.EventUtil.fireEvent(EventUtil.java:49)
	at javafx.base@21.0.6/javafx.event.Event.fireEvent(Event.java:198)
	at javafx.controls@21.0.6/javafx.scene.control.MenuItem.fire(MenuItem.java:459)
	at javafx.controls@21.0.6/com.sun.javafx.scene.control.ContextMenuContent$MenuItemContainer.doSelect(ContextMenuContent.java:1415)
	at javafx.controls@21.0.6/com.sun.javafx.scene.control.ContextMenuContent$MenuItemContainer.lambda$createChildren$12(ContextMenuContent.java:1368)
	at javafx.base@21.0.6/com.sun.javafx.event.CompositeEventHandler$NormalEventHandlerRecord.handleBubblingEvent(CompositeEventHandler.java:247)
	at javafx.base@21.0.6/com.sun.javafx.event.CompositeEventHandler.dispatchBubblingEvent(CompositeEventHandler.java:80)
	at javafx.base@21.0.6/com.sun.javafx.event.EventHandlerManager.dispatchBubblingEvent(EventHandlerManager.java:232)
	at javafx.base@21.0.6/com.sun.javafx.event.EventHandlerManager.dispatchBubblingEvent(EventHandlerManager.java:189)
	at javafx.base@21.0.6/com.sun.javafx.event.CompositeEventDispatcher.dispatchBubblingEvent(CompositeEventDispatcher.java:59)
	at javafx.base@21.0.6/com.sun.javafx.event.BasicEventDispatcher.dispatchEvent(BasicEventDispatcher.java:58)
	at javafx.base@21.0.6/com.sun.javafx.event.EventDispatchChainImpl.dispatchEvent(EventDispatchChainImpl.java:114)
	at javafx.base@21.0.6/com.sun.javafx.event.BasicEventDispatcher.dispatchEvent(BasicEventDispatcher.java:56)
	at javafx.base@21.0.6/com.sun.javafx.event.EventDispatchChainImpl.dispatchEvent(EventDispatchChainImpl.java:114)
	at javafx.base@21.0.6/com.sun.javafx.event.BasicEventDispatcher.dispatchEvent(BasicEventDispatcher.java:56)
	at javafx.base@21.0.6/com.sun.javafx.event.EventDispatchChainImpl.dispatchEvent(EventDispatchChainImpl.java:114)
	at javafx.base@21.0.6/com.sun.javafx.event.BasicEventDispatcher.dispatchEvent(BasicEventDispatcher.java:56)
	at javafx.base@21.0.6/com.sun.javafx.event.EventDispatchChainImpl.dispatchEvent(EventDispatchChainImpl.java:114)
	at javafx.base@21.0.6/com.sun.javafx.event.EventUtil.fireEventImpl(EventUtil.java:74)
	at javafx.base@21.0.6/com.sun.javafx.event.EventUtil.fireEvent(EventUtil.java:54)
	at javafx.base@21.0.6/javafx.event.Event.fireEvent(Event.java:198)
	at javafx.graphics@21.0.6/javafx.scene.Scene$MouseHandler.process(Scene.java:3984)
	at javafx.graphics@21.0.6/javafx.scene.Scene.processMouseEvent(Scene.java:1890)
	at javafx.graphics@21.0.6/javafx.scene.Scene$ScenePeerListener.mouseEvent(Scene.java:2708)
	at javafx.graphics@21.0.6/com.sun.javafx.tk.quantum.GlassViewEventHandler$MouseEventNotification.run(GlassViewEventHandler.java:411)
	at javafx.graphics@21.0.6/com.sun.javafx.tk.quantum.GlassViewEventHandler$MouseEventNotification.run(GlassViewEventHandler.java:301)
	at java.base/java.security.AccessController.doPrivileged(AccessController.java:138)
	at javafx.graphics@21.0.6/com.sun.javafx.tk.quantum.GlassViewEventHandler.lambda$handleMouseEvent$2(GlassViewEventHandler.java:450)
	at javafx.graphics@21.0.6/com.sun.javafx.tk.quantum.QuantumToolkit.runWithoutRenderLock(QuantumToolkit.java:424)
	at javafx.graphics@21.0.6/com.sun.javafx.tk.quantum.GlassViewEventHandler.handleMouseEvent(GlassViewEventHandler.java:449)
	at javafx.graphics@21.0.6/com.sun.glass.ui.View.handleMouseEvent(View.java:551)
	at javafx.graphics@21.0.6/com.sun.glass.ui.View.notifyMouse(View.java:937)
	at javafx.graphics@21.0.6/com.sun.glass.ui.win.WinApplication._runLoop(Native Method)
	at javafx.graphics@21.0.6/com.sun.glass.ui.win.WinApplication.lambda$runLoop$3(WinApplication.java:185)
	at java.base/java.lang.Thread.run(Thread.java:1474)
Caused by: java.lang.reflect.InvocationTargetException: null
	at java.base/jdk.internal.reflect.DirectMethodHandleAccessor.invoke(DirectMethodHandleAccessor.java:116)
	at java.base/java.lang.reflect.Method.invoke(Method.java:565)
	at com.sun.javafx.reflect.Trampoline.invoke(MethodUtil.java:72)
	at java.base/jdk.internal.reflect.DirectMethodHandleAccessor.invoke(DirectMethodHandleAccessor.java:104)
	at java.base/java.lang.reflect.Method.invoke(Method.java:565)
	at javafx.base@21.0.6/com.sun.javafx.reflect.MethodUtil.invoke(MethodUtil.java:270)
	at javafx.fxml@21.0.6/com.sun.javafx.fxml.MethodHelper.invoke(MethodHelper.java:84)
	at javafx.fxml@21.0.6/javafx.fxml.FXMLLoader.loadImpl(FXMLLoader.java:2688)
	... 53 common frames omitted
Caused by: java.lang.NullPointerException: Cannot invoke "javafx.scene.control.ComboBox.getItems()" because "this.userComboBox" is null
	at hr.javafx.energycms/hr.javafx.energycms.controllers.AddNewMeasurementsController.initialize(AddNewMeasurementsController.java:38)
	at java.base/jdk.internal.reflect.DirectMethodHandleAccessor.invoke(DirectMethodHandleAccessor.java:104)
	... 60 common frames omitted
2026-02-17 23:13:57.934 [JavaFX Application Thread] ERROR h.j.e.app.MainConsoleLauncher - Greška prilikom učitavanja users-list.fxml
javafx.fxml.LoadException: 
/C:/Users/dinov/Desktop/Java%202025/Projekt%202/EnergyCMS/target/classes/hr/javafx/energycms/users-list.fxml:17

	at javafx.fxml@21.0.6/javafx.fxml.FXMLLoader.constructLoadException(FXMLLoader.java:2722)
	at javafx.fxml@21.0.6/javafx.fxml.FXMLLoader$ValueElement.processAttribute(FXMLLoader.java:935)
	at javafx.fxml@21.0.6/javafx.fxml.FXMLLoader$InstanceDeclarationElement.processAttribute(FXMLLoader.java:983)
	at javafx.fxml@21.0.6/javafx.fxml.FXMLLoader$Element.processStartElement(FXMLLoader.java:230)
	at javafx.fxml@21.0.6/javafx.fxml.FXMLLoader$ValueElement.processStartElement(FXMLLoader.java:757)
	at javafx.fxml@21.0.6/javafx.fxml.FXMLLoader.processStartElement(FXMLLoader.java:2853)
	at javafx.fxml@21.0.6/javafx.fxml.FXMLLoader.loadImpl(FXMLLoader.java:2649)
	at javafx.fxml@21.0.6/javafx.fxml.FXMLLoader.loadImpl(FXMLLoader.java:2563)
	at javafx.fxml@21.0.6/javafx.fxml.FXMLLoader.load(FXMLLoader.java:2531)
	at hr.javafx.energycms/hr.javafx.energycms.controllers.MenuController.showUsersList(MenuController.java:76)
	at java.base/jdk.internal.reflect.DirectMethodHandleAccessor.invoke(DirectMethodHandleAccessor.java:104)
	at java.base/java.lang.reflect.Method.invoke(Method.java:565)
	at com.sun.javafx.reflect.Trampoline.invoke(MethodUtil.java:72)
	at java.base/jdk.internal.reflect.DirectMethodHandleAccessor.invoke(DirectMethodHandleAccessor.java:104)
	at java.base/java.lang.reflect.Method.invoke(Method.java:565)
	at javafx.base@21.0.6/com.sun.javafx.reflect.MethodUtil.invoke(MethodUtil.java:270)
	at javafx.fxml@21.0.6/com.sun.javafx.fxml.MethodHelper.invoke(MethodHelper.java:84)
	at javafx.fxml@21.0.6/javafx.fxml.FXMLLoader$MethodHandler.invoke(FXMLLoader.java:1855)
	at javafx.fxml@21.0.6/javafx.fxml.FXMLLoader$ControllerMethodEventHandler.handle(FXMLLoader.java:1726)
	at javafx.base@21.0.6/com.sun.javafx.event.CompositeEventHandler.dispatchBubblingEvent(CompositeEventHandler.java:86)
	at javafx.base@21.0.6/com.sun.javafx.event.EventHandlerManager.dispatchBubblingEvent(EventHandlerManager.java:232)
	at javafx.base@21.0.6/com.sun.javafx.event.EventHandlerManager.dispatchBubblingEvent(EventHandlerManager.java:189)
	at javafx.base@21.0.6/com.sun.javafx.event.BasicEventDispatcher.dispatchEvent(BasicEventDispatcher.java:58)
	at javafx.base@21.0.6/com.sun.javafx.event.EventDispatchChainImpl.dispatchEvent(EventDispatchChainImpl.java:114)
	at javafx.base@21.0.6/com.sun.javafx.event.EventUtil.fireEventImpl(EventUtil.java:74)
	at javafx.base@21.0.6/com.sun.javafx.event.EventUtil.fireEvent(EventUtil.java:49)
	at javafx.base@21.0.6/javafx.event.Event.fireEvent(Event.java:198)
	at javafx.controls@21.0.6/javafx.scene.control.MenuItem.fire(MenuItem.java:459)
	at javafx.controls@21.0.6/com.sun.javafx.scene.control.ContextMenuContent$MenuItemContainer.doSelect(ContextMenuContent.java:1415)
	at javafx.controls@21.0.6/com.sun.javafx.scene.control.ContextMenuContent$MenuItemContainer.lambda$createChildren$12(ContextMenuContent.java:1368)
	at javafx.base@21.0.6/com.sun.javafx.event.CompositeEventHandler$NormalEventHandlerRecord.handleBubblingEvent(CompositeEventHandler.java:247)
	at javafx.base@21.0.6/com.sun.javafx.event.CompositeEventHandler.dispatchBubblingEvent(CompositeEventHandler.java:80)
	at javafx.base@21.0.6/com.sun.javafx.event.EventHandlerManager.dispatchBubblingEvent(EventHandlerManager.java:232)
	at javafx.base@21.0.6/com.sun.javafx.event.EventHandlerManager.dispatchBubblingEvent(EventHandlerManager.java:189)
	at javafx.base@21.0.6/com.sun.javafx.event.CompositeEventDispatcher.dispatchBubblingEvent(CompositeEventDispatcher.java:59)
	at javafx.base@21.0.6/com.sun.javafx.event.BasicEventDispatcher.dispatchEvent(BasicEventDispatcher.java:58)
	at javafx.base@21.0.6/com.sun.javafx.event.EventDispatchChainImpl.dispatchEvent(EventDispatchChainImpl.java:114)
	at javafx.base@21.0.6/com.sun.javafx.event.BasicEventDispatcher.dispatchEvent(BasicEventDispatcher.java:56)
	at javafx.base@21.0.6/com.sun.javafx.event.EventDispatchChainImpl.dispatchEvent(EventDispatchChainImpl.java:114)
	at javafx.base@21.0.6/com.sun.javafx.event.BasicEventDispatcher.dispatchEvent(BasicEventDispatcher.java:56)
	at javafx.base@21.0.6/com.sun.javafx.event.EventDispatchChainImpl.dispatchEvent(EventDispatchChainImpl.java:114)
	at javafx.base@21.0.6/com.sun.javafx.event.BasicEventDispatcher.dispatchEvent(BasicEventDispatcher.java:56)
	at javafx.base@21.0.6/com.sun.javafx.event.EventDispatchChainImpl.dispatchEvent(EventDispatchChainImpl.java:114)
	at javafx.base@21.0.6/com.sun.javafx.event.EventUtil.fireEventImpl(EventUtil.java:74)
	at javafx.base@21.0.6/com.sun.javafx.event.EventUtil.fireEvent(EventUtil.java:54)
	at javafx.base@21.0.6/javafx.event.Event.fireEvent(Event.java:198)
	at javafx.graphics@21.0.6/javafx.scene.Scene$MouseHandler.process(Scene.java:3984)
	at javafx.graphics@21.0.6/javafx.scene.Scene.processMouseEvent(Scene.java:1890)
	at javafx.graphics@21.0.6/javafx.scene.Scene$ScenePeerListener.mouseEvent(Scene.java:2708)
	at javafx.graphics@21.0.6/com.sun.javafx.tk.quantum.GlassViewEventHandler$MouseEventNotification.run(GlassViewEventHandler.java:411)
	at javafx.graphics@21.0.6/com.sun.javafx.tk.quantum.GlassViewEventHandler$MouseEventNotification.run(GlassViewEventHandler.java:301)
	at java.base/java.security.AccessController.doPrivileged(AccessController.java:138)
	at javafx.graphics@21.0.6/com.sun.javafx.tk.quantum.GlassViewEventHandler.lambda$handleMouseEvent$2(GlassViewEventHandler.java:450)
	at javafx.graphics@21.0.6/com.sun.javafx.tk.quantum.QuantumToolkit.runWithoutRenderLock(QuantumToolkit.java:424)
	at javafx.graphics@21.0.6/com.sun.javafx.tk.quantum.GlassViewEventHandler.handleMouseEvent(GlassViewEventHandler.java:449)
	at javafx.graphics@21.0.6/com.sun.glass.ui.View.handleMouseEvent(View.java:551)
	at javafx.graphics@21.0.6/com.sun.glass.ui.View.notifyMouse(View.java:937)
	at javafx.graphics@21.0.6/com.sun.glass.ui.win.WinApplication._runLoop(Native Method)
	at javafx.graphics@21.0.6/com.sun.glass.ui.win.WinApplication.lambda$runLoop$3(WinApplication.java:185)
	at java.base/java.lang.Thread.run(Thread.java:1474)
Caused by: java.lang.ClassNotFoundException: UsersController
	at java.base/jdk.internal.loader.BuiltinClassLoader.loadClass(BuiltinClassLoader.java:580)
	at java.base/java.lang.ClassLoader.loadClass(ClassLoader.java:490)
	at javafx.fxml@21.0.6/javafx.fxml.FXMLLoader$ValueElement.processAttribute(FXMLLoader.java:933)
	... 58 common frames omitted
2026-02-17 23:41:25.458 [JavaFX Application Thread] ERROR h.j.e.app.MainConsoleLauncher - Greška prilikom učitavanja devices-list.fxml
javafx.fxml.LoadException: 
/C:/Users/dinov/Desktop/Java%202025/Projekt%202/EnergyCMS/target/classes/hr/javafx/energycms/devices-list.fxml:16

	at javafx.fxml@21.0.6/javafx.fxml.FXMLLoader.constructLoadException(FXMLLoader.java:2722)
	at javafx.fxml@21.0.6/javafx.fxml.FXMLLoader$ValueElement.processAttribute(FXMLLoader.java:946)
	at javafx.fxml@21.0.6/javafx.fxml.FXMLLoader$InstanceDeclarationElement.processAttribute(FXMLLoader.java:983)
	at javafx.fxml@21.0.6/javafx.fxml.FXMLLoader$Element.processStartElement(FXMLLoader.java:230)
	at javafx.fxml@21.0.6/javafx.fxml.FXMLLoader$ValueElement.processStartElement(FXMLLoader.java:757)
	at javafx.fxml@21.0.6/javafx.fxml.FXMLLoader.processStartElement(FXMLLoader.java:2853)
	at javafx.fxml@21.0.6/javafx.fxml.FXMLLoader.loadImpl(FXMLLoader.java:2649)
	at javafx.fxml@21.0.6/javafx.fxml.FXMLLoader.loadImpl(FXMLLoader.java:2563)
	at javafx.fxml@21.0.6/javafx.fxml.FXMLLoader.load(FXMLLoader.java:2531)
	at hr.javafx.energycms/hr.javafx.energycms.controllers.MenuController.showDevicesList(MenuController.java:54)
	at java.base/jdk.internal.reflect.DirectMethodHandleAccessor.invoke(DirectMethodHandleAccessor.java:104)
	at java.base/java.lang.reflect.Method.invoke(Method.java:565)
	at com.sun.javafx.reflect.Trampoline.invoke(MethodUtil.java:72)
	at java.base/jdk.internal.reflect.DirectMethodHandleAccessor.invoke(DirectMethodHandleAccessor.java:104)
	at java.base/java.lang.reflect.Method.invoke(Method.java:565)
	at javafx.base@21.0.6/com.sun.javafx.reflect.MethodUtil.invoke(MethodUtil.java:270)
	at javafx.fxml@21.0.6/com.sun.javafx.fxml.MethodHelper.invoke(MethodHelper.java:84)
	at javafx.fxml@21.0.6/javafx.fxml.FXMLLoader$MethodHandler.invoke(FXMLLoader.java:1855)
	at javafx.fxml@21.0.6/javafx.fxml.FXMLLoader$ControllerMethodEventHandler.handle(FXMLLoader.java:1726)
	at javafx.base@21.0.6/com.sun.javafx.event.CompositeEventHandler.dispatchBubblingEvent(CompositeEventHandler.java:86)
	at javafx.base@21.0.6/com.sun.javafx.event.EventHandlerManager.dispatchBubblingEvent(EventHandlerManager.java:232)
	at javafx.base@21.0.6/com.sun.javafx.event.EventHandlerManager.dispatchBubblingEvent(EventHandlerManager.java:189)
	at javafx.base@21.0.6/com.sun.javafx.event.BasicEventDispatcher.dispatchEvent(BasicEventDispatcher.java:58)
	at javafx.base@21.0.6/com.sun.javafx.event.EventDispatchChainImpl.dispatchEvent(EventDispatchChainImpl.java:114)
	at javafx.base@21.0.6/com.sun.javafx.event.EventUtil.fireEventImpl(EventUtil.java:74)
	at javafx.base@21.0.6/com.sun.javafx.event.EventUtil.fireEvent(EventUtil.java:49)
	at javafx.base@21.0.6/javafx.event.Event.fireEvent(Event.java:198)
	at javafx.controls@21.0.6/javafx.scene.control.MenuItem.fire(MenuItem.java:459)
	at javafx.controls@21.0.6/com.sun.javafx.scene.control.ContextMenuContent$MenuItemContainer.doSelect(ContextMenuContent.java:1415)
	at javafx.controls@21.0.6/com.sun.javafx.scene.control.ContextMenuContent$MenuItemContainer.lambda$createChildren$12(ContextMenuContent.java:1368)
	at javafx.base@21.0.6/com.sun.javafx.event.CompositeEventHandler$NormalEventHandlerRecord.handleBubblingEvent(CompositeEventHandler.java:247)
	at javafx.base@21.0.6/com.sun.javafx.event.CompositeEventHandler.dispatchBubblingEvent(CompositeEventHandler.java:80)
	at javafx.base@21.0.6/com.sun.javafx.event.EventHandlerManager.dispatchBubblingEvent(EventHandlerManager.java:232)
	at javafx.base@21.0.6/com.sun.javafx.event.EventHandlerManager.dispatchBubblingEvent(EventHandlerManager.java:189)
	at javafx.base@21.0.6/com.sun.javafx.event.CompositeEventDispatcher.dispatchBubblingEvent(CompositeEventDispatcher.java:59)
	at javafx.base@21.0.6/com.sun.javafx.event.BasicEventDispatcher.dispatchEvent(BasicEventDispatcher.java:58)
	at javafx.base@21.0.6/com.sun.javafx.event.EventDispatchChainImpl.dispatchEvent(EventDispatchChainImpl.java:114)
	at javafx.base@21.0.6/com.sun.javafx.event.BasicEventDispatcher.dispatchEvent(BasicEventDispatcher.java:56)
	at javafx.base@21.0.6/com.sun.javafx.event.EventDispatchChainImpl.dispatchEvent(EventDispatchChainImpl.java:114)
	at javafx.base@21.0.6/com.sun.javafx.event.BasicEventDispatcher.dispatchEvent(BasicEventDispatcher.java:56)
	at javafx.base@21.0.6/com.sun.javafx.event.EventDispatchChainImpl.dispatchEvent(EventDispatchChainImpl.java:114)
	at javafx.base@21.0.6/com.sun.javafx.event.BasicEventDispatcher.dispatchEvent(BasicEventDispatcher.java:56)
	at javafx.base@21.0.6/com.sun.javafx.event.EventDispatchChainImpl.dispatchEvent(EventDispatchChainImpl.java:114)
	at javafx.base@21.0.6/com.sun.javafx.event.EventUtil.fireEventImpl(EventUtil.java:74)
	at javafx.base@21.0.6/com.sun.javafx.event.EventUtil.fireEvent(EventUtil.java:54)
	at javafx.base@21.0.6/javafx.event.Event.fireEvent(Event.java:198)
	at javafx.graphics@21.0.6/javafx.scene.Scene$MouseHandler.process(Scene.java:3984)
	at javafx.graphics@21.0.6/javafx.scene.Scene.processMouseEvent(Scene.java:1890)
	at javafx.graphics@21.0.6/javafx.scene.Scene$ScenePeerListener.mouseEvent(Scene.java:2708)
	at javafx.graphics@21.0.6/com.sun.javafx.tk.quantum.GlassViewEventHandler$MouseEventNotification.run(GlassViewEventHandler.java:411)
	at javafx.graphics@21.0.6/com.sun.javafx.tk.quantum.GlassViewEventHandler$MouseEventNotification.run(GlassViewEventHandler.java:301)
	at java.base/java.security.AccessController.doPrivileged(AccessController.java:138)
	at javafx.graphics@21.0.6/com.sun.javafx.tk.quantum.GlassViewEventHandler.lambda$handleMouseEvent$2(GlassViewEventHandler.java:450)
	at javafx.graphics@21.0.6/com.sun.javafx.tk.quantum.QuantumToolkit.runWithoutRenderLock(QuantumToolkit.java:424)
	at javafx.graphics@21.0.6/com.sun.javafx.tk.quantum.GlassViewEventHandler.handleMouseEvent(GlassViewEventHandler.java:449)
	at javafx.graphics@21.0.6/com.sun.glass.ui.View.handleMouseEvent(View.java:551)
	at javafx.graphics@21.0.6/com.sun.glass.ui.View.notifyMouse(View.java:937)
	at javafx.graphics@21.0.6/com.sun.glass.ui.win.WinApplication._runLoop(Native Method)
	at javafx.graphics@21.0.6/com.sun.glass.ui.win.WinApplication.lambda$runLoop$3(WinApplication.java:185)
	at java.base/java.lang.Thread.run(Thread.java:1474)
Caused by: java.lang.NoSuchMethodException: hr.javafx.energycms.controllers.DevicesController.<init>()
	at java.base/java.lang.Class.getConstructor0(Class.java:3187)
	at java.base/java.lang.Class.getDeclaredConstructor(Class.java:2491)
	at javafx.fxml@21.0.6/javafx.fxml.FXMLLoader$ValueElement.processAttribute(FXMLLoader.java:941)
	... 58 common frames omitted
2026-02-18 02:50:37.532 [JavaFX Application Thread] ERROR h.j.e.app.MainConsoleLauncher - Greška prilikom učitavanja devices-list.fxml
java.lang.IllegalStateException: Location is not set.
	at javafx.fxml@21.0.6/javafx.fxml.FXMLLoader.loadImpl(FXMLLoader.java:2556)
	at javafx.fxml@21.0.6/javafx.fxml.FXMLLoader.load(FXMLLoader.java:2531)
	at hr.javafx.energycms/hr.javafx.energycms.controllers.MenuController.showDevicesList(MenuController.java:54)
	at java.base/jdk.internal.reflect.DirectMethodHandleAccessor.invoke(DirectMethodHandleAccessor.java:104)
	at java.base/java.lang.reflect.Method.invoke(Method.java:565)
	at com.sun.javafx.reflect.Trampoline.invoke(MethodUtil.java:72)
	at java.base/jdk.internal.reflect.DirectMethodHandleAccessor.invoke(DirectMethodHandleAccessor.java:104)
	at java.base/java.lang.reflect.Method.invoke(Method.java:565)
	at javafx.base@21.0.6/com.sun.javafx.reflect.MethodUtil.invoke(MethodUtil.java:270)
	at javafx.fxml@21.0.6/com.sun.javafx.fxml.MethodHelper.invoke(MethodHelper.java:84)
	at javafx.fxml@21.0.6/javafx.fxml.FXMLLoader$MethodHandler.invoke(FXMLLoader.java:1855)
	at javafx.fxml@21.0.6/javafx.fxml.FXMLLoader$ControllerMethodEventHandler.handle(FXMLLoader.java:1726)
	at javafx.base@21.0.6/com.sun.javafx.event.CompositeEventHandler.dispatchBubblingEvent(CompositeEventHandler.java:86)
	at javafx.base@21.0.6/com.sun.javafx.event.EventHandlerManager.dispatchBubblingEvent(EventHandlerManager.java:232)
	at javafx.base@21.0.6/com.sun.javafx.event.EventHandlerManager.dispatchBubblingEvent(EventHandlerManager.java:189)
	at javafx.base@21.0.6/com.sun.javafx.event.BasicEventDispatcher.dispatchEvent(BasicEventDispatcher.java:58)
	at javafx.base@21.0.6/com.sun.javafx.event.EventDispatchChainImpl.dispatchEvent(EventDispatchChainImpl.java:114)
	at javafx.base@21.0.6/com.sun.javafx.event.EventUtil.fireEventImpl(EventUtil.java:74)
	at javafx.base@21.0.6/com.sun.javafx.event.EventUtil.fireEvent(EventUtil.java:49)
	at javafx.base@21.0.6/javafx.event.Event.fireEvent(Event.java:198)
	at javafx.controls@21.0.6/javafx.scene.control.MenuItem.fire(MenuItem.java:459)
	at javafx.controls@21.0.6/com.sun.javafx.scene.control.ContextMenuContent$MenuItemContainer.doSelect(ContextMenuContent.java:1415)
	at javafx.controls@21.0.6/com.sun.javafx.scene.control.ContextMenuContent$MenuItemContainer.lambda$createChildren$12(ContextMenuContent.java:1368)
	at javafx.base@21.0.6/com.sun.javafx.event.CompositeEventHandler$NormalEventHandlerRecord.handleBubblingEvent(CompositeEventHandler.java:247)
	at javafx.base@21.0.6/com.sun.javafx.event.CompositeEventHandler.dispatchBubblingEvent(CompositeEventHandler.java:80)
	at javafx.base@21.0.6/com.sun.javafx.event.EventHandlerManager.dispatchBubblingEvent(EventHandlerManager.java:232)
	at javafx.base@21.0.6/com.sun.javafx.event.EventHandlerManager.dispatchBubblingEvent(EventHandlerManager.java:189)
	at javafx.base@21.0.6/com.sun.javafx.event.CompositeEventDispatcher.dispatchBubblingEvent(CompositeEventDispatcher.java:59)
	at javafx.base@21.0.6/com.sun.javafx.event.BasicEventDispatcher.dispatchEvent(BasicEventDispatcher.java:58)
	at javafx.base@21.0.6/com.sun.javafx.event.EventDispatchChainImpl.dispatchEvent(EventDispatchChainImpl.java:114)
	at javafx.base@21.0.6/com.sun.javafx.event.BasicEventDispatcher.dispatchEvent(BasicEventDispatcher.java:56)
	at javafx.base@21.0.6/com.sun.javafx.event.EventDispatchChainImpl.dispatchEvent(EventDispatchChainImpl.java:114)
	at javafx.base@21.0.6/com.sun.javafx.event.BasicEventDispatcher.dispatchEvent(BasicEventDispatcher.java:56)
	at javafx.base@21.0.6/com.sun.javafx.event.EventDispatchChainImpl.dispatchEvent(EventDispatchChainImpl.java:114)
	at javafx.base@21.0.6/com.sun.javafx.event.BasicEventDispatcher.dispatchEvent(BasicEventDispatcher.java:56)
	at javafx.base@21.0.6/com.sun.javafx.event.EventDispatchChainImpl.dispatchEvent(EventDispatchChainImpl.java:114)
	at javafx.base@21.0.6/com.sun.javafx.event.EventUtil.fireEventImpl(EventUtil.java:74)
	at javafx.base@21.0.6/com.sun.javafx.event.EventUtil.fireEvent(EventUtil.java:54)
	at javafx.base@21.0.6/javafx.event.Event.fireEvent(Event.java:198)
	at javafx.graphics@21.0.6/javafx.scene.Scene$MouseHandler.process(Scene.java:3984)
	at javafx.graphics@21.0.6/javafx.scene.Scene.processMouseEvent(Scene.java:1890)
	at javafx.graphics@21.0.6/javafx.scene.Scene$ScenePeerListener.mouseEvent(Scene.java:2708)
	at javafx.graphics@21.0.6/com.sun.javafx.tk.quantum.GlassViewEventHandler$MouseEventNotification.run(GlassViewEventHandler.java:411)
	at javafx.graphics@21.0.6/com.sun.javafx.tk.quantum.GlassViewEventHandler$MouseEventNotification.run(GlassViewEventHandler.java:301)
	at java.base/java.security.AccessController.doPrivileged(AccessController.java:138)
	at javafx.graphics@21.0.6/com.sun.javafx.tk.quantum.GlassViewEventHandler.lambda$handleMouseEvent$2(GlassViewEventHandler.java:450)
	at javafx.graphics@21.0.6/com.sun.javafx.tk.quantum.QuantumToolkit.runWithoutRenderLock(QuantumToolkit.java:424)
	at javafx.graphics@21.0.6/com.sun.javafx.tk.quantum.GlassViewEventHandler.handleMouseEvent(GlassViewEventHandler.java:449)
	at javafx.graphics@21.0.6/com.sun.glass.ui.View.handleMouseEvent(View.java:551)
	at javafx.graphics@21.0.6/com.sun.glass.ui.View.notifyMouse(View.java:937)
	at javafx.graphics@21.0.6/com.sun.glass.ui.win.WinApplication._runLoop(Native Method)
	at javafx.graphics@21.0.6/com.sun.glass.ui.win.WinApplication.lambda$runLoop$3(WinApplication.java:185)
	at java.base/java.lang.Thread.run(Thread.java:1474)
2026-02-19 12:57:38.675 [JavaFX Application Thread] ERROR h.j.e.app.MainConsoleLauncher - Greška prilikom učitavanja edit-user.fxml
javafx.fxml.LoadException: 
/C:/Users/dinov/Desktop/Java%202025/Projekt%202/EnergyCMS/target/classes/hr/javafx/energycms/edit-user.fxml:15

	at javafx.fxml@21.0.6/javafx.fxml.FXMLLoader.constructLoadException(FXMLLoader.java:2722)
	at javafx.fxml@21.0.6/javafx.fxml.FXMLLoader$ValueElement.processAttribute(FXMLLoader.java:946)
	at javafx.fxml@21.0.6/javafx.fxml.FXMLLoader$InstanceDeclarationElement.processAttribute(FXMLLoader.java:983)
	at javafx.fxml@21.0.6/javafx.fxml.FXMLLoader$Element.processStartElement(FXMLLoader.java:230)
	at javafx.fxml@21.0.6/javafx.fxml.FXMLLoader$ValueElement.processStartElement(FXMLLoader.java:757)
	at javafx.fxml@21.0.6/javafx.fxml.FXMLLoader.processStartElement(FXMLLoader.java:2853)
	at javafx.fxml@21.0.6/javafx.fxml.FXMLLoader.loadImpl(FXMLLoader.java:2649)
	at javafx.fxml@21.0.6/javafx.fxml.FXMLLoader.loadImpl(FXMLLoader.java:2563)
	at javafx.fxml@21.0.6/javafx.fxml.FXMLLoader.load(FXMLLoader.java:2531)
	at hr.javafx.energycms/hr.javafx.energycms.controllers.MenuController.showEditUsers(MenuController.java:124)
	at java.base/jdk.internal.reflect.DirectMethodHandleAccessor.invoke(DirectMethodHandleAccessor.java:104)
	at java.base/java.lang.reflect.Method.invoke(Method.java:565)
	at com.sun.javafx.reflect.Trampoline.invoke(MethodUtil.java:72)
	at java.base/jdk.internal.reflect.DirectMethodHandleAccessor.invoke(DirectMethodHandleAccessor.java:104)
	at java.base/java.lang.reflect.Method.invoke(Method.java:565)
	at javafx.base@21.0.6/com.sun.javafx.reflect.MethodUtil.invoke(MethodUtil.java:270)
	at javafx.fxml@21.0.6/com.sun.javafx.fxml.MethodHelper.invoke(MethodHelper.java:84)
	at javafx.fxml@21.0.6/javafx.fxml.FXMLLoader$MethodHandler.invoke(FXMLLoader.java:1855)
	at javafx.fxml@21.0.6/javafx.fxml.FXMLLoader$ControllerMethodEventHandler.handle(FXMLLoader.java:1726)
	at javafx.base@21.0.6/com.sun.javafx.event.CompositeEventHandler.dispatchBubblingEvent(CompositeEventHandler.java:86)
	at javafx.base@21.0.6/com.sun.javafx.event.EventHandlerManager.dispatchBubblingEvent(EventHandlerManager.java:232)
	at javafx.base@21.0.6/com.sun.javafx.event.EventHandlerManager.dispatchBubblingEvent(EventHandlerManager.java:189)
	at javafx.base@21.0.6/com.sun.javafx.event.BasicEventDispatcher.dispatchEvent(BasicEventDispatcher.java:58)
	at javafx.base@21.0.6/com.sun.javafx.event.EventDispatchChainImpl.dispatchEvent(EventDispatchChainImpl.java:114)
	at javafx.base@21.0.6/com.sun.javafx.event.EventUtil.fireEventImpl(EventUtil.java:74)
	at javafx.base@21.0.6/com.sun.javafx.event.EventUtil.fireEvent(EventUtil.java:49)
	at javafx.base@21.0.6/javafx.event.Event.fireEvent(Event.java:198)
	at javafx.controls@21.0.6/javafx.scene.control.MenuItem.fire(MenuItem.java:459)
	at javafx.controls@21.0.6/com.sun.javafx.scene.control.ContextMenuContent$MenuItemContainer.doSelect(ContextMenuContent.java:1415)
	at javafx.controls@21.0.6/com.sun.javafx.scene.control.ContextMenuContent$MenuItemContainer.lambda$createChildren$12(ContextMenuContent.java:1368)
	at javafx.base@21.0.6/com.sun.javafx.event.CompositeEventHandler$NormalEventHandlerRecord.handleBubblingEvent(CompositeEventHandler.java:247)
	at javafx.base@21.0.6/com.sun.javafx.event.CompositeEventHandler.dispatchBubblingEvent(CompositeEventHandler.java:80)
	at javafx.base@21.0.6/com.sun.javafx.event.EventHandlerManager.dispatchBubblingEvent(EventHandlerManager.java:232)
	at javafx.base@21.0.6/com.sun.javafx.event.EventHandlerManager.dispatchBubblingEvent(EventHandlerManager.java:189)
	at javafx.base@21.0.6/com.sun.javafx.event.CompositeEventDispatcher.dispatchBubblingEvent(CompositeEventDispatcher.java:59)
	at javafx.base@21.0.6/com.sun.javafx.event.BasicEventDispatcher.dispatchEvent(BasicEventDispatcher.java:58)
	at javafx.base@21.0.6/com.sun.javafx.event.EventDispatchChainImpl.dispatchEvent(EventDispatchChainImpl.java:114)
	at javafx.base@21.0.6/com.sun.javafx.event.BasicEventDispatcher.dispatchEvent(BasicEventDispatcher.java:56)
	at javafx.base@21.0.6/com.sun.javafx.event.EventDispatchChainImpl.dispatchEvent(EventDispatchChainImpl.java:114)
	at javafx.base@21.0.6/com.sun.javafx.event.BasicEventDispatcher.dispatchEvent(BasicEventDispatcher.java:56)
	at javafx.base@21.0.6/com.sun.javafx.event.EventDispatchChainImpl.dispatchEvent(EventDispatchChainImpl.java:114)
	at javafx.base@21.0.6/com.sun.javafx.event.BasicEventDispatcher.dispatchEvent(BasicEventDispatcher.java:56)
	at javafx.base@21.0.6/com.sun.javafx.event.EventDispatchChainImpl.dispatchEvent(EventDispatchChainImpl.java:114)
	at javafx.base@21.0.6/com.sun.javafx.event.EventUtil.fireEventImpl(EventUtil.java:74)
	at javafx.base@21.0.6/com.sun.javafx.event.EventUtil.fireEvent(EventUtil.java:54)
	at javafx.base@21.0.6/javafx.event.Event.fireEvent(Event.java:198)
	at javafx.graphics@21.0.6/javafx.scene.Scene$MouseHandler.process(Scene.java:3984)
	at javafx.graphics@21.0.6/javafx.scene.Scene.processMouseEvent(Scene.java:1890)
	at javafx.graphics@21.0.6/javafx.scene.Scene$ScenePeerListener.mouseEvent(Scene.java:2708)
	at javafx.graphics@21.0.6/com.sun.javafx.tk.quantum.GlassViewEventHandler$MouseEventNotification.run(GlassViewEventHandler.java:411)
	at javafx.graphics@21.0.6/com.sun.javafx.tk.quantum.GlassViewEventHandler$MouseEventNotification.run(GlassViewEventHandler.java:301)
	at java.base/java.security.AccessController.doPrivileged(AccessController.java:138)
	at javafx.graphics@21.0.6/com.sun.javafx.tk.quantum.GlassViewEventHandler.lambda$handleMouseEvent$2(GlassViewEventHandler.java:450)
	at javafx.graphics@21.0.6/com.sun.javafx.tk.quantum.QuantumToolkit.runWithoutRenderLock(QuantumToolkit.java:424)
	at javafx.graphics@21.0.6/com.sun.javafx.tk.quantum.GlassViewEventHandler.handleMouseEvent(GlassViewEventHandler.java:449)
	at javafx.graphics@21.0.6/com.sun.glass.ui.View.handleMouseEvent(View.java:551)
	at javafx.graphics@21.0.6/com.sun.glass.ui.View.notifyMouse(View.java:937)
	at javafx.graphics@21.0.6/com.sun.glass.ui.win.WinApplication._runLoop(Native Method)
	at javafx.graphics@21.0.6/com.sun.glass.ui.win.WinApplication.lambda$runLoop$3(WinApplication.java:185)
	at java.base/java.lang.Thread.run(Thread.java:1474)
Caused by: java.lang.IllegalAccessException: class javafx.fxml.FXMLLoader$ValueElement (in module javafx.fxml) cannot access class hr.javafx.energycms.controllers.edit.EditUserController (in module hr.javafx.energycms) because module hr.javafx.energycms does not export hr.javafx.energycms.controllers.edit to module javafx.fxml
	at java.base/jdk.internal.reflect.Reflection.newIllegalAccessException(Reflection.java:400)
	at java.base/java.lang.reflect.AccessibleObject.checkAccess(AccessibleObject.java:670)
	at java.base/java.lang.reflect.Constructor.newInstanceWithCaller(Constructor.java:492)
	at java.base/java.lang.reflect.Constructor.newInstance(Constructor.java:483)
	at javafx.fxml@21.0.6/javafx.fxml.FXMLLoader$ValueElement.processAttribute(FXMLLoader.java:941)
	... 58 common frames omitted
2026-02-19 13:01:00.024 [JavaFX Application Thread] ERROR h.j.e.app.MainConsoleLauncher - Greška prilikom učitavanja edit-user.fxml
javafx.fxml.LoadException: 
/C:/Users/dinov/Desktop/Java%202025/Projekt%202/EnergyCMS/target/classes/hr/javafx/energycms/edit-user.fxml:15

	at javafx.fxml@21.0.6/javafx.fxml.FXMLLoader.constructLoadException(FXMLLoader.java:2722)
	at javafx.fxml@21.0.6/javafx.fxml.FXMLLoader$ValueElement.processAttribute(FXMLLoader.java:946)
	at javafx.fxml@21.0.6/javafx.fxml.FXMLLoader$InstanceDeclarationElement.processAttribute(FXMLLoader.java:983)
	at javafx.fxml@21.0.6/javafx.fxml.FXMLLoader$Element.processStartElement(FXMLLoader.java:230)
	at javafx.fxml@21.0.6/javafx.fxml.FXMLLoader$ValueElement.processStartElement(FXMLLoader.java:757)
	at javafx.fxml@21.0.6/javafx.fxml.FXMLLoader.processStartElement(FXMLLoader.java:2853)
	at javafx.fxml@21.0.6/javafx.fxml.FXMLLoader.loadImpl(FXMLLoader.java:2649)
	at javafx.fxml@21.0.6/javafx.fxml.FXMLLoader.loadImpl(FXMLLoader.java:2563)
	at javafx.fxml@21.0.6/javafx.fxml.FXMLLoader.load(FXMLLoader.java:2531)
	at hr.javafx.energycms/hr.javafx.energycms.controllers.MenuController.showEditUsers(MenuController.java:124)
	at java.base/jdk.internal.reflect.DirectMethodHandleAccessor.invoke(DirectMethodHandleAccessor.java:104)
	at java.base/java.lang.reflect.Method.invoke(Method.java:565)
	at com.sun.javafx.reflect.Trampoline.invoke(MethodUtil.java:72)
	at java.base/jdk.internal.reflect.DirectMethodHandleAccessor.invoke(DirectMethodHandleAccessor.java:104)
	at java.base/java.lang.reflect.Method.invoke(Method.java:565)
	at javafx.base@21.0.6/com.sun.javafx.reflect.MethodUtil.invoke(MethodUtil.java:270)
	at javafx.fxml@21.0.6/com.sun.javafx.fxml.MethodHelper.invoke(MethodHelper.java:84)
	at javafx.fxml@21.0.6/javafx.fxml.FXMLLoader$MethodHandler.invoke(FXMLLoader.java:1855)
	at javafx.fxml@21.0.6/javafx.fxml.FXMLLoader$ControllerMethodEventHandler.handle(FXMLLoader.java:1726)
	at javafx.base@21.0.6/com.sun.javafx.event.CompositeEventHandler.dispatchBubblingEvent(CompositeEventHandler.java:86)
	at javafx.base@21.0.6/com.sun.javafx.event.EventHandlerManager.dispatchBubblingEvent(EventHandlerManager.java:232)
	at javafx.base@21.0.6/com.sun.javafx.event.EventHandlerManager.dispatchBubblingEvent(EventHandlerManager.java:189)
	at javafx.base@21.0.6/com.sun.javafx.event.BasicEventDispatcher.dispatchEvent(BasicEventDispatcher.java:58)
	at javafx.base@21.0.6/com.sun.javafx.event.EventDispatchChainImpl.dispatchEvent(EventDispatchChainImpl.java:114)
	at javafx.base@21.0.6/com.sun.javafx.event.EventUtil.fireEventImpl(EventUtil.java:74)
	at javafx.base@21.0.6/com.sun.javafx.event.EventUtil.fireEvent(EventUtil.java:49)
	at javafx.base@21.0.6/javafx.event.Event.fireEvent(Event.java:198)
	at javafx.controls@21.0.6/javafx.scene.control.MenuItem.fire(MenuItem.java:459)
	at javafx.controls@21.0.6/com.sun.javafx.scene.control.ContextMenuContent$MenuItemContainer.doSelect(ContextMenuContent.java:1415)
	at javafx.controls@21.0.6/com.sun.javafx.scene.control.ContextMenuContent$MenuItemContainer.lambda$createChildren$12(ContextMenuContent.java:1368)
	at javafx.base@21.0.6/com.sun.javafx.event.CompositeEventHandler$NormalEventHandlerRecord.handleBubblingEvent(CompositeEventHandler.java:247)
	at javafx.base@21.0.6/com.sun.javafx.event.CompositeEventHandler.dispatchBubblingEvent(CompositeEventHandler.java:80)
	at javafx.base@21.0.6/com.sun.javafx.event.EventHandlerManager.dispatchBubblingEvent(EventHandlerManager.java:232)
	at javafx.base@21.0.6/com.sun.javafx.event.EventHandlerManager.dispatchBubblingEvent(EventHandlerManager.java:189)
	at javafx.base@21.0.6/com.sun.javafx.event.CompositeEventDispatcher.dispatchBubblingEvent(CompositeEventDispatcher.java:59)
	at javafx.base@21.0.6/com.sun.javafx.event.BasicEventDispatcher.dispatchEvent(BasicEventDispatcher.java:58)
	at javafx.base@21.0.6/com.sun.javafx.event.EventDispatchChainImpl.dispatchEvent(EventDispatchChainImpl.java:114)
	at javafx.base@21.0.6/com.sun.javafx.event.BasicEventDispatcher.dispatchEvent(BasicEventDispatcher.java:56)
	at javafx.base@21.0.6/com.sun.javafx.event.EventDispatchChainImpl.dispatchEvent(EventDispatchChainImpl.java:114)
	at javafx.base@21.0.6/com.sun.javafx.event.BasicEventDispatcher.dispatchEvent(BasicEventDispatcher.java:56)
	at javafx.base@21.0.6/com.sun.javafx.event.EventDispatchChainImpl.dispatchEvent(EventDispatchChainImpl.java:114)
	at javafx.base@21.0.6/com.sun.javafx.event.BasicEventDispatcher.dispatchEvent(BasicEventDispatcher.java:56)
	at javafx.base@21.0.6/com.sun.javafx.event.EventDispatchChainImpl.dispatchEvent(EventDispatchChainImpl.java:114)
	at javafx.base@21.0.6/com.sun.javafx.event.EventUtil.fireEventImpl(EventUtil.java:74)
	at javafx.base@21.0.6/com.sun.javafx.event.EventUtil.fireEvent(EventUtil.java:54)
	at javafx.base@21.0.6/javafx.event.Event.fireEvent(Event.java:198)
	at javafx.graphics@21.0.6/javafx.scene.Scene$MouseHandler.process(Scene.java:3984)
	at javafx.graphics@21.0.6/javafx.scene.Scene.processMouseEvent(Scene.java:1890)
	at javafx.graphics@21.0.6/javafx.scene.Scene$ScenePeerListener.mouseEvent(Scene.java:2708)
	at javafx.graphics@21.0.6/com.sun.javafx.tk.quantum.GlassViewEventHandler$MouseEventNotification.run(GlassViewEventHandler.java:411)
	at javafx.graphics@21.0.6/com.sun.javafx.tk.quantum.GlassViewEventHandler$MouseEventNotification.run(GlassViewEventHandler.java:301)
	at java.base/java.security.AccessController.doPrivileged(AccessController.java:138)
	at javafx.graphics@21.0.6/com.sun.javafx.tk.quantum.GlassViewEventHandler.lambda$handleMouseEvent$2(GlassViewEventHandler.java:450)
	at javafx.graphics@21.0.6/com.sun.javafx.tk.quantum.QuantumToolkit.runWithoutRenderLock(QuantumToolkit.java:424)
	at javafx.graphics@21.0.6/com.sun.javafx.tk.quantum.GlassViewEventHandler.handleMouseEvent(GlassViewEventHandler.java:449)
	at javafx.graphics@21.0.6/com.sun.glass.ui.View.handleMouseEvent(View.java:551)
	at javafx.graphics@21.0.6/com.sun.glass.ui.View.notifyMouse(View.java:937)
	at javafx.graphics@21.0.6/com.sun.glass.ui.win.WinApplication._runLoop(Native Method)
	at javafx.graphics@21.0.6/com.sun.glass.ui.win.WinApplication.lambda$runLoop$3(WinApplication.java:185)
	at java.base/java.lang.Thread.run(Thread.java:1474)
Caused by: java.lang.IllegalAccessException: class javafx.fxml.FXMLLoader$ValueElement (in module javafx.fxml) cannot access class hr.javafx.energycms.controllers.edit.EditUserController (in module hr.javafx.energycms) because module hr.javafx.energycms does not export hr.javafx.energycms.controllers.edit to module javafx.fxml
	at java.base/jdk.internal.reflect.Reflection.newIllegalAccessException(Reflection.java:400)
	at java.base/java.lang.reflect.AccessibleObject.checkAccess(AccessibleObject.java:670)
	at java.base/java.lang.reflect.Constructor.newInstanceWithCaller(Constructor.java:492)
	at java.base/java.lang.reflect.Constructor.newInstance(Constructor.java:483)
	at javafx.fxml@21.0.6/javafx.fxml.FXMLLoader$ValueElement.processAttribute(FXMLLoader.java:941)
	... 58 common frames omitted
2026-02-19 13:02:42.831 [JavaFX Application Thread] ERROR h.j.e.app.MainConsoleLauncher - Greška prilikom učitavanja edit-user.fxml
javafx.fxml.LoadException: 
/C:/Users/dinov/Desktop/Java%202025/Projekt%202/EnergyCMS/target/classes/hr/javafx/energycms/edit-user.fxml:16

	at javafx.fxml@21.0.6/javafx.fxml.FXMLLoader.constructLoadException(FXMLLoader.java:2722)
	at javafx.fxml@21.0.6/javafx.fxml.FXMLLoader$ValueElement.processAttribute(FXMLLoader.java:946)
	at javafx.fxml@21.0.6/javafx.fxml.FXMLLoader$InstanceDeclarationElement.processAttribute(FXMLLoader.java:983)
	at javafx.fxml@21.0.6/javafx.fxml.FXMLLoader$Element.processStartElement(FXMLLoader.java:230)
	at javafx.fxml@21.0.6/javafx.fxml.FXMLLoader$ValueElement.processStartElement(FXMLLoader.java:757)
	at javafx.fxml@21.0.6/javafx.fxml.FXMLLoader.processStartElement(FXMLLoader.java:2853)
	at javafx.fxml@21.0.6/javafx.fxml.FXMLLoader.loadImpl(FXMLLoader.java:2649)
	at javafx.fxml@21.0.6/javafx.fxml.FXMLLoader.loadImpl(FXMLLoader.java:2563)
	at javafx.fxml@21.0.6/javafx.fxml.FXMLLoader.load(FXMLLoader.java:2531)
	at hr.javafx.energycms/hr.javafx.energycms.controllers.MenuController.showEditUsers(MenuController.java:124)
	at java.base/jdk.internal.reflect.DirectMethodHandleAccessor.invoke(DirectMethodHandleAccessor.java:104)
	at java.base/java.lang.reflect.Method.invoke(Method.java:565)
	at com.sun.javafx.reflect.Trampoline.invoke(MethodUtil.java:72)
	at java.base/jdk.internal.reflect.DirectMethodHandleAccessor.invoke(DirectMethodHandleAccessor.java:104)
	at java.base/java.lang.reflect.Method.invoke(Method.java:565)
	at javafx.base@21.0.6/com.sun.javafx.reflect.MethodUtil.invoke(MethodUtil.java:270)
	at javafx.fxml@21.0.6/com.sun.javafx.fxml.MethodHelper.invoke(MethodHelper.java:84)
	at javafx.fxml@21.0.6/javafx.fxml.FXMLLoader$MethodHandler.invoke(FXMLLoader.java:1855)
	at javafx.fxml@21.0.6/javafx.fxml.FXMLLoader$ControllerMethodEventHandler.handle(FXMLLoader.java:1726)
	at javafx.base@21.0.6/com.sun.javafx.event.CompositeEventHandler.dispatchBubblingEvent(CompositeEventHandler.java:86)
	at javafx.base@21.0.6/com.sun.javafx.event.EventHandlerManager.dispatchBubblingEvent(EventHandlerManager.java:232)
	at javafx.base@21.0.6/com.sun.javafx.event.EventHandlerManager.dispatchBubblingEvent(EventHandlerManager.java:189)
	at javafx.base@21.0.6/com.sun.javafx.event.BasicEventDispatcher.dispatchEvent(BasicEventDispatcher.java:58)
	at javafx.base@21.0.6/com.sun.javafx.event.EventDispatchChainImpl.dispatchEvent(EventDispatchChainImpl.java:114)
	at javafx.base@21.0.6/com.sun.javafx.event.EventUtil.fireEventImpl(EventUtil.java:74)
	at javafx.base@21.0.6/com.sun.javafx.event.EventUtil.fireEvent(EventUtil.java:49)
	at javafx.base@21.0.6/javafx.event.Event.fireEvent(Event.java:198)
	at javafx.controls@21.0.6/javafx.scene.control.MenuItem.fire(MenuItem.java:459)
	at javafx.controls@21.0.6/com.sun.javafx.scene.control.ContextMenuContent$MenuItemContainer.doSelect(ContextMenuContent.java:1415)
	at javafx.controls@21.0.6/com.sun.javafx.scene.control.ContextMenuContent$MenuItemContainer.lambda$createChildren$12(ContextMenuContent.java:1368)
	at javafx.base@21.0.6/com.sun.javafx.event.CompositeEventHandler$NormalEventHandlerRecord.handleBubblingEvent(CompositeEventHandler.java:247)
	at javafx.base@21.0.6/com.sun.javafx.event.CompositeEventHandler.dispatchBubblingEvent(CompositeEventHandler.java:80)
	at javafx.base@21.0.6/com.sun.javafx.event.EventHandlerManager.dispatchBubblingEvent(EventHandlerManager.java:232)
	at javafx.base@21.0.6/com.sun.javafx.event.EventHandlerManager.dispatchBubblingEvent(EventHandlerManager.java:189)
	at javafx.base@21.0.6/com.sun.javafx.event.CompositeEventDispatcher.dispatchBubblingEvent(CompositeEventDispatcher.java:59)
	at javafx.base@21.0.6/com.sun.javafx.event.BasicEventDispatcher.dispatchEvent(BasicEventDispatcher.java:58)
	at javafx.base@21.0.6/com.sun.javafx.event.EventDispatchChainImpl.dispatchEvent(EventDispatchChainImpl.java:114)
	at javafx.base@21.0.6/com.sun.javafx.event.BasicEventDispatcher.dispatchEvent(BasicEventDispatcher.java:56)
	at javafx.base@21.0.6/com.sun.javafx.event.EventDispatchChainImpl.dispatchEvent(EventDispatchChainImpl.java:114)
	at javafx.base@21.0.6/com.sun.javafx.event.BasicEventDispatcher.dispatchEvent(BasicEventDispatcher.java:56)
	at javafx.base@21.0.6/com.sun.javafx.event.EventDispatchChainImpl.dispatchEvent(EventDispatchChainImpl.java:114)
	at javafx.base@21.0.6/com.sun.javafx.event.BasicEventDispatcher.dispatchEvent(BasicEventDispatcher.java:56)
	at javafx.base@21.0.6/com.sun.javafx.event.EventDispatchChainImpl.dispatchEvent(EventDispatchChainImpl.java:114)
	at javafx.base@21.0.6/com.sun.javafx.event.EventUtil.fireEventImpl(EventUtil.java:74)
	at javafx.base@21.0.6/com.sun.javafx.event.EventUtil.fireEvent(EventUtil.java:54)
	at javafx.base@21.0.6/javafx.event.Event.fireEvent(Event.java:198)
	at javafx.graphics@21.0.6/javafx.scene.Scene$MouseHandler.process(Scene.java:3984)
	at javafx.graphics@21.0.6/javafx.scene.Scene.processMouseEvent(Scene.java:1890)
	at javafx.graphics@21.0.6/javafx.scene.Scene$ScenePeerListener.mouseEvent(Scene.java:2708)
	at javafx.graphics@21.0.6/com.sun.javafx.tk.quantum.GlassViewEventHandler$MouseEventNotification.run(GlassViewEventHandler.java:411)
	at javafx.graphics@21.0.6/com.sun.javafx.tk.quantum.GlassViewEventHandler$MouseEventNotification.run(GlassViewEventHandler.java:301)
	at java.base/java.security.AccessController.doPrivileged(AccessController.java:138)
	at javafx.graphics@21.0.6/com.sun.javafx.tk.quantum.GlassViewEventHandler.lambda$handleMouseEvent$2(GlassViewEventHandler.java:450)
	at javafx.graphics@21.0.6/com.sun.javafx.tk.quantum.QuantumToolkit.runWithoutRenderLock(QuantumToolkit.java:424)
	at javafx.graphics@21.0.6/com.sun.javafx.tk.quantum.GlassViewEventHandler.handleMouseEvent(GlassViewEventHandler.java:449)
	at javafx.graphics@21.0.6/com.sun.glass.ui.View.handleMouseEvent(View.java:551)
	at javafx.graphics@21.0.6/com.sun.glass.ui.View.notifyMouse(View.java:937)
	at javafx.graphics@21.0.6/com.sun.glass.ui.win.WinApplication._runLoop(Native Method)
	at javafx.graphics@21.0.6/com.sun.glass.ui.win.WinApplication.lambda$runLoop$3(WinApplication.java:185)
	at java.base/java.lang.Thread.run(Thread.java:1474)
Caused by: java.lang.IllegalAccessException: class javafx.fxml.FXMLLoader$ValueElement (in module javafx.fxml) cannot access class hr.javafx.energycms.controllers.edit.EditUserController (in module hr.javafx.energycms) because module hr.javafx.energycms does not export hr.javafx.energycms.controllers.edit to module javafx.fxml
	at java.base/jdk.internal.reflect.Reflection.newIllegalAccessException(Reflection.java:400)
	at java.base/java.lang.reflect.AccessibleObject.checkAccess(AccessibleObject.java:670)
	at java.base/java.lang.reflect.Constructor.newInstanceWithCaller(Constructor.java:492)
	at java.base/java.lang.reflect.Constructor.newInstance(Constructor.java:483)
	at javafx.fxml@21.0.6/javafx.fxml.FXMLLoader$ValueElement.processAttribute(FXMLLoader.java:941)
	... 58 common frames omitted
2026-02-19 13:03:44.899 [JavaFX Application Thread] ERROR h.j.e.app.MainConsoleLauncher - Greška prilikom učitavanja edit-user.fxml
javafx.fxml.LoadException: 
/C:/Users/dinov/Desktop/Java%202025/Projekt%202/EnergyCMS/target/classes/hr/javafx/energycms/edit-user.fxml:16

	at javafx.fxml@21.0.6/javafx.fxml.FXMLLoader.constructLoadException(FXMLLoader.java:2722)
	at javafx.fxml@21.0.6/javafx.fxml.FXMLLoader$ValueElement.processAttribute(FXMLLoader.java:946)
	at javafx.fxml@21.0.6/javafx.fxml.FXMLLoader$InstanceDeclarationElement.processAttribute(FXMLLoader.java:983)
	at javafx.fxml@21.0.6/javafx.fxml.FXMLLoader$Element.processStartElement(FXMLLoader.java:230)
	at javafx.fxml@21.0.6/javafx.fxml.FXMLLoader$ValueElement.processStartElement(FXMLLoader.java:757)
	at javafx.fxml@21.0.6/javafx.fxml.FXMLLoader.processStartElement(FXMLLoader.java:2853)
	at javafx.fxml@21.0.6/javafx.fxml.FXMLLoader.loadImpl(FXMLLoader.java:2649)
	at javafx.fxml@21.0.6/javafx.fxml.FXMLLoader.loadImpl(FXMLLoader.java:2563)
	at javafx.fxml@21.0.6/javafx.fxml.FXMLLoader.load(FXMLLoader.java:2531)
	at hr.javafx.energycms/hr.javafx.energycms.controllers.MenuController.showEditUsers(MenuController.java:124)
	at java.base/jdk.internal.reflect.DirectMethodHandleAccessor.invoke(DirectMethodHandleAccessor.java:104)
	at java.base/java.lang.reflect.Method.invoke(Method.java:565)
	at com.sun.javafx.reflect.Trampoline.invoke(MethodUtil.java:72)
	at java.base/jdk.internal.reflect.DirectMethodHandleAccessor.invoke(DirectMethodHandleAccessor.java:104)
	at java.base/java.lang.reflect.Method.invoke(Method.java:565)
	at javafx.base@21.0.6/com.sun.javafx.reflect.MethodUtil.invoke(MethodUtil.java:270)
	at javafx.fxml@21.0.6/com.sun.javafx.fxml.MethodHelper.invoke(MethodHelper.java:84)
	at javafx.fxml@21.0.6/javafx.fxml.FXMLLoader$MethodHandler.invoke(FXMLLoader.java:1855)
	at javafx.fxml@21.0.6/javafx.fxml.FXMLLoader$ControllerMethodEventHandler.handle(FXMLLoader.java:1726)
	at javafx.base@21.0.6/com.sun.javafx.event.CompositeEventHandler.dispatchBubblingEvent(CompositeEventHandler.java:86)
	at javafx.base@21.0.6/com.sun.javafx.event.EventHandlerManager.dispatchBubblingEvent(EventHandlerManager.java:232)
	at javafx.base@21.0.6/com.sun.javafx.event.EventHandlerManager.dispatchBubblingEvent(EventHandlerManager.java:189)
	at javafx.base@21.0.6/com.sun.javafx.event.BasicEventDispatcher.dispatchEvent(BasicEventDispatcher.java:58)
	at javafx.base@21.0.6/com.sun.javafx.event.EventDispatchChainImpl.dispatchEvent(EventDispatchChainImpl.java:114)
	at javafx.base@21.0.6/com.sun.javafx.event.EventUtil.fireEventImpl(EventUtil.java:74)
	at javafx.base@21.0.6/com.sun.javafx.event.EventUtil.fireEvent(EventUtil.java:49)
	at javafx.base@21.0.6/javafx.event.Event.fireEvent(Event.java:198)
	at javafx.controls@21.0.6/javafx.scene.control.MenuItem.fire(MenuItem.java:459)
	at javafx.controls@21.0.6/com.sun.javafx.scene.control.ContextMenuContent$MenuItemContainer.doSelect(ContextMenuContent.java:1415)
	at javafx.controls@21.0.6/com.sun.javafx.scene.control.ContextMenuContent$MenuItemContainer.lambda$createChildren$12(ContextMenuContent.java:1368)
	at javafx.base@21.0.6/com.sun.javafx.event.CompositeEventHandler$NormalEventHandlerRecord.handleBubblingEvent(CompositeEventHandler.java:247)
	at javafx.base@21.0.6/com.sun.javafx.event.CompositeEventHandler.dispatchBubblingEvent(CompositeEventHandler.java:80)
	at javafx.base@21.0.6/com.sun.javafx.event.EventHandlerManager.dispatchBubblingEvent(EventHandlerManager.java:232)
	at javafx.base@21.0.6/com.sun.javafx.event.EventHandlerManager.dispatchBubblingEvent(EventHandlerManager.java:189)
	at javafx.base@21.0.6/com.sun.javafx.event.CompositeEventDispatcher.dispatchBubblingEvent(CompositeEventDispatcher.java:59)
	at javafx.base@21.0.6/com.sun.javafx.event.BasicEventDispatcher.dispatchEvent(BasicEventDispatcher.java:58)
	at javafx.base@21.0.6/com.sun.javafx.event.EventDispatchChainImpl.dispatchEvent(EventDispatchChainImpl.java:114)
	at javafx.base@21.0.6/com.sun.javafx.event.BasicEventDispatcher.dispatchEvent(BasicEventDispatcher.java:56)
	at javafx.base@21.0.6/com.sun.javafx.event.EventDispatchChainImpl.dispatchEvent(EventDispatchChainImpl.java:114)
	at javafx.base@21.0.6/com.sun.javafx.event.BasicEventDispatcher.dispatchEvent(BasicEventDispatcher.java:56)
	at javafx.base@21.0.6/com.sun.javafx.event.EventDispatchChainImpl.dispatchEvent(EventDispatchChainImpl.java:114)
	at javafx.base@21.0.6/com.sun.javafx.event.BasicEventDispatcher.dispatchEvent(BasicEventDispatcher.java:56)
	at javafx.base@21.0.6/com.sun.javafx.event.EventDispatchChainImpl.dispatchEvent(EventDispatchChainImpl.java:114)
	at javafx.base@21.0.6/com.sun.javafx.event.EventUtil.fireEventImpl(EventUtil.java:74)
	at javafx.base@21.0.6/com.sun.javafx.event.EventUtil.fireEvent(EventUtil.java:54)
	at javafx.base@21.0.6/javafx.event.Event.fireEvent(Event.java:198)
	at javafx.graphics@21.0.6/javafx.scene.Scene$MouseHandler.process(Scene.java:3984)
	at javafx.graphics@21.0.6/javafx.scene.Scene.processMouseEvent(Scene.java:1890)
	at javafx.graphics@21.0.6/javafx.scene.Scene$ScenePeerListener.mouseEvent(Scene.java:2708)
	at javafx.graphics@21.0.6/com.sun.javafx.tk.quantum.GlassViewEventHandler$MouseEventNotification.run(GlassViewEventHandler.java:411)
	at javafx.graphics@21.0.6/com.sun.javafx.tk.quantum.GlassViewEventHandler$MouseEventNotification.run(GlassViewEventHandler.java:301)
	at java.base/java.security.AccessController.doPrivileged(AccessController.java:138)
	at javafx.graphics@21.0.6/com.sun.javafx.tk.quantum.GlassViewEventHandler.lambda$handleMouseEvent$2(GlassViewEventHandler.java:450)
	at javafx.graphics@21.0.6/com.sun.javafx.tk.quantum.QuantumToolkit.runWithoutRenderLock(QuantumToolkit.java:424)
	at javafx.graphics@21.0.6/com.sun.javafx.tk.quantum.GlassViewEventHandler.handleMouseEvent(GlassViewEventHandler.java:449)
	at javafx.graphics@21.0.6/com.sun.glass.ui.View.handleMouseEvent(View.java:551)
	at javafx.graphics@21.0.6/com.sun.glass.ui.View.notifyMouse(View.java:937)
	at javafx.graphics@21.0.6/com.sun.glass.ui.win.WinApplication._runLoop(Native Method)
	at javafx.graphics@21.0.6/com.sun.glass.ui.win.WinApplication.lambda$runLoop$3(WinApplication.java:185)
	at java.base/java.lang.Thread.run(Thread.java:1474)
Caused by: java.lang.IllegalAccessException: class javafx.fxml.FXMLLoader$ValueElement (in module javafx.fxml) cannot access class hr.javafx.energycms.controllers.edit.EditUserController (in module hr.javafx.energycms) because module hr.javafx.energycms does not export hr.javafx.energycms.controllers.edit to module javafx.fxml
	at java.base/jdk.internal.reflect.Reflection.newIllegalAccessException(Reflection.java:400)
	at java.base/java.lang.reflect.AccessibleObject.checkAccess(AccessibleObject.java:670)
	at java.base/java.lang.reflect.Constructor.newInstanceWithCaller(Constructor.java:492)
	at java.base/java.lang.reflect.Constructor.newInstance(Constructor.java:483)
	at javafx.fxml@21.0.6/javafx.fxml.FXMLLoader$ValueElement.processAttribute(FXMLLoader.java:941)
	... 58 common frames omitted
2026-02-19 13:09:48.888 [JavaFX Application Thread] ERROR h.j.e.app.MainConsoleLauncher - Greška prilikom učitavanja edit-smart-device.fxml
javafx.fxml.LoadException: Error resolving onAction='#saveSmartDevice', either the event handler is not in the Namespace or there is an error in the script.
/C:/Users/dinov/Desktop/Java%202025/Projekt%202/EnergyCMS/target/classes/hr/javafx/energycms/edit-smart-device.fxml:92

	at javafx.fxml@21.0.6/javafx.fxml.FXMLLoader.constructLoadException(FXMLLoader.java:2718)
	at javafx.fxml@21.0.6/javafx.fxml.FXMLLoader$Element.processEventHandlerAttributes(FXMLLoader.java:623)
	at javafx.fxml@21.0.6/javafx.fxml.FXMLLoader$ValueElement.processEndElement(FXMLLoader.java:783)
	at javafx.fxml@21.0.6/javafx.fxml.FXMLLoader.processEndElement(FXMLLoader.java:2969)
	at javafx.fxml@21.0.6/javafx.fxml.FXMLLoader.loadImpl(FXMLLoader.java:2654)
	at javafx.fxml@21.0.6/javafx.fxml.FXMLLoader.loadImpl(FXMLLoader.java:2563)
	at javafx.fxml@21.0.6/javafx.fxml.FXMLLoader.load(FXMLLoader.java:2531)
	at hr.javafx.energycms/hr.javafx.energycms.controllers.MenuController.showEditSmartDevice(MenuController.java:140)
	at java.base/jdk.internal.reflect.DirectMethodHandleAccessor.invoke(DirectMethodHandleAccessor.java:104)
	at java.base/java.lang.reflect.Method.invoke(Method.java:565)
	at com.sun.javafx.reflect.Trampoline.invoke(MethodUtil.java:72)
	at java.base/jdk.internal.reflect.DirectMethodHandleAccessor.invoke(DirectMethodHandleAccessor.java:104)
	at java.base/java.lang.reflect.Method.invoke(Method.java:565)
	at javafx.base@21.0.6/com.sun.javafx.reflect.MethodUtil.invoke(MethodUtil.java:270)
	at javafx.fxml@21.0.6/com.sun.javafx.fxml.MethodHelper.invoke(MethodHelper.java:84)
	at javafx.fxml@21.0.6/javafx.fxml.FXMLLoader$MethodHandler.invoke(FXMLLoader.java:1855)
	at javafx.fxml@21.0.6/javafx.fxml.FXMLLoader$ControllerMethodEventHandler.handle(FXMLLoader.java:1726)
	at javafx.base@21.0.6/com.sun.javafx.event.CompositeEventHandler.dispatchBubblingEvent(CompositeEventHandler.java:86)
	at javafx.base@21.0.6/com.sun.javafx.event.EventHandlerManager.dispatchBubblingEvent(EventHandlerManager.java:232)
	at javafx.base@21.0.6/com.sun.javafx.event.EventHandlerManager.dispatchBubblingEvent(EventHandlerManager.java:189)
	at javafx.base@21.0.6/com.sun.javafx.event.BasicEventDispatcher.dispatchEvent(BasicEventDispatcher.java:58)
	at javafx.base@21.0.6/com.sun.javafx.event.EventDispatchChainImpl.dispatchEvent(EventDispatchChainImpl.java:114)
	at javafx.base@21.0.6/com.sun.javafx.event.EventUtil.fireEventImpl(EventUtil.java:74)
	at javafx.base@21.0.6/com.sun.javafx.event.EventUtil.fireEvent(EventUtil.java:49)
	at javafx.base@21.0.6/javafx.event.Event.fireEvent(Event.java:198)
	at javafx.controls@21.0.6/javafx.scene.control.MenuItem.fire(MenuItem.java:459)
	at javafx.controls@21.0.6/com.sun.javafx.scene.control.ContextMenuContent$MenuItemContainer.doSelect(ContextMenuContent.java:1415)
	at javafx.controls@21.0.6/com.sun.javafx.scene.control.ContextMenuContent$MenuItemContainer.lambda$createChildren$12(ContextMenuContent.java:1368)
	at javafx.base@21.0.6/com.sun.javafx.event.CompositeEventHandler$NormalEventHandlerRecord.handleBubblingEvent(CompositeEventHandler.java:247)
	at javafx.base@21.0.6/com.sun.javafx.event.CompositeEventHandler.dispatchBubblingEvent(CompositeEventHandler.java:80)
	at javafx.base@21.0.6/com.sun.javafx.event.EventHandlerManager.dispatchBubblingEvent(EventHandlerManager.java:232)
	at javafx.base@21.0.6/com.sun.javafx.event.EventHandlerManager.dispatchBubblingEvent(EventHandlerManager.java:189)
	at javafx.base@21.0.6/com.sun.javafx.event.CompositeEventDispatcher.dispatchBubblingEvent(CompositeEventDispatcher.java:59)
	at javafx.base@21.0.6/com.sun.javafx.event.BasicEventDispatcher.dispatchEvent(BasicEventDispatcher.java:58)
	at javafx.base@21.0.6/com.sun.javafx.event.EventDispatchChainImpl.dispatchEvent(EventDispatchChainImpl.java:114)
	at javafx.base@21.0.6/com.sun.javafx.event.BasicEventDispatcher.dispatchEvent(BasicEventDispatcher.java:56)
	at javafx.base@21.0.6/com.sun.javafx.event.EventDispatchChainImpl.dispatchEvent(EventDispatchChainImpl.java:114)
	at javafx.base@21.0.6/com.sun.javafx.event.BasicEventDispatcher.dispatchEvent(BasicEventDispatcher.java:56)
	at javafx.base@21.0.6/com.sun.javafx.event.EventDispatchChainImpl.dispatchEvent(EventDispatchChainImpl.java:114)
	at javafx.base@21.0.6/com.sun.javafx.event.BasicEventDispatcher.dispatchEvent(BasicEventDispatcher.java:56)
	at javafx.base@21.0.6/com.sun.javafx.event.EventDispatchChainImpl.dispatchEvent(EventDispatchChainImpl.java:114)
	at javafx.base@21.0.6/com.sun.javafx.event.EventUtil.fireEventImpl(EventUtil.java:74)
	at javafx.base@21.0.6/com.sun.javafx.event.EventUtil.fireEvent(EventUtil.java:54)
	at javafx.base@21.0.6/javafx.event.Event.fireEvent(Event.java:198)
	at javafx.graphics@21.0.6/javafx.scene.Scene$MouseHandler.process(Scene.java:3984)
	at javafx.graphics@21.0.6/javafx.scene.Scene.processMouseEvent(Scene.java:1890)
	at javafx.graphics@21.0.6/javafx.scene.Scene$ScenePeerListener.mouseEvent(Scene.java:2708)
	at javafx.graphics@21.0.6/com.sun.javafx.tk.quantum.GlassViewEventHandler$MouseEventNotification.run(GlassViewEventHandler.java:411)
	at javafx.graphics@21.0.6/com.sun.javafx.tk.quantum.GlassViewEventHandler$MouseEventNotification.run(GlassViewEventHandler.java:301)
	at java.base/java.security.AccessController.doPrivileged(AccessController.java:138)
	at javafx.graphics@21.0.6/com.sun.javafx.tk.quantum.GlassViewEventHandler.lambda$handleMouseEvent$2(GlassViewEventHandler.java:450)
	at javafx.graphics@21.0.6/com.sun.javafx.tk.quantum.QuantumToolkit.runWithoutRenderLock(QuantumToolkit.java:424)
	at javafx.graphics@21.0.6/com.sun.javafx.tk.quantum.GlassViewEventHandler.handleMouseEvent(GlassViewEventHandler.java:449)
	at javafx.graphics@21.0.6/com.sun.glass.ui.View.handleMouseEvent(View.java:551)
	at javafx.graphics@21.0.6/com.sun.glass.ui.View.notifyMouse(View.java:937)
	at javafx.graphics@21.0.6/com.sun.glass.ui.win.WinApplication._runLoop(Native Method)
	at javafx.graphics@21.0.6/com.sun.glass.ui.win.WinApplication.lambda$runLoop$3(WinApplication.java:185)
	at java.base/java.lang.Thread.run(Thread.java:1474)
2026-02-19 13:13:41.422 [JavaFX Application Thread] ERROR h.j.e.app.MainConsoleLauncher - Greška prilikom učitavanja edit-smart-device.fxml
javafx.fxml.LoadException: Error resolving onAction='#saveSmartDevice', either the event handler is not in the Namespace or there is an error in the script.
/C:/Users/dinov/Desktop/Java%202025/Projekt%202/EnergyCMS/target/classes/hr/javafx/energycms/edit-smart-device.fxml:92

	at javafx.fxml@21.0.6/javafx.fxml.FXMLLoader.constructLoadException(FXMLLoader.java:2718)
	at javafx.fxml@21.0.6/javafx.fxml.FXMLLoader$Element.processEventHandlerAttributes(FXMLLoader.java:623)
	at javafx.fxml@21.0.6/javafx.fxml.FXMLLoader$ValueElement.processEndElement(FXMLLoader.java:783)
	at javafx.fxml@21.0.6/javafx.fxml.FXMLLoader.processEndElement(FXMLLoader.java:2969)
	at javafx.fxml@21.0.6/javafx.fxml.FXMLLoader.loadImpl(FXMLLoader.java:2654)
	at javafx.fxml@21.0.6/javafx.fxml.FXMLLoader.loadImpl(FXMLLoader.java:2563)
	at javafx.fxml@21.0.6/javafx.fxml.FXMLLoader.load(FXMLLoader.java:2531)
	at hr.javafx.energycms/hr.javafx.energycms.controllers.MenuController.showEditSmartDevice(MenuController.java:140)
	at java.base/jdk.internal.reflect.DirectMethodHandleAccessor.invoke(DirectMethodHandleAccessor.java:104)
	at java.base/java.lang.reflect.Method.invoke(Method.java:565)
	at com.sun.javafx.reflect.Trampoline.invoke(MethodUtil.java:72)
	at java.base/jdk.internal.reflect.DirectMethodHandleAccessor.invoke(DirectMethodHandleAccessor.java:104)
	at java.base/java.lang.reflect.Method.invoke(Method.java:565)
	at javafx.base@21.0.6/com.sun.javafx.reflect.MethodUtil.invoke(MethodUtil.java:270)
	at javafx.fxml@21.0.6/com.sun.javafx.fxml.MethodHelper.invoke(MethodHelper.java:84)
	at javafx.fxml@21.0.6/javafx.fxml.FXMLLoader$MethodHandler.invoke(FXMLLoader.java:1855)
	at javafx.fxml@21.0.6/javafx.fxml.FXMLLoader$ControllerMethodEventHandler.handle(FXMLLoader.java:1726)
	at javafx.base@21.0.6/com.sun.javafx.event.CompositeEventHandler.dispatchBubblingEvent(CompositeEventHandler.java:86)
	at javafx.base@21.0.6/com.sun.javafx.event.EventHandlerManager.dispatchBubblingEvent(EventHandlerManager.java:232)
	at javafx.base@21.0.6/com.sun.javafx.event.EventHandlerManager.dispatchBubblingEvent(EventHandlerManager.java:189)
	at javafx.base@21.0.6/com.sun.javafx.event.BasicEventDispatcher.dispatchEvent(BasicEventDispatcher.java:58)
	at javafx.base@21.0.6/com.sun.javafx.event.EventDispatchChainImpl.dispatchEvent(EventDispatchChainImpl.java:114)
	at javafx.base@21.0.6/com.sun.javafx.event.EventUtil.fireEventImpl(EventUtil.java:74)
	at javafx.base@21.0.6/com.sun.javafx.event.EventUtil.fireEvent(EventUtil.java:49)
	at javafx.base@21.0.6/javafx.event.Event.fireEvent(Event.java:198)
	at javafx.controls@21.0.6/javafx.scene.control.MenuItem.fire(MenuItem.java:459)
	at javafx.controls@21.0.6/com.sun.javafx.scene.control.ContextMenuContent$MenuItemContainer.doSelect(ContextMenuContent.java:1415)
	at javafx.controls@21.0.6/com.sun.javafx.scene.control.ContextMenuContent$MenuItemContainer.lambda$createChildren$12(ContextMenuContent.java:1368)
	at javafx.base@21.0.6/com.sun.javafx.event.CompositeEventHandler$NormalEventHandlerRecord.handleBubblingEvent(CompositeEventHandler.java:247)
	at javafx.base@21.0.6/com.sun.javafx.event.CompositeEventHandler.dispatchBubblingEvent(CompositeEventHandler.java:80)
	at javafx.base@21.0.6/com.sun.javafx.event.EventHandlerManager.dispatchBubblingEvent(EventHandlerManager.java:232)
	at javafx.base@21.0.6/com.sun.javafx.event.EventHandlerManager.dispatchBubblingEvent(EventHandlerManager.java:189)
	at javafx.base@21.0.6/com.sun.javafx.event.CompositeEventDispatcher.dispatchBubblingEvent(CompositeEventDispatcher.java:59)
	at javafx.base@21.0.6/com.sun.javafx.event.BasicEventDispatcher.dispatchEvent(BasicEventDispatcher.java:58)
	at javafx.base@21.0.6/com.sun.javafx.event.EventDispatchChainImpl.dispatchEvent(EventDispatchChainImpl.java:114)
	at javafx.base@21.0.6/com.sun.javafx.event.BasicEventDispatcher.dispatchEvent(BasicEventDispatcher.java:56)
	at javafx.base@21.0.6/com.sun.javafx.event.EventDispatchChainImpl.dispatchEvent(EventDispatchChainImpl.java:114)
	at javafx.base@21.0.6/com.sun.javafx.event.BasicEventDispatcher.dispatchEvent(BasicEventDispatcher.java:56)
	at javafx.base@21.0.6/com.sun.javafx.event.EventDispatchChainImpl.dispatchEvent(EventDispatchChainImpl.java:114)
	at javafx.base@21.0.6/com.sun.javafx.event.BasicEventDispatcher.dispatchEvent(BasicEventDispatcher.java:56)
	at javafx.base@21.0.6/com.sun.javafx.event.EventDispatchChainImpl.dispatchEvent(EventDispatchChainImpl.java:114)
	at javafx.base@21.0.6/com.sun.javafx.event.EventUtil.fireEventImpl(EventUtil.java:74)
	at javafx.base@21.0.6/com.sun.javafx.event.EventUtil.fireEvent(EventUtil.java:54)
	at javafx.base@21.0.6/javafx.event.Event.fireEvent(Event.java:198)
	at javafx.graphics@21.0.6/javafx.scene.Scene$MouseHandler.process(Scene.java:3984)
	at javafx.graphics@21.0.6/javafx.scene.Scene.processMouseEvent(Scene.java:1890)
	at javafx.graphics@21.0.6/javafx.scene.Scene$ScenePeerListener.mouseEvent(Scene.java:2708)
	at javafx.graphics@21.0.6/com.sun.javafx.tk.quantum.GlassViewEventHandler$MouseEventNotification.run(GlassViewEventHandler.java:411)
	at javafx.graphics@21.0.6/com.sun.javafx.tk.quantum.GlassViewEventHandler$MouseEventNotification.run(GlassViewEventHandler.java:301)
	at java.base/java.security.AccessController.doPrivileged(AccessController.java:138)
	at javafx.graphics@21.0.6/com.sun.javafx.tk.quantum.GlassViewEventHandler.lambda$handleMouseEvent$2(GlassViewEventHandler.java:450)
	at javafx.graphics@21.0.6/com.sun.javafx.tk.quantum.QuantumToolkit.runWithoutRenderLock(QuantumToolkit.java:424)
	at javafx.graphics@21.0.6/com.sun.javafx.tk.quantum.GlassViewEventHandler.handleMouseEvent(GlassViewEventHandler.java:449)
	at javafx.graphics@21.0.6/com.sun.glass.ui.View.handleMouseEvent(View.java:551)
	at javafx.graphics@21.0.6/com.sun.glass.ui.View.notifyMouse(View.java:937)
	at javafx.graphics@21.0.6/com.sun.glass.ui.win.WinApplication._runLoop(Native Method)
	at javafx.graphics@21.0.6/com.sun.glass.ui.win.WinApplication.lambda$runLoop$3(WinApplication.java:185)
	at java.base/java.lang.Thread.run(Thread.java:1474)
